segment_id,road_name,time_of_day,day_of_week,weather,vehicle_density,congestion_score
7,Gangapur Road,19,4,clear,72,0.6462
19,MIDC Road,22,2,clear,35,0.2939
22,Nashik-Mumbai Road,20,1,rain,94,0.9646
21,Ambad-Phata Road,0,3,rain,16,0.1818
10,Nashik Phata Road,15,6,clear,12,0.1171
20,Industrial Road,2,4,rain,13,0.1867
28,Trimbak Road,13,1,clear,65,0.4818
15,Cidco Road,6,3,clear,44,0.3417
18,Ambad Link Road,7,3,clear,35,0.3118
29,Pathardi Road,17,1,clear,74,0.698
16,Pathardi Road,14,5,clear,41,0.351
13,Nashik Phata Road,17,6,rain,58,0.6601
13,Nashik Phata Road,8,4,rain,60,0.7279
1,MG Road,11,6,rain,13,0.177
27,Sharanpur Road,4,1,clear,13,0.178
12,Mhasrul Road,1,0,clear,9,0.1429
27,Sharanpur Road,2,0,clear,19,0.1935
26,Mhasrul Link,22,6,clear,14,0.1355
28,Trimbak Road,12,2,clear,46,0.4101
4,Old Pune Road,4,6,rain,12,0.1441
7,Gangapur Road,18,5,fog,45,0.4759
20,Industrial Road,10,1,clear,84,0.6608
25,Agra Road,19,4,fog,70,0.7668
5,Panchavati Road,0,2,clear,19,0.1473
24,Pathardi Road,8,3,clear,71,0.617
17,Dwarka-CBS Road,4,0,fog,21,0.227
23,Deolali Road,4,0,rain,6,0.1412
6,College Road,22,3,clear,38,0.2957
24,Pathardi Road,4,3,fog,15,0.2072
9,Commissioner Office Road,5,4,fog,8,0.1215
19,MIDC Road,19,6,clear,63,0.4936
8,Indira Nagar Road,0,2,clear,22,0.2202
3,CBS-Canada Road,6,3,clear,45,0.3731
2,Sharanpur Road,0,5,fog,5,0.0939
9,Commissioner Office Road,2,2,rain,7,0.1605
1,MG Road,23,3,clear,22,0.2399
30,Agra Road,2,5,fog,14,0.1423
22,Nashik-Mumbai Road,2,4,clear,5,0.0928
16,Pathardi Road,19,6,rain,63,0.6616
22,Nashik-Mumbai Road,22,5,clear,13,0.1554
8,Indira Nagar Road,1,4,clear,19,0.1575
29,Pathardi Road,15,2,clear,21,0.1908
30,Agra Road,13,4,fog,67,0.5872
17,Dwarka-CBS Road,13,4,clear,67,0.511
21,Ambad-Phata Road,22,0,clear,32,0.2903
26,Mhasrul Link,2,5,clear,12,0.1128
27,Sharanpur Road,9,1,clear,99,0.7844
16,Pathardi Road,6,4,clear,32,0.303
28,Trimbak Road,6,0,rain,49,0.5306
16,Pathardi Road,13,3,fog,54,0.498
23,Deolali Road,21,2,clear,36,0.2642
20,Industrial Road,9,5,clear,62,0.4964
12,Mhasrul Road,11,4,clear,10,0.1184
15,Cidco Road,2,6,clear,13,0.1358
30,Agra Road,18,0,clear,83,0.6807
5,Panchavati Road,20,5,rain,47,0.5501
26,Mhasrul Link,0,6,clear,13,0.1401
1,MG Road,15,4,rain,9,0.1618
12,Mhasrul Road,15,2,rain,18,0.1756
30,Agra Road,13,5,rain,33,0.3628
21,Ambad-Phata Road,6,3,clear,34,0.3197
5,Panchavati Road,3,1,clear,14,0.1551
1,MG Road,23,4,rain,30,0.3222
17,Dwarka-CBS Road,19,3,clear,97,0.7684
5,Panchavati Road,11,2,rain,12,0.1827
13,Nashik Phata Road,11,6,clear,14,0.1238
26,Mhasrul Link,7,4,rain,31,0.3834
26,Mhasrul Link,20,1,rain,93,0.954
29,Pathardi Road,3,1,clear,7,0.1318
18,Ambad Link Road,16,6,clear,5,0.0925
23,Deolali Road,2,0,clear,21,0.1985
22,Nashik-Mumbai Road,12,2,clear,43,0.3893
12,Mhasrul Road,8,6,fog,58,0.5762
15,Cidco Road,15,4,clear,16,0.1621
4,Old Pune Road,20,6,rain,50,0.5796
23,Deolali Road,10,2,clear,71,0.6645
17,Dwarka-CBS Road,5,6,clear,7,0.1051
26,Mhasrul Link,1,4,clear,10,0.1432
1,MG Road,21,3,clear,21,0.2467
6,College Road,18,4,clear,91,0.7159
30,Agra Road,2,4,clear,24,0.163
9,Commissioner Office Road,6,0,rain,54,0.5207
24,Pathardi Road,0,5,clear,10,0.1243
15,Cidco Road,20,5,fog,64,0.5834
15,Cidco Road,8,0,rain,90,1.0
3,CBS-Canada Road,15,6,clear,10,0.099
6,College Road,11,3,clear,8,0.1149
18,Ambad Link Road,4,0,clear,21,0.1699
13,Nashik Phata Road,15,4,clear,7,0.1528
5,Panchavati Road,14,0,clear,63,0.5071
5,Panchavati Road,22,0,rain,32,0.3531
21,Ambad-Phata Road,21,2,rain,27,0.2734
1,MG Road,20,6,fog,52,0.5442
3,CBS-Canada Road,20,6,rain,48,0.5748
14,Satpur Road,8,5,clear,46,0.4166
8,Indira Nagar Road,1,3,clear,11,0.144
22,Nashik-Mumbai Road,2,2,clear,5,0.1149
30,Agra Road,16,6,clear,12,0.1334
11,Trimbak Road,18,6,clear,63,0.4952
30,Agra Road,14,2,clear,41,0.3785
24,Pathardi Road,14,3,clear,49,0.4633
4,Old Pune Road,9,0,clear,79,0.6916
21,Ambad-Phata Road,1,4,clear,15,0.1247
25,Agra Road,22,6,clear,16,0.159
8,Indira Nagar Road,3,0,fog,7,0.1601
29,Pathardi Road,18,2,rain,82,0.8977
21,Ambad-Phata Road,5,0,clear,16,0.1424
14,Satpur Road,12,2,clear,64,0.4976
24,Pathardi Road,10,6,clear,49,0.4294
17,Dwarka-CBS Road,2,4,fog,19,0.1944
26,Mhasrul Link,22,5,clear,17,0.1372
19,MIDC Road,6,2,fog,43,0.4169
18,Ambad Link Road,5,2,clear,9,0.1201
17,Dwarka-CBS Road,6,5,clear,26,0.2145
25,Agra Road,3,1,rain,17,0.2124
22,Nashik-Mumbai Road,1,6,rain,13,0.1523
5,Panchavati Road,5,3,rain,6,0.1302
6,College Road,4,0,clear,10,0.1272
30,Agra Road,10,5,clear,58,0.4625
3,CBS-Canada Road,18,6,clear,57,0.4486
28,Trimbak Road,10,3,clear,89,0.7009
25,Agra Road,1,6,clear,14,0.1219
26,Mhasrul Link,21,3,clear,15,0.1998
1,MG Road,13,5,clear,32,0.2834
3,CBS-Canada Road,0,5,clear,9,0.1105
2,Sharanpur Road,12,1,clear,44,0.354
15,Cidco Road,23,5,clear,20,0.1972
18,Ambad Link Road,13,4,rain,48,0.5241
1,MG Road,7,5,clear,24,0.2446
28,Trimbak Road,2,4,clear,23,0.1979
4,Old Pune Road,12,1,clear,47,0.4209
19,MIDC Road,5,0,rain,19,0.2177
15,Cidco Road,22,1,clear,22,0.2142
6,College Road,5,2,rain,12,0.1713
15,Cidco Road,0,3,rain,8,0.1906
29,Pathardi Road,4,2,rain,8,0.1709
27,Sharanpur Road,9,0,clear,72,0.6291
24,Pathardi Road,19,6,rain,44,0.5379
13,Nashik Phata Road,1,2,rain,23,0.2595
27,Sharanpur Road,4,3,clear,14,0.1314
23,Deolali Road,14,1,fog,51,0.5178
18,Ambad Link Road,0,6,rain,9,0.1477
4,Old Pune Road,4,4,rain,14,0.1975
9,Commissioner Office Road,21,2,rain,22,0.3234
1,MG Road,13,4,fog,53,0.5178
1,MG Road,21,6,clear,18,0.1441
9,Commissioner Office Road,9,3,rain,85,0.9085
25,Agra Road,10,5,clear,50,0.4481
11,Trimbak Road,11,2,clear,11,0.102
1,MG Road,16,4,clear,22,0.1761
20,Industrial Road,8,0,clear,81,0.6753
17,Dwarka-CBS Road,6,0,clear,52,0.4114
30,Agra Road,16,4,clear,20,0.1581
14,Satpur Road,18,6,clear,59,0.4781
19,MIDC Road,3,0,clear,11,0.1345
19,MIDC Road,13,1,clear,62,0.5224
7,Gangapur Road,7,0,clear,32,0.3047
29,Pathardi Road,7,5,clear,22,0.2103
15,Cidco Road,7,1,rain,53,0.5677
11,Trimbak Road,15,3,fog,18,0.2063
7,Gangapur Road,9,6,rain,52,0.5349
4,Old Pune Road,17,1,fog,69,0.7393
2,Sharanpur Road,2,6,clear,15,0.1321
30,Agra Road,8,1,fog,94,0.9295
24,Pathardi Road,16,1,clear,18,0.1516
18,Ambad Link Road,18,0,clear,66,0.6267
22,Nashik-Mumbai Road,21,2,clear,27,0.2599
6,College Road,17,4,rain,98,1.0
26,Mhasrul Link,11,6,clear,6,0.0859
13,Nashik Phata Road,20,6,clear,52,0.4382
26,Mhasrul Link,13,1,clear,50,0.3892
19,MIDC Road,20,2,clear,99,0.8043
24,Pathardi Road,21,5,rain,9,0.156
19,MIDC Road,2,3,clear,17,0.1581
2,Sharanpur Road,20,0,clear,81,0.7011
8,Indira Nagar Road,9,0,clear,62,0.5396
19,MIDC Road,5,1,clear,9,0.1346
29,Pathardi Road,16,1,rain,21,0.2207
24,Pathardi Road,18,6,rain,56,0.6357
8,Indira Nagar Road,17,0,rain,90,0.9495
10,Nashik Phata Road,15,6,fog,7,0.1087
9,Commissioner Office Road,18,1,clear,93,0.7673
7,Gangapur Road,2,1,clear,11,0.1256
3,CBS-Canada Road,11,3,clear,7,0.1179
23,Deolali Road,22,3,clear,38,0.3094
25,Agra Road,12,1,clear,52,0.428
23,Deolali Road,2,1,fog,17,0.213
3,CBS-Canada Road,6,5,clear,29,0.2402
25,Agra Road,15,3,fog,14,0.1483
20,Industrial Road,4,0,clear,7,0.1077
18,Ambad Link Road,3,1,clear,20,0.185
9,Commissioner Office Road,14,0,clear,43,0.4025
29,Pathardi Road,4,2,clear,11,0.1725
11,Trimbak Road,12,1,clear,59,0.439
29,Pathardi Road,21,4,rain,28,0.2943
26,Mhasrul Link,8,0,fog,65,0.7538
23,Deolali Road,16,0,fog,21,0.1925
18,Ambad Link Road,17,5,fog,43,0.4835
24,Pathardi Road,14,0,clear,53,0.4565
24,Pathardi Road,2,2,clear,13,0.1477
10,Nashik Phata Road,8,6,rain,41,0.5133
28,Trimbak Road,14,5,clear,28,0.2482
5,Panchavati Road,15,4,fog,17,0.2043
30,Agra Road,18,1,clear,98,0.7948
1,MG Road,5,2,fog,5,0.0936
13,Nashik Phata Road,10,4,rain,95,1.0
7,Gangapur Road,4,2,fog,23,0.2134
11,Trimbak Road,20,5,fog,53,0.568
29,Pathardi Road,11,6,clear,11,0.1425
17,Dwarka-CBS Road,7,6,clear,34,0.2582
19,MIDC Road,6,1,clear,31,0.3041
30,Agra Road,4,4,rain,24,0.2389
27,Sharanpur Road,16,3,clear,14,0.1275
24,Pathardi Road,17,1,fog,93,0.897
20,Industrial Road,11,6,clear,3,0.0757
19,MIDC Road,10,1,clear,93,0.7425
17,Dwarka-CBS Road,2,4,fog,19,0.2227
20,Industrial Road,1,6,rain,9,0.1483
12,Mhasrul Road,23,3,rain,29,0.3324
6,College Road,18,0,clear,65,0.6237
2,Sharanpur Road,2,0,rain,16,0.2046
27,Sharanpur Road,7,3,clear,46,0.3345
27,Sharanpur Road,13,1,rain,42,0.5253
24,Pathardi Road,2,3,rain,18,0.2252
20,Industrial Road,3,0,clear,6,0.1154
13,Nashik Phata Road,16,4,clear,22,0.1908
11,Trimbak Road,12,0,fog,45,0.5144
19,MIDC Road,23,0,clear,39,0.2764
22,Nashik-Mumbai Road,21,3,rain,24,0.334
1,MG Road,1,0,clear,17,0.1656
26,Mhasrul Link,21,6,clear,13,0.1494
15,Cidco Road,1,1,clear,21,0.179
27,Sharanpur Road,5,0,fog,11,0.1521
12,Mhasrul Road,7,1,rain,49,0.5142
7,Gangapur Road,10,3,clear,65,0.6273
3,CBS-Canada Road,8,3,rain,70,0.8642
12,Mhasrul Road,12,0,fog,65,0.5732
13,Nashik Phata Road,7,4,rain,52,0.4788
6,College Road,17,2,clear,96,0.7671
28,Trimbak Road,9,2,rain,88,0.9251
7,Gangapur Road,11,0,fog,24,0.2448
30,Agra Road,19,3,clear,96,0.7471
2,Sharanpur Road,3,1,clear,8,0.1096
19,MIDC Road,21,4,clear,27,0.2596
1,MG Road,2,1,rain,20,0.2388
14,Satpur Road,13,1,clear,44,0.3735
22,Nashik-Mumbai Road,14,5,clear,41,0.3041
17,Dwarka-CBS Road,1,2,rain,5,0.1307
13,Nashik Phata Road,22,6,clear,15,0.1295
10,Nashik Phata Road,9,3,rain,60,0.7771
12,Mhasrul Road,0,0,clear,24,0.1966
15,Cidco Road,4,3,clear,21,0.1865
15,Cidco Road,14,5,clear,44,0.3424
9,Commissioner Office Road,4,3,clear,5,0.0944
21,Ambad-Phata Road,4,0,clear,18,0.17
18,Ambad Link Road,23,2,clear,16,0.212
7,Gangapur Road,23,6,clear,24,0.181
30,Agra Road,12,3,rain,49,0.5567
21,Ambad-Phata Road,0,6,rain,6,0.1083
2,Sharanpur Road,0,6,fog,9,0.1259
17,Dwarka-CBS Road,7,6,clear,26,0.2333
4,Old Pune Road,0,0,clear,20,0.1973
9,Commissioner Office Road,1,1,rain,13,0.2268
13,Nashik Phata Road,8,4,clear,70,0.6517
14,Satpur Road,3,5,clear,3,0.1004
19,MIDC Road,12,2,clear,69,0.4894
15,Cidco Road,0,3,rain,19,0.225
25,Agra Road,0,0,clear,7,0.0881
3,CBS-Canada Road,7,5,rain,20,0.2552
26,Mhasrul Link,7,1,clear,50,0.3882
5,Panchavati Road,1,4,clear,8,0.1405
6,College Road,13,1,rain,50,0.5138
23,Deolali Road,15,6,clear,12,0.1365
15,Cidco Road,3,4,clear,23,0.1763
16,Pathardi Road,20,3,rain,93,1.0
16,Pathardi Road,9,3,rain,61,0.7578
25,Agra Road,10,6,rain,44,0.5303
24,Pathardi Road,16,1,clear,8,0.1002
22,Nashik-Mumbai Road,0,3,clear,14,0.1121
22,Nashik-Mumbai Road,21,4,fog,23,0.2839
24,Pathardi Road,9,0,clear,96,0.7447
4,Old Pune Road,6,1,rain,48,0.5102
18,Ambad Link Road,4,6,clear,10,0.105
17,Dwarka-CBS Road,21,4,rain,21,0.2695
14,Satpur Road,12,4,clear,64,0.4967
21,Ambad-Phata Road,17,2,clear,75,0.6858
19,MIDC Road,3,1,clear,11,0.1348
5,Panchavati Road,0,3,clear,12,0.129
7,Gangapur Road,3,4,clear,6,0.0989
21,Ambad-Phata Road,7,5,clear,20,0.196
3,CBS-Canada Road,21,5,clear,16,0.1658
2,Sharanpur Road,22,5,clear,23,0.2152
13,Nashik Phata Road,14,0,clear,49,0.3981
16,Pathardi Road,11,0,clear,12,0.1732
13,Nashik Phata Road,22,3,fog,36,0.3764
12,Mhasrul Road,0,0,rain,24,0.237
7,Gangapur Road,0,4,rain,10,0.1287
4,Old Pune Road,0,6,clear,3,0.0698
25,Agra Road,8,0,clear,82,0.7336
6,College Road,2,5,clear,5,0.0868
17,Dwarka-CBS Road,9,5,rain,61,0.6439
14,Satpur Road,5,2,rain,24,0.2579
3,CBS-Canada Road,1,2,rain,22,0.2648
10,Nashik Phata Road,1,0,clear,5,0.1241
14,Satpur Road,15,5,rain,15,0.1637
25,Agra Road,12,4,clear,60,0.4281
4,Old Pune Road,12,3,rain,67,0.6534
18,Ambad Link Road,5,4,clear,6,0.1024
19,MIDC Road,4,2,clear,6,0.1267
24,Pathardi Road,14,0,clear,48,0.3795
30,Agra Road,13,2,clear,55,0.4262
7,Gangapur Road,7,0,clear,49,0.3774
6,College Road,6,1,clear,49,0.3895
3,CBS-Canada Road,6,2,clear,43,0.3371
5,Panchavati Road,22,1,clear,35,0.2512
10,Nashik Phata Road,22,1,clear,19,0.1736
18,Ambad Link Road,12,4,clear,44,0.4228
3,CBS-Canada Road,16,3,rain,24,0.2231
30,Agra Road,3,1,clear,22,0.1795
20,Industrial Road,5,1,rain,17,0.1719
24,Pathardi Road,8,0,rain,88,0.9483
28,Trimbak Road,7,4,rain,52,0.5591
8,Indira Nagar Road,16,6,fog,11,0.1353
1,MG Road,22,4,clear,22,0.2178
13,Nashik Phata Road,18,2,clear,69,0.638
14,Satpur Road,3,2,fog,23,0.2132
11,Trimbak Road,4,4,rain,12,0.1437
16,Pathardi Road,16,6,rain,7,0.1177
18,Ambad Link Road,2,0,clear,8,0.1403
26,Mhasrul Link,22,5,fog,15,0.1762
8,Indira Nagar Road,1,5,clear,13,0.1394
11,Trimbak Road,9,6,clear,50,0.41
27,Sharanpur Road,13,3,clear,57,0.468
21,Ambad-Phata Road,11,2,fog,7,0.1338
7,Gangapur Road,16,3,fog,22,0.2086
30,Agra Road,7,5,rain,23,0.2451
22,Nashik-Mumbai Road,21,2,clear,27,0.2139
15,Cidco Road,19,2,fog,79,0.8361
13,Nashik Phata Road,21,2,rain,15,0.2345
19,MIDC Road,22,4,clear,26,0.2573
15,Cidco Road,7,1,clear,37,0.3308
1,MG Road,3,2,clear,14,0.1466
21,Ambad-Phata Road,13,6,rain,26,0.3357
20,Industrial Road,3,5,rain,10,0.1304
2,Sharanpur Road,20,0,rain,80,0.8797
24,Pathardi Road,18,4,clear,68,0.6734
3,CBS-Canada Road,4,5,clear,7,0.0677
14,Satpur Road,3,3,rain,24,0.2658
29,Pathardi Road,13,2,clear,55,0.4445
24,Pathardi Road,23,1,clear,33,0.2792
17,Dwarka-CBS Road,13,2,clear,52,0.4723
21,Ambad-Phata Road,3,2,clear,8,0.1221
1,MG Road,17,6,clear,59,0.5138
28,Trimbak Road,21,4,clear,20,0.2315
27,Sharanpur Road,14,5,fog,43,0.3861
16,Pathardi Road,4,0,clear,14,0.121
17,Dwarka-CBS Road,21,4,rain,27,0.3083
3,CBS-Canada Road,13,1,fog,68,0.5983
21,Ambad-Phata Road,9,4,rain,85,0.9011
18,Ambad Link Road,2,0,rain,8,0.15
28,Trimbak Road,11,3,clear,24,0.2238
30,Agra Road,23,3,clear,36,0.2635
28,Trimbak Road,13,1,clear,61,0.4893
6,College Road,11,0,clear,15,0.16
25,Agra Road,20,3,clear,91,0.7513
18,Ambad Link Road,23,2,fog,29,0.3073
26,Mhasrul Link,11,5,rain,14,0.1638
5,Panchavati Road,23,0,clear,39,0.337
29,Pathardi Road,8,0,clear,63,0.5722
22,Nashik-Mumbai Road,22,0,clear,16,0.1933
7,Gangapur Road,21,0,clear,20,0.2203
10,Nashik Phata Road,20,4,fog,66,0.7327
19,MIDC Road,6,5,clear,28,0.2555
10,Nashik Phata Road,2,2,rain,11,0.1925
4,Old Pune Road,13,3,clear,63,0.4731
20,Industrial Road,13,2,fog,47,0.5325
2,Sharanpur Road,23,5,clear,16,0.1602
6,College Road,6,3,clear,47,0.3535
11,Trimbak Road,23,3,clear,38,0.3014
5,Panchavati Road,20,6,rain,51,0.611
10,Nashik Phata Road,19,5,rain,46,0.555
27,Sharanpur Road,17,2,fog,97,0.9007
8,Indira Nagar Road,4,3,rain,9,0.1635
22,Nashik-Mumbai Road,18,0,rain,80,0.968
21,Ambad-Phata Road,20,5,rain,44,0.5954
27,Sharanpur Road,22,2,rain,17,0.2687
2,Sharanpur Road,4,2,clear,13,0.1592
19,MIDC Road,11,0,clear,19,0.169
24,Pathardi Road,1,5,rain,13,0.1788
30,Agra Road,0,4,clear,6,0.1067
26,Mhasrul Link,10,0,clear,81,0.7115
30,Agra Road,14,2,rain,59,0.6151
3,CBS-Canada Road,7,3,rain,35,0.4364
8,Indira Nagar Road,22,6,clear,11,0.1417
6,College Road,14,6,clear,41,0.3207
14,Satpur Road,3,3,clear,13,0.1643
18,Ambad Link Road,18,0,fog,91,0.869
24,Pathardi Road,13,5,clear,39,0.3057
30,Agra Road,13,2,clear,64,0.4615
6,College Road,22,5,fog,21,0.2396
19,MIDC Road,8,3,clear,66,0.6235
28,Trimbak Road,22,0,clear,29,0.2372
21,Ambad-Phata Road,3,0,clear,5,0.099
11,Trimbak Road,20,2,clear,78,0.6779
4,Old Pune Road,7,1,rain,43,0.4866
23,Deolali Road,15,4,rain,20,0.2095
14,Satpur Road,17,4,clear,69,0.6117
12,Mhasrul Road,0,4,clear,13,0.1684
24,Pathardi Road,0,4,rain,12,0.1669
15,Cidco Road,14,0,clear,59,0.4691
19,MIDC Road,5,3,rain,23,0.2338
28,Trimbak Road,3,5,rain,4,0.1287
2,Sharanpur Road,22,0,clear,37,0.3053
18,Ambad Link Road,16,4,clear,12,0.1308
25,Agra Road,12,0,rain,53,0.5783
24,Pathardi Road,16,4,clear,21,0.1507
11,Trimbak Road,19,3,clear,85,0.6966
10,Nashik Phata Road,10,5,fog,44,0.4794
17,Dwarka-CBS Road,23,4,clear,21,0.1961
11,Trimbak Road,13,2,clear,53,0.4167
19,MIDC Road,11,4,rain,16,0.2012
26,Mhasrul Link,6,3,rain,37,0.4378
30,Agra Road,12,6,clear,35,0.2918
4,Old Pune Road,0,6,rain,5,0.0931
20,Industrial Road,16,0,clear,23,0.208
29,Pathardi Road,8,1,clear,70,0.637
19,MIDC Road,21,0,rain,17,0.248
2,Sharanpur Road,5,2,clear,12,0.1624
12,Mhasrul Road,2,2,clear,17,0.181
30,Agra Road,16,6,clear,6,0.1104
18,Ambad Link Road,3,2,clear,13,0.1537
28,Trimbak Road,11,1,clear,7,0.1523
23,Deolali Road,7,2,clear,54,0.3791
24,Pathardi Road,6,1,clear,34,0.3041
1,MG Road,0,6,clear,9,0.1169
11,Trimbak Road,14,6,rain,32,0.3649
5,Panchavati Road,7,1,rain,53,0.5665
4,Old Pune Road,16,4,fog,7,0.1495
27,Sharanpur Road,13,5,fog,42,0.3448
27,Sharanpur Road,14,4,clear,44,0.4104
28,Trimbak Road,4,2,fog,8,0.1643
29,Pathardi Road,12,2,fog,59,0.5471
22,Nashik-Mumbai Road,3,4,clear,21,0.1665
21,Ambad-Phata Road,22,2,clear,16,0.1708
17,Dwarka-CBS Road,20,5,rain,55,0.6394
19,MIDC Road,0,3,clear,7,0.1226
4,Old Pune Road,18,4,fog,82,0.8486
26,Mhasrul Link,18,4,rain,72,0.8293
4,Old Pune Road,21,2,clear,35,0.2761
15,Cidco Road,11,5,clear,9,0.0859
24,Pathardi Road,19,0,fog,76,0.8643
26,Mhasrul Link,15,3,clear,10,0.1294
6,College Road,10,0,clear,82,0.6766
25,Agra Road,18,1,rain,78,0.9035
15,Cidco Road,14,3,rain,42,0.4738
20,Industrial Road,12,0,rain,40,0.5084
6,College Road,2,2,clear,19,0.1987
16,Pathardi Road,17,5,rain,43,0.5298
30,Agra Road,20,3,rain,88,0.9947
30,Agra Road,14,2,fog,47,0.499
30,Agra Road,6,2,rain,54,0.5281
13,Nashik Phata Road,7,4,rain,38,0.4792
2,Sharanpur Road,7,6,clear,27,0.2377
6,College Road,10,2,clear,73,0.6875
2,Sharanpur Road,12,4,clear,45,0.3721
23,Deolali Road,1,1,clear,10,0.0954
13,Nashik Phata Road,23,6,clear,10,0.1431
14,Satpur Road,23,5,clear,23,0.1861
1,MG Road,16,0,clear,17,0.1605
25,Agra Road,21,6,fog,24,0.2345
4,Old Pune Road,7,5,clear,30,0.2513
20,Industrial Road,20,6,clear,44,0.4103
18,Ambad Link Road,11,6,clear,3,0.0788
11,Trimbak Road,8,3,clear,90,0.7124
18,Ambad Link Road,21,5,fog,24,0.2113
5,Panchavati Road,11,0,clear,15,0.1479
9,Commissioner Office Road,1,3,clear,22,0.1969
17,Dwarka-CBS Road,5,3,rain,21,0.242
1,MG Road,23,6,clear,24,0.2091
5,Panchavati Road,0,3,clear,8,0.1205
21,Ambad-Phata Road,19,2,rain,81,0.9383
28,Trimbak Road,8,2,clear,77,0.6844
9,Commissioner Office Road,6,0,clear,34,0.3537
16,Pathardi Road,8,0,fog,81,0.7934
13,Nashik Phata Road,12,1,clear,47,0.4326
28,Trimbak Road,5,3,clear,12,0.1443
21,Ambad-Phata Road,10,2,rain,69,0.8163
10,Nashik Phata Road,13,4,clear,63,0.513
14,Satpur Road,9,2,clear,97,0.7584
24,Pathardi Road,10,0,fog,85,0.8355
28,Trimbak Road,15,6,clear,10,0.0795
27,Sharanpur Road,14,5,clear,28,0.2292
21,Ambad-Phata Road,0,6,clear,15,0.1405
16,Pathardi Road,10,4,rain,66,0.8586
11,Trimbak Road,7,0,rain,53,0.5261
4,Old Pune Road,7,2,rain,31,0.4065
28,Trimbak Road,22,3,clear,22,0.2513
20,Industrial Road,17,2,fog,92,0.8973
26,Mhasrul Link,11,6,clear,9,0.0919
13,Nashik Phata Road,20,3,clear,92,0.772
15,Cidco Road,19,5,clear,61,0.4748
17,Dwarka-CBS Road,17,4,clear,75,0.6339
6,College Road,1,6,clear,11,0.0958
22,Nashik-Mumbai Road,17,5,clear,50,0.4398
6,College Road,7,3,fog,41,0.4596
13,Nashik Phata Road,17,2,clear,70,0.6269
28,Trimbak Road,15,2,fog,16,0.1712
19,MIDC Road,22,6,clear,20,0.1721
19,MIDC Road,1,0,fog,20,0.2389
13,Nashik Phata Road,9,5,rain,57,0.6244
27,Sharanpur Road,19,1,rain,86,0.9856
4,Old Pune Road,4,3,fog,14,0.1637
10,Nashik Phata Road,7,1,clear,45,0.3439
25,Agra Road,2,3,rain,14,0.1926
23,Deolali Road,1,2,clear,11,0.1271
21,Ambad-Phata Road,2,2,fog,18,0.2249
29,Pathardi Road,19,4,clear,68,0.6829
26,Mhasrul Link,12,3,clear,49,0.4522
5,Panchavati Road,0,0,clear,17,0.1509
11,Trimbak Road,23,2,clear,26,0.2377
28,Trimbak Road,6,6,fog,24,0.2685
23,Deolali Road,9,3,clear,88,0.6837
16,Pathardi Road,6,5,clear,35,0.2567
3,CBS-Canada Road,4,0,clear,12,0.137
29,Pathardi Road,23,1,rain,16,0.27
24,Pathardi Road,19,6,fog,61,0.5731
25,Agra Road,21,5,clear,15,0.1339
21,Ambad-Phata Road,19,2,fog,86,0.899
6,College Road,18,6,rain,44,0.5634
30,Agra Road,4,0,clear,23,0.1734
27,Sharanpur Road,14,5,clear,35,0.2949
21,Ambad-Phata Road,7,0,clear,52,0.4131
27,Sharanpur Road,1,6,clear,13,0.1116
25,Agra Road,16,3,fog,19,0.2226
6,College Road,16,0,rain,23,0.2611
24,Pathardi Road,1,6,rain,6,0.1356
7,Gangapur Road,16,1,rain,13,0.1693
20,Industrial Road,20,2,clear,76,0.6832
1,MG Road,16,2,clear,8,0.1452
18,Ambad Link Road,16,2,rain,7,0.1355
14,Satpur Road,1,4,clear,23,0.1999
8,Indira Nagar Road,18,4,clear,91,0.7217
16,Pathardi Road,2,2,clear,15,0.1506
4,Old Pune Road,11,6,clear,14,0.1081
14,Satpur Road,23,6,clear,19,0.1895
20,Industrial Road,15,3,clear,16,0.1424
27,Sharanpur Road,11,0,fog,9,0.1516
22,Nashik-Mumbai Road,23,2,clear,32,0.2734
5,Panchavati Road,1,5,clear,5,0.1134
7,Gangapur Road,14,6,clear,37,0.3153
20,Industrial Road,23,1,fog,23,0.2628
29,Pathardi Road,9,0,clear,64,0.6393
18,Ambad Link Road,19,0,clear,76,0.65
2,Sharanpur Road,2,1,clear,14,0.1393
23,Deolali Road,6,2,clear,35,0.2976
20,Industrial Road,11,2,rain,19,0.2309
22,Nashik-Mumbai Road,2,5,clear,9,0.1146
6,College Road,8,2,clear,61,0.6375
26,Mhasrul Link,9,4,fog,81,0.8206
24,Pathardi Road,21,3,rain,39,0.3752
13,Nashik Phata Road,3,6,clear,5,0.0843
9,Commissioner Office Road,12,5,clear,29,0.2604
18,Ambad Link Road,21,1,clear,35,0.2912
15,Cidco Road,3,4,clear,23,0.1998
25,Agra Road,8,1,rain,99,1.0
15,Cidco Road,19,6,clear,63,0.4735
16,Pathardi Road,1,2,clear,7,0.1139
16,Pathardi Road,17,5,fog,48,0.522
4,Old Pune Road,12,5,clear,29,0.2848
14,Satpur Road,7,2,rain,46,0.5257
25,Agra Road,6,0,fog,30,0.3877
24,Pathardi Road,20,1,rain,79,0.8916
22,Nashik-Mumbai Road,10,1,clear,63,0.6002
11,Trimbak Road,21,3,clear,15,0.1947
18,Ambad Link Road,0,5,clear,13,0.1397
28,Trimbak Road,20,1,fog,84,0.8564
1,MG Road,3,3,clear,14,0.1446
26,Mhasrul Link,19,0,rain,96,1.0
14,Satpur Road,9,0,clear,98,0.7282
29,Pathardi Road,8,5,clear,61,0.4722
5,Panchavati Road,9,6,rain,53,0.5773
22,Nashik-Mumbai Road,8,4,clear,82,0.6712
15,Cidco Road,15,6,clear,7,0.1072
12,Mhasrul Road,17,5,clear,63,0.4862
10,Nashik Phata Road,18,5,clear,63,0.5032
14,Satpur Road,6,6,clear,31,0.2605
24,Pathardi Road,7,2,clear,44,0.3962
3,CBS-Canada Road,9,6,rain,57,0.6037
22,Nashik-Mumbai Road,0,1,clear,19,0.1648
29,Pathardi Road,6,1,clear,42,0.3694
7,Gangapur Road,16,6,clear,13,0.1452
27,Sharanpur Road,2,6,fog,9,0.1138
25,Agra Road,21,3,rain,38,0.4159
16,Pathardi Road,8,2,clear,66,0.5928
2,Sharanpur Road,8,4,clear,70,0.5947
8,Indira Nagar Road,17,2,clear,66,0.6181
12,Mhasrul Road,14,0,rain,54,0.5642
13,Nashik Phata Road,17,1,clear,79,0.6913
10,Nashik Phata Road,2,2,clear,18,0.1425
30,Agra Road,3,2,clear,15,0.1709
27,Sharanpur Road,10,1,rain,68,0.7946
29,Pathardi Road,23,6,clear,11,0.1468
5,Panchavati Road,15,4,clear,24,0.1915
12,Mhasrul Road,6,3,clear,35,0.3573
23,Deolali Road,2,4,rain,8,0.1732
30,Agra Road,9,3,clear,72,0.6482
8,Indira Nagar Road,7,4,clear,41,0.3748
16,Pathardi Road,16,1,rain,16,0.198
30,Agra Road,16,5,rain,12,0.1667
29,Pathardi Road,0,5,clear,11,0.1149
22,Nashik-Mumbai Road,9,6,rain,48,0.5822
6,College Road,23,3,rain,34,0.3501
1,MG Road,4,6,clear,4,0.0978
14,Satpur Road,17,5,clear,60,0.4892
18,Ambad Link Road,1,2,rain,10,0.1724
11,Trimbak Road,9,2,fog,94,0.8748
13,Nashik Phata Road,16,2,clear,23,0.1634
28,Trimbak Road,15,4,clear,10,0.1364
17,Dwarka-CBS Road,3,6,rain,9,0.1401
5,Panchavati Road,20,4,clear,89,0.7098
19,MIDC Road,10,1,rain,84,0.9025
24,Pathardi Road,10,5,clear,56,0.4417
19,MIDC Road,20,3,clear,84,0.7415
11,Trimbak Road,17,2,rain,82,0.9192
12,Mhasrul Road,4,6,rain,8,0.1167
1,MG Road,6,3,clear,37,0.3413
15,Cidco Road,16,4,fog,22,0.2106
23,Deolali Road,10,6,rain,51,0.5996
24,Pathardi Road,12,4,clear,56,0.4626
26,Mhasrul Link,10,3,clear,81,0.672
26,Mhasrul Link,16,3,fog,20,0.2188
16,Pathardi Road,12,2,fog,55,0.5387
9,Commissioner Office Road,2,2,clear,14,0.1623
25,Agra Road,7,6,rain,27,0.2767
23,Deolali Road,11,0,rain,14,0.1909
11,Trimbak Road,1,1,clear,6,0.0914
24,Pathardi Road,9,3,clear,79,0.7166
8,Indira Nagar Road,7,3,clear,37,0.3239
29,Pathardi Road,23,3,rain,31,0.3247
4,Old Pune Road,4,1,rain,22,0.2503
24,Pathardi Road,22,5,clear,24,0.2057
30,Agra Road,4,5,rain,11,0.1142
28,Trimbak Road,22,0,clear,24,0.2196
24,Pathardi Road,1,0,clear,20,0.2037
17,Dwarka-CBS Road,14,1,clear,62,0.5226
9,Commissioner Office Road,7,3,clear,50,0.4028
12,Mhasrul Road,11,5,rain,7,0.1242
16,Pathardi Road,22,6,clear,25,0.2205
13,Nashik Phata Road,16,0,clear,23,0.1999
14,Satpur Road,21,3,fog,22,0.2615
6,College Road,5,3,clear,7,0.0933
2,Sharanpur Road,15,5,rain,6,0.1309
25,Agra Road,5,5,clear,9,0.0836
17,Dwarka-CBS Road,4,5,fog,8,0.1108
20,Industrial Road,6,6,clear,27,0.2442
17,Dwarka-CBS Road,19,3,rain,97,1.0
24,Pathardi Road,7,1,fog,52,0.4455
26,Mhasrul Link,14,2,clear,44,0.4105
16,Pathardi Road,22,1,rain,31,0.3729
18,Ambad Link Road,13,5,clear,32,0.2492
23,Deolali Road,16,2,rain,13,0.197
21,Ambad-Phata Road,22,3,clear,39,0.3128
1,MG Road,11,2,rain,20,0.1925
1,MG Road,12,5,fog,30,0.2921
1,MG Road,10,1,clear,70,0.6424
1,MG Road,20,4,rain,70,0.8401
13,Nashik Phata Road,18,5,clear,64,0.4877
21,Ambad-Phata Road,18,1,rain,83,0.9587
6,College Road,18,5,clear,44,0.4259
4,Old Pune Road,12,3,rain,56,0.6204
14,Satpur Road,18,1,clear,92,0.7219
8,Indira Nagar Road,0,6,fog,13,0.1267
27,Sharanpur Road,8,6,clear,46,0.3925
13,Nashik Phata Road,1,2,clear,14,0.172
8,Indira Nagar Road,9,2,fog,64,0.7063
17,Dwarka-CBS Road,14,2,clear,60,0.469
23,Deolali Road,17,3,rain,68,0.8417
1,MG Road,21,0,rain,17,0.2454
17,Dwarka-CBS Road,19,5,clear,63,0.49
26,Mhasrul Link,13,3,rain,64,0.6053
5,Panchavati Road,5,0,clear,16,0.1756
18,Ambad Link Road,20,3,fog,87,0.8741
10,Nashik Phata Road,19,0,clear,75,0.6713
13,Nashik Phata Road,20,6,clear,60,0.4918
2,Sharanpur Road,0,3,rain,15,0.1787
26,Mhasrul Link,12,2,rain,68,0.6507
30,Agra Road,8,6,fog,52,0.4865
20,Industrial Road,11,0,clear,12,0.1624
25,Agra Road,9,5,fog,48,0.5108
13,Nashik Phata Road,15,5,rain,13,0.1409
6,College Road,16,5,fog,4,0.0814
29,Pathardi Road,14,5,rain,33,0.3586
3,CBS-Canada Road,5,4,fog,21,0.2132
15,Cidco Road,4,1,clear,10,0.1439
4,Old Pune Road,16,0,rain,17,0.1831
15,Cidco Road,18,6,fog,64,0.5662
4,Old Pune Road,2,1,rain,12,0.1672
7,Gangapur Road,10,1,clear,91,0.7436
14,Satpur Road,4,6,clear,5,0.0666
16,Pathardi Road,3,4,clear,17,0.1511
8,Indira Nagar Road,23,6,rain,14,0.2024
7,Gangapur Road,23,3,fog,24,0.2512
30,Agra Road,9,5,clear,41,0.3942
2,Sharanpur Road,10,5,clear,41,0.389
29,Pathardi Road,13,3,clear,62,0.477
15,Cidco Road,7,1,clear,34,0.3261
24,Pathardi Road,2,1,clear,21,0.1801
17,Dwarka-CBS Road,8,2,clear,81,0.699
1,MG Road,19,5,rain,48,0.579
9,Commissioner Office Road,11,6,clear,14,0.1435
23,Deolali Road,9,2,fog,64,0.7027
30,Agra Road,1,4,clear,19,0.2019
25,Agra Road,13,1,clear,48,0.3767
16,Pathardi Road,1,1,clear,15,0.189
7,Gangapur Road,22,0,clear,16,0.2054
22,Nashik-Mumbai Road,10,0,clear,94,0.7092
6,College Road,11,2,clear,20,0.1776
4,Old Pune Road,6,5,clear,28,0.2528
15,Cidco Road,22,5,clear,16,0.1408
29,Pathardi Road,16,3,rain,9,0.1258
22,Nashik-Mumbai Road,14,3,clear,62,0.4777
13,Nashik Phata Road,19,3,rain,93,0.9807
14,Satpur Road,19,2,clear,85,0.7494
20,Industrial Road,19,0,clear,66,0.6321
5,Panchavati Road,21,3,clear,33,0.2626
30,Agra Road,21,4,clear,34,0.2792
7,Gangapur Road,18,2,rain,79,0.956
4,Old Pune Road,17,1,clear,87,0.7337
26,Mhasrul Link,3,4,fog,17,0.1933
7,Gangapur Road,3,2,clear,7,0.14
19,MIDC Road,20,1,clear,74,0.6519
17,Dwarka-CBS Road,15,5,clear,9,0.0838
21,Ambad-Phata Road,3,6,clear,14,0.1229
11,Trimbak Road,0,6,clear,9,0.1182
4,Old Pune Road,11,2,clear,12,0.1505
3,CBS-Canada Road,11,2,rain,21,0.2677
2,Sharanpur Road,21,5,clear,25,0.1881
10,Nashik Phata Road,7,0,rain,38,0.4414
22,Nashik-Mumbai Road,15,4,rain,24,0.2419
16,Pathardi Road,1,1,clear,16,0.1519
9,Commissioner Office Road,9,0,clear,79,0.6832
19,MIDC Road,3,5,clear,11,0.1292
5,Panchavati Road,19,4,clear,85,0.6644
18,Ambad Link Road,23,5,rain,16,0.2108
13,Nashik Phata Road,3,5,clear,13,0.1407
1,MG Road,12,3,rain,45,0.4934
27,Sharanpur Road,15,2,fog,12,0.1443
14,Satpur Road,5,3,clear,17,0.1572
14,Satpur Road,14,3,fog,61,0.5977
13,Nashik Phata Road,19,6,rain,50,0.5331
3,CBS-Canada Road,16,3,clear,12,0.1715
5,Panchavati Road,8,4,clear,84,0.6932
5,Panchavati Road,7,6,clear,26,0.2019
15,Cidco Road,21,2,clear,30,0.279
1,MG Road,20,6,clear,42,0.4189
29,Pathardi Road,15,2,clear,7,0.1058
20,Industrial Road,12,3,rain,43,0.5401
27,Sharanpur Road,12,2,clear,67,0.5072
15,Cidco Road,20,4,rain,83,0.9175
26,Mhasrul Link,15,2,clear,15,0.1608
24,Pathardi Road,18,6,fog,51,0.5135
26,Mhasrul Link,9,2,fog,93,0.8825
14,Satpur Road,19,5,rain,59,0.6725
27,Sharanpur Road,19,5,fog,46,0.503
25,Agra Road,11,1,rain,16,0.217
14,Satpur Road,20,0,fog,68,0.7633
14,Satpur Road,10,3,fog,82,0.8291
11,Trimbak Road,14,0,clear,61,0.4528
14,Satpur Road,13,2,rain,56,0.5524
20,Industrial Road,12,6,clear,41,0.3109
15,Cidco Road,20,5,rain,56,0.6229
17,Dwarka-CBS Road,17,0,clear,74,0.6501
18,Ambad Link Road,5,2,clear,5,0.107
4,Old Pune Road,16,3,clear,8,0.1301
9,Commissioner Office Road,2,4,clear,8,0.1039
27,Sharanpur Road,13,0,clear,67,0.5256
27,Sharanpur Road,3,4,clear,20,0.1697
9,Commissioner Office Road,3,5,clear,9,0.1339
4,Old Pune Road,17,1,clear,71,0.6556
26,Mhasrul Link,22,1,clear,20,0.2312
19,MIDC Road,4,1,clear,9,0.1306
10,Nashik Phata Road,4,3,fog,11,0.157
23,Deolali Road,0,2,clear,19,0.1531
12,Mhasrul Road,21,1,clear,25,0.2462
26,Mhasrul Link,0,3,clear,15,0.1708
17,Dwarka-CBS Road,1,4,clear,6,0.1325
25,Agra Road,22,0,clear,30,0.2536
28,Trimbak Road,18,6,clear,55,0.4477
10,Nashik Phata Road,20,2,clear,79,0.6724
3,CBS-Canada Road,18,1,clear,79,0.6891
6,College Road,12,4,clear,47,0.3854
15,Cidco Road,3,2,clear,17,0.1669
3,CBS-Canada Road,15,0,clear,17,0.1714
7,Gangapur Road,5,1,clear,21,0.1644
11,Trimbak Road,15,5,clear,13,0.0996
17,Dwarka-CBS Road,13,5,clear,41,0.3149
5,Panchavati Road,10,0,clear,72,0.5997
27,Sharanpur Road,18,2,rain,73,0.8483
1,MG Road,3,5,fog,13,0.1595
16,Pathardi Road,23,6,clear,17,0.1346
18,Ambad Link Road,14,1,rain,62,0.6002
12,Mhasrul Road,14,4,clear,64,0.5142
7,Gangapur Road,20,1,fog,88,0.8542
23,Deolali Road,21,6,clear,21,0.1901
28,Trimbak Road,0,2,clear,24,0.1863
26,Mhasrul Link,2,1,rain,12,0.1762
23,Deolali Road,21,5,clear,19,0.2034
8,Indira Nagar Road,11,6,fog,7,0.0967
6,College Road,22,2,rain,25,0.3189
13,Nashik Phata Road,10,1,clear,92,0.7249
27,Sharanpur Road,12,3,clear,58,0.4672
7,Gangapur Road,17,3,rain,91,1.0
21,Ambad-Phata Road,7,4,clear,52,0.4113
28,Trimbak Road,16,3,clear,22,0.2039
29,Pathardi Road,5,5,clear,11,0.0891
21,Ambad-Phata Road,2,0,clear,22,0.1871
24,Pathardi Road,12,2,fog,43,0.4523
30,Agra Road,10,1,fog,93,0.8993
25,Agra Road,15,5,fog,3,0.0679
16,Pathardi Road,11,6,clear,11,0.1142
9,Commissioner Office Road,15,2,clear,14,0.1708
18,Ambad Link Road,23,3,clear,29,0.2672
13,Nashik Phata Road,8,1,fog,75,0.7648
5,Panchavati Road,22,4,clear,32,0.2958
4,Old Pune Road,9,4,rain,90,0.932
14,Satpur Road,8,5,clear,61,0.4707
4,Old Pune Road,23,4,rain,24,0.2954
7,Gangapur Road,1,5,clear,7,0.1153
23,Deolali Road,13,1,rain,62,0.594
20,Industrial Road,11,6,clear,3,0.0862
28,Trimbak Road,9,6,clear,61,0.4817
5,Panchavati Road,18,5,clear,53,0.4741
24,Pathardi Road,8,3,rain,94,1.0
6,College Road,3,6,clear,13,0.1151
8,Indira Nagar Road,18,1,clear,83,0.7224
13,Nashik Phata Road,6,2,rain,33,0.3971
23,Deolali Road,5,4,clear,21,0.1745
19,MIDC Road,1,3,rain,10,0.1405
16,Pathardi Road,20,5,rain,61,0.6903
16,Pathardi Road,21,2,rain,27,0.3389
24,Pathardi Road,21,3,rain,17,0.2184
27,Sharanpur Road,0,2,clear,11,0.1163
11,Trimbak Road,9,4,rain,95,0.9879
17,Dwarka-CBS Road,2,4,fog,7,0.1249
20,Industrial Road,13,6,rain,44,0.4501
24,Pathardi Road,19,6,rain,50,0.5484
27,Sharanpur Road,14,1,rain,47,0.5653
13,Nashik Phata Road,8,1,rain,91,0.9984
20,Industrial Road,16,4,fog,19,0.1868
2,Sharanpur Road,17,5,clear,61,0.4679
14,Satpur Road,7,2,clear,46,0.3892
30,Agra Road,19,4,clear,86,0.7142
26,Mhasrul Link,16,2,clear,6,0.1376
30,Agra Road,5,0,fog,9,0.1116
19,MIDC Road,8,4,clear,64,0.6086
11,Trimbak Road,3,5,rain,3,0.0674
14,Satpur Road,0,1,rain,5,0.1363
29,Pathardi Road,17,2,clear,96,0.766
23,Deolali Road,3,3,fog,20,0.2073
24,Pathardi Road,23,0,clear,32,0.2768
11,Trimbak Road,6,4,clear,44,0.3872
30,Agra Road,1,1,clear,11,0.1608
8,Indira Nagar Road,5,5,rain,5,0.1397
11,Trimbak Road,20,1,clear,76,0.6874
6,College Road,19,2,clear,65,0.6384
15,Cidco Road,6,2,clear,54,0.3942
30,Agra Road,21,2,fog,33,0.2914
30,Agra Road,15,1,clear,21,0.1842
15,Cidco Road,13,5,rain,40,0.3752
3,CBS-Canada Road,17,4,clear,85,0.697
19,MIDC Road,0,2,rain,20,0.2294
8,Indira Nagar Road,15,3,rain,14,0.1668
27,Sharanpur Road,22,6,clear,13,0.165
13,Nashik Phata Road,3,5,clear,7,0.11
18,Ambad Link Road,16,4,rain,13,0.1745
21,Ambad-Phata Road,5,2,clear,17,0.1755
13,Nashik Phata Road,6,6,fog,19,0.1988
27,Sharanpur Road,4,4,clear,5,0.1163
16,Pathardi Road,13,4,clear,54,0.4577
1,MG Road,8,0,fog,62,0.743
11,Trimbak Road,6,0,clear,43,0.3901
10,Nashik Phata Road,6,1,clear,33,0.3046
1,MG Road,9,2,clear,71,0.6514
15,Cidco Road,16,5,clear,3,0.0783
13,Nashik Phata Road,14,0,rain,61,0.6035
11,Trimbak Road,9,0,rain,97,0.9764
14,Satpur Road,23,0,clear,19,0.2151
28,Trimbak Road,23,0,clear,31,0.2735
8,Indira Nagar Road,10,4,clear,88,0.7165
18,Ambad Link Road,9,3,fog,77,0.7812
29,Pathardi Road,3,1,clear,19,0.1638
15,Cidco Road,14,3,clear,58,0.4399
26,Mhasrul Link,13,3,rain,60,0.6229
19,MIDC Road,16,3,rain,21,0.2358
17,Dwarka-CBS Road,22,1,clear,34,0.2908
14,Satpur Road,13,3,rain,68,0.6872
25,Agra Road,9,5,rain,43,0.53
16,Pathardi Road,19,6,rain,58,0.6011
26,Mhasrul Link,12,3,clear,59,0.4632
2,Sharanpur Road,13,3,clear,51,0.4568
14,Satpur Road,23,5,clear,22,0.1554
2,Sharanpur Road,9,0,clear,72,0.6674
28,Trimbak Road,1,3,fog,18,0.211
2,Sharanpur Road,3,5,clear,3,0.09
13,Nashik Phata Road,3,5,clear,15,0.1455
19,MIDC Road,7,6,clear,31,0.2667
11,Trimbak Road,4,6,rain,9,0.1422
5,Panchavati Road,22,4,clear,29,0.2297
26,Mhasrul Link,20,4,rain,72,0.9265
23,Deolali Road,13,6,rain,33,0.3367
2,Sharanpur Road,8,1,rain,76,0.9179
1,MG Road,11,6,rain,11,0.1608
25,Agra Road,3,1,rain,6,0.1355
6,College Road,7,4,rain,54,0.547
8,Indira Nagar Road,10,3,clear,69,0.6353
4,Old Pune Road,9,3,clear,80,0.6782
30,Agra Road,6,3,fog,36,0.3848
6,College Road,21,4,clear,26,0.2289
6,College Road,16,2,rain,23,0.2496
24,Pathardi Road,5,4,clear,11,0.1329
24,Pathardi Road,19,3,clear,91,0.7413
10,Nashik Phata Road,9,1,clear,82,0.6292
30,Agra Road,22,4,rain,21,0.295
18,Ambad Link Road,14,0,clear,59,0.468
22,Nashik-Mumbai Road,17,5,clear,46,0.3973
10,Nashik Phata Road,22,3,fog,16,0.2644
15,Cidco Road,12,0,clear,58,0.4615
26,Mhasrul Link,22,2,clear,15,0.1718
25,Agra Road,7,1,fog,34,0.3332
19,MIDC Road,2,1,clear,16,0.1859
18,Ambad Link Road,12,4,rain,41,0.4685
26,Mhasrul Link,23,3,clear,22,0.2452
15,Cidco Road,4,4,rain,14,0.1899
14,Satpur Road,17,6,clear,46,0.4403
15,Cidco Road,15,3,rain,5,0.1323
29,Pathardi Road,4,6,clear,13,0.1169
7,Gangapur Road,7,4,clear,45,0.3847
8,Indira Nagar Road,15,6,clear,10,0.1262
16,Pathardi Road,0,3,clear,9,0.1369
24,Pathardi Road,2,4,fog,6,0.163
16,Pathardi Road,13,2,fog,43,0.4606
9,Commissioner Office Road,7,4,fog,39,0.3604
15,Cidco Road,4,4,clear,23,0.2033
18,Ambad Link Road,15,3,fog,16,0.1799
9,Commissioner Office Road,20,1,rain,98,1.0
9,Commissioner Office Road,12,1,rain,49,0.5737
2,Sharanpur Road,9,0,clear,85,0.6935
24,Pathardi Road,2,5,fog,7,0.0904
23,Deolali Road,21,3,rain,23,0.2847
17,Dwarka-CBS Road,23,6,rain,18,0.2354
19,MIDC Road,10,1,fog,85,0.8518
15,Cidco Road,3,5,clear,5,0.1039
18,Ambad Link Road,17,6,clear,49,0.4319
12,Mhasrul Road,22,5,clear,18,0.1658
21,Ambad-Phata Road,14,0,clear,52,0.4489
14,Satpur Road,3,3,rain,23,0.2306
12,Mhasrul Road,20,3,clear,66,0.6429
10,Nashik Phata Road,8,4,clear,69,0.6009
19,MIDC Road,20,0,rain,78,0.8576
9,Commissioner Office Road,16,4,clear,24,0.1956
19,MIDC Road,3,1,clear,18,0.1758
11,Trimbak Road,16,3,clear,14,0.1713
7,Gangapur Road,20,3,fog,87,0.8264
25,Agra Road,4,4,clear,10,0.1645
1,MG Road,0,4,clear,7,0.0871
13,Nashik Phata Road,5,4,clear,24,0.2005
24,Pathardi Road,22,6,clear,22,0.2085
17,Dwarka-CBS Road,1,2,fog,11,0.1659
27,Sharanpur Road,19,0,clear,66,0.6356
17,Dwarka-CBS Road,4,6,fog,7,0.1067
13,Nashik Phata Road,3,5,clear,10,0.0967
4,Old Pune Road,18,5,clear,53,0.4502
24,Pathardi Road,10,2,clear,60,0.5709
15,Cidco Road,23,3,rain,36,0.3777
20,Industrial Road,0,4,clear,5,0.0829
30,Agra Road,6,3,clear,45,0.3968
18,Ambad Link Road,6,0,clear,41,0.3694
2,Sharanpur Road,6,3,clear,35,0.3153
9,Commissioner Office Road,13,6,clear,37,0.2857
4,Old Pune Road,6,3,clear,41,0.3166
23,Deolali Road,15,3,clear,8,0.1167
7,Gangapur Road,11,1,clear,22,0.1824
7,Gangapur Road,17,1,clear,94,0.7797
7,Gangapur Road,8,6,rain,63,0.6328
6,College Road,12,1,clear,41,0.3802
18,Ambad Link Road,4,1,clear,7,0.1288
3,CBS-Canada Road,11,4,clear,11,0.1473
10,Nashik Phata Road,6,0,clear,48,0.3878
27,Sharanpur Road,12,2,clear,45,0.4515
3,CBS-Canada Road,3,0,clear,20,0.1594
12,Mhasrul Road,7,4,fog,43,0.4012
4,Old Pune Road,7,0,clear,38,0.377
2,Sharanpur Road,19,3,rain,90,0.96
3,CBS-Canada Road,2,3,clear,9,0.1591
9,Commissioner Office Road,20,4,rain,74,0.8663
16,Pathardi Road,12,2,clear,44,0.4113
21,Ambad-Phata Road,23,1,rain,16,0.2241
13,Nashik Phata Road,6,4,clear,38,0.3252
2,Sharanpur Road,17,0,clear,81,0.677
23,Deolali Road,13,5,clear,39,0.3112
17,Dwarka-CBS Road,7,4,rain,30,0.3929
7,Gangapur Road,17,5,clear,61,0.4778
15,Cidco Road,9,2,rain,77,0.8345
6,College Road,2,1,fog,17,0.1688
23,Deolali Road,20,6,rain,57,0.6212
13,Nashik Phata Road,6,1,fog,35,0.3904
21,Ambad-Phata Road,14,1,clear,58,0.4634
29,Pathardi Road,18,6,fog,43,0.5011
11,Trimbak Road,0,5,rain,3,0.129
14,Satpur Road,1,2,clear,19,0.1855
3,CBS-Canada Road,2,6,clear,3,0.0856
3,CBS-Canada Road,18,1,rain,74,0.8405
28,Trimbak Road,5,4,fog,22,0.2102
17,Dwarka-CBS Road,14,5,fog,27,0.2924
29,Pathardi Road,20,4,rain,90,0.9472
27,Sharanpur Road,15,0,clear,7,0.1515
24,Pathardi Road,15,6,clear,3,0.0996
26,Mhasrul Link,5,5,fog,7,0.1067
6,College Road,20,2,rain,85,0.955
26,Mhasrul Link,13,6,rain,44,0.4185
26,Mhasrul Link,9,4,rain,95,0.9449
22,Nashik-Mumbai Road,6,6,clear,29,0.2255
14,Satpur Road,20,0,clear,91,0.7025
19,MIDC Road,16,2,rain,12,0.199
7,Gangapur Road,9,3,clear,61,0.6198
1,MG Road,22,1,clear,39,0.2998
29,Pathardi Road,5,4,rain,22,0.2331
5,Panchavati Road,19,6,fog,54,0.5386
1,MG Road,20,3,fog,67,0.7554
22,Nashik-Mumbai Road,11,4,fog,5,0.1257
24,Pathardi Road,3,2,rain,19,0.2143
11,Trimbak Road,0,6,clear,5,0.0832
10,Nashik Phata Road,10,1,fog,82,0.8397
12,Mhasrul Road,6,0,fog,34,0.3896
7,Gangapur Road,3,3,clear,8,0.1137
28,Trimbak Road,23,2,clear,36,0.2825
16,Pathardi Road,18,0,clear,86,0.7278
5,Panchavati Road,20,3,clear,82,0.6991
22,Nashik-Mumbai Road,1,4,clear,16,0.1523
22,Nashik-Mumbai Road,20,0,fog,95,0.871
17,Dwarka-CBS Road,4,1,rain,18,0.2229
26,Mhasrul Link,6,1,clear,49,0.3611
27,Sharanpur Road,4,1,clear,16,0.145
12,Mhasrul Road,2,4,rain,14,0.2106
5,Panchavati Road,12,1,rain,40,0.5194
30,Agra Road,17,5,clear,45,0.4016
29,Pathardi Road,3,1,clear,21,0.1801
14,Satpur Road,2,2,fog,14,0.133
18,Ambad Link Road,19,1,clear,77,0.6707
28,Trimbak Road,19,4,clear,98,0.7759
13,Nashik Phata Road,8,1,clear,62,0.5546
3,CBS-Canada Road,8,1,clear,62,0.5989
13,Nashik Phata Road,6,3,clear,52,0.3673
9,Commissioner Office Road,11,6,clear,3,0.0649
5,Panchavati Road,9,3,rain,84,0.9472
6,College Road,21,6,clear,11,0.1523
21,Ambad-Phata Road,5,2,clear,21,0.1911
2,Sharanpur Road,10,6,fog,50,0.4684
14,Satpur Road,11,5,clear,14,0.1099
30,Agra Road,7,1,clear,38,0.332
19,MIDC Road,4,2,rain,12,0.21
26,Mhasrul Link,18,1,clear,97,0.7766
15,Cidco Road,15,6,clear,10,0.1054
21,Ambad-Phata Road,4,0,clear,19,0.1943
23,Deolali Road,0,2,rain,20,0.2373
16,Pathardi Road,0,0,clear,21,0.2151
10,Nashik Phata Road,23,1,clear,22,0.2047
30,Agra Road,5,5,clear,6,0.115
14,Satpur Road,21,2,clear,21,0.2262
21,Ambad-Phata Road,8,1,rain,68,0.7897
13,Nashik Phata Road,1,2,fog,7,0.1157
24,Pathardi Road,5,6,clear,13,0.126
9,Commissioner Office Road,19,3,rain,75,0.8713
1,MG Road,17,3,clear,66,0.5916
24,Pathardi Road,2,5,rain,11,0.1609
15,Cidco Road,9,0,clear,69,0.6079
19,MIDC Road,1,6,fog,14,0.1701
26,Mhasrul Link,13,0,clear,60,0.4681
9,Commissioner Office Road,5,6,clear,3,0.1003
6,College Road,22,3,clear,27,0.2595
26,Mhasrul Link,19,2,rain,76,0.8737
23,Deolali Road,4,0,fog,9,0.1102
24,Pathardi Road,0,6,rain,5,0.1234
11,Trimbak Road,22,0,clear,23,0.1865
5,Panchavati Road,20,1,clear,85,0.7121
6,College Road,19,1,clear,96,0.7354
3,CBS-Canada Road,0,0,clear,17,0.1593
25,Agra Road,18,2,clear,69,0.6373
25,Agra Road,14,5,rain,39,0.4104
8,Indira Nagar Road,21,0,clear,32,0.2882
20,Industrial Road,11,4,fog,11,0.1977
30,Agra Road,23,6,clear,14,0.1352
13,Nashik Phata Road,17,6,clear,44,0.4111
24,Pathardi Road,17,0,clear,68,0.6264
16,Pathardi Road,2,1,rain,18,0.198
21,Ambad-Phata Road,16,6,clear,13,0.1235
30,Agra Road,18,4,clear,77,0.6923
1,MG Road,6,1,clear,51,0.3865
3,CBS-Canada Road,23,4,clear,39,0.2712
21,Ambad-Phata Road,10,2,rain,89,0.9122
16,Pathardi Road,2,1,clear,16,0.1611
11,Trimbak Road,3,0,clear,10,0.144
2,Sharanpur Road,8,3,rain,97,1.0
1,MG Road,22,0,fog,27,0.2736
26,Mhasrul Link,13,1,fog,53,0.5374
27,Sharanpur Road,9,0,clear,95,0.698
13,Nashik Phata Road,21,2,clear,34,0.2656
26,Mhasrul Link,8,3,clear,67,0.6087
19,MIDC Road,20,3,clear,75,0.7055
4,Old Pune Road,22,2,clear,25,0.2435
18,Ambad Link Road,10,1,clear,79,0.6382
18,Ambad Link Road,5,6,rain,14,0.1547
27,Sharanpur Road,7,4,clear,47,0.3609
22,Nashik-Mumbai Road,9,2,fog,70,0.7577
21,Ambad-Phata Road,6,5,clear,26,0.2282
11,Trimbak Road,14,2,rain,60,0.5895
18,Ambad Link Road,22,4,fog,28,0.2743
3,CBS-Canada Road,4,4,clear,5,0.0976
17,Dwarka-CBS Road,10,6,clear,52,0.4355
12,Mhasrul Road,12,1,clear,62,0.4806
30,Agra Road,13,3,clear,53,0.4119
27,Sharanpur Road,17,4,clear,98,0.7836
22,Nashik-Mumbai Road,21,0,fog,26,0.2468
28,Trimbak Road,6,6,fog,26,0.2551
29,Pathardi Road,9,3,clear,73,0.6142
10,Nashik Phata Road,21,4,rain,18,0.2691
17,Dwarka-CBS Road,1,5,clear,12,0.1244
7,Gangapur Road,7,3,rain,36,0.4094
18,Ambad Link Road,5,3,clear,16,0.1596
28,Trimbak Road,4,2,clear,19,0.1859
16,Pathardi Road,10,2,clear,82,0.6931
10,Nashik Phata Road,18,1,clear,82,0.6627
25,Agra Road,19,5,clear,53,0.4578
27,Sharanpur Road,7,1,clear,48,0.3788
27,Sharanpur Road,14,5,clear,31,0.2744
5,Panchavati Road,8,1,rain,61,0.7593
27,Sharanpur Road,7,3,rain,31,0.4092
1,MG Road,9,1,fog,67,0.7055
15,Cidco Road,5,3,clear,17,0.1793
11,Trimbak Road,19,0,clear,96,0.7868
25,Agra Road,9,1,clear,82,0.6988
21,Ambad-Phata Road,21,3,rain,17,0.2285
24,Pathardi Road,1,5,clear,13,0.1231
17,Dwarka-CBS Road,13,5,clear,28,0.2502
15,Cidco Road,11,6,clear,12,0.1316
29,Pathardi Road,8,0,fog,88,0.8421
5,Panchavati Road,9,5,rain,46,0.5368
14,Satpur Road,7,1,rain,38,0.4349
25,Agra Road,16,0,fog,8,0.1287
7,Gangapur Road,23,0,clear,18,0.2258
3,CBS-Canada Road,12,3,rain,50,0.6011
7,Gangapur Road,21,4,fog,15,0.2362
7,Gangapur Road,11,6,clear,7,0.1303
8,Indira Nagar Road,8,0,fog,72,0.7526
24,Pathardi Road,11,0,clear,22,0.1822
8,Indira Nagar Road,14,0,rain,51,0.5621
16,Pathardi Road,13,2,clear,62,0.5093
16,Pathardi Road,10,5,rain,56,0.6201
15,Cidco Road,6,6,rain,20,0.272
23,Deolali Road,17,5,clear,52,0.4637
17,Dwarka-CBS Road,9,3,clear,86,0.6871
10,Nashik Phata Road,16,2,rain,22,0.2352
19,MIDC Road,23,5,clear,14,0.1411
28,Trimbak Road,11,6,clear,8,0.1178
25,Agra Road,6,1,rain,35,0.4577
3,CBS-Canada Road,1,5,clear,5,0.1117
30,Agra Road,19,5,rain,48,0.59
28,Trimbak Road,5,2,rain,13,0.225
22,Nashik-Mumbai Road,13,5,clear,42,0.3136
5,Panchavati Road,17,1,fog,97,0.8817
2,Sharanpur Road,17,6,clear,56,0.4671
25,Agra Road,2,2,clear,6,0.1409
30,Agra Road,16,2,clear,24,0.2202
27,Sharanpur Road,16,3,rain,14,0.2033
9,Commissioner Office Road,14,1,rain,56,0.5739
21,Ambad-Phata Road,7,2,rain,50,0.5001
6,College Road,15,1,clear,15,0.1631
12,Mhasrul Road,12,1,rain,62,0.6394
5,Panchavati Road,19,6,clear,52,0.4723
7,Gangapur Road,23,2,clear,17,0.2233
25,Agra Road,12,6,clear,28,0.2608
12,Mhasrul Road,1,6,clear,11,0.1067
25,Agra Road,10,1,clear,70,0.651
7,Gangapur Road,12,4,fog,51,0.5037
8,Indira Nagar Road,12,4,clear,69,0.4829
26,Mhasrul Link,6,0,clear,35,0.3018
2,Sharanpur Road,18,3,clear,92,0.7718
1,MG Road,0,2,clear,14,0.1402
13,Nashik Phata Road,4,3,clear,7,0.1388
27,Sharanpur Road,16,6,clear,5,0.0856
22,Nashik-Mumbai Road,1,6,rain,5,0.1137
13,Nashik Phata Road,21,4,clear,37,0.2884
24,Pathardi Road,3,0,clear,20,0.1669
29,Pathardi Road,7,2,fog,30,0.3992
10,Nashik Phata Road,17,5,clear,59,0.4775
13,Nashik Phata Road,13,2,clear,56,0.4549
14,Satpur Road,11,3,rain,15,0.2025
25,Agra Road,22,3,clear,39,0.2797
11,Trimbak Road,5,3,fog,15,0.1455
25,Agra Road,12,4,clear,45,0.4135
25,Agra Road,14,1,clear,63,0.4598
22,Nashik-Mumbai Road,2,1,rain,18,0.2151
11,Trimbak Road,11,1,rain,11,0.1505
1,MG Road,12,1,fog,63,0.5848
23,Deolali Road,8,1,clear,97,0.7375
6,College Road,2,6,clear,11,0.1442
15,Cidco Road,17,1,clear,82,0.6926
2,Sharanpur Road,7,3,clear,36,0.3006
11,Trimbak Road,0,1,clear,23,0.198
23,Deolali Road,20,3,clear,86,0.7268
30,Agra Road,0,5,fog,9,0.092
13,Nashik Phata Road,15,4,clear,6,0.1232
17,Dwarka-CBS Road,10,2,clear,88,0.7004
7,Gangapur Road,9,3,rain,62,0.7638
14,Satpur Road,11,6,clear,9,0.1202
24,Pathardi Road,9,1,clear,98,0.7076
22,Nashik-Mumbai Road,1,5,rain,8,0.1068
28,Trimbak Road,7,4,clear,38,0.3199
10,Nashik Phata Road,10,6,clear,50,0.4238
16,Pathardi Road,4,0,fog,11,0.1675
17,Dwarka-CBS Road,21,5,clear,9,0.1342
28,Trimbak Road,17,2,fog,88,0.8464
13,Nashik Phata Road,12,1,fog,63,0.5859
19,MIDC Road,8,3,rain,98,1.0
21,Ambad-Phata Road,8,3,rain,94,0.9647
22,Nashik-Mumbai Road,8,6,clear,53,0.4447
6,College Road,22,1,fog,31,0.3166
5,Panchavati Road,1,0,clear,18,0.1747
8,Indira Nagar Road,3,4,fog,20,0.1884
8,Indira Nagar Road,5,1,clear,22,0.1715
1,MG Road,6,4,clear,33,0.2979
23,Deolali Road,8,1,rain,92,0.993
22,Nashik-Mumbai Road,19,0,clear,69,0.63
23,Deolali Road,15,4,clear,21,0.1719
28,Trimbak Road,9,2,clear,90,0.7652
8,Indira Nagar Road,20,4,clear,69,0.5927
11,Trimbak Road,19,0,clear,65,0.6281
25,Agra Road,2,0,rain,16,0.2278
30,Agra Road,21,5,clear,10,0.1141
1,MG Road,20,1,clear,72,0.6801
19,MIDC Road,14,5,rain,39,0.4019
18,Ambad Link Road,17,1,rain,94,1.0
10,Nashik Phata Road,22,3,clear,20,0.1838
16,Pathardi Road,6,0,rain,48,0.4611
11,Trimbak Road,15,5,fog,9,0.1034
22,Nashik-Mumbai Road,18,6,clear,56,0.4653
2,Sharanpur Road,15,0,fog,7,0.1444
22,Nashik-Mumbai Road,1,2,clear,6,0.1026
26,Mhasrul Link,4,0,clear,14,0.1425
10,Nashik Phata Road,14,2,fog,51,0.4834
2,Sharanpur Road,10,4,clear,88,0.7353
2,Sharanpur Road,16,5,clear,7,0.0786
30,Agra Road,18,3,rain,67,0.7988
17,Dwarka-CBS Road,3,0,rain,13,0.1799
5,Panchavati Road,10,3,clear,70,0.6565
12,Mhasrul Road,7,5,clear,26,0.2259
20,Industrial Road,19,3,rain,77,0.9133
9,Commissioner Office Road,12,1,clear,52,0.4188
24,Pathardi Road,18,0,clear,92,0.765
22,Nashik-Mumbai Road,12,1,clear,53,0.4262
1,MG Road,16,5,clear,12,0.1231
11,Trimbak Road,7,3,clear,41,0.3782
27,Sharanpur Road,20,0,rain,97,1.0
18,Ambad Link Road,22,5,fog,17,0.1924
20,Industrial Road,9,5,clear,45,0.3855
20,Industrial Road,21,0,rain,36,0.3953
14,Satpur Road,8,1,clear,64,0.5966
16,Pathardi Road,21,4,fog,29,0.2999
22,Nashik-Mumbai Road,13,3,clear,48,0.4252
7,Gangapur Road,14,0,clear,66,0.486
19,MIDC Road,23,4,clear,29,0.2226
20,Industrial Road,4,2,clear,13,0.1229
23,Deolali Road,20,0,fog,91,0.8837
6,College Road,3,0,clear,23,0.2064
13,Nashik Phata Road,14,2,rain,43,0.495
9,Commissioner Office Road,9,3,clear,70,0.6418
12,Mhasrul Road,15,4,fog,16,0.1885
9,Commissioner Office Road,17,5,clear,64,0.4872
1,MG Road,16,0,clear,9,0.1504
23,Deolali Road,8,5,clear,48,0.4191
1,MG Road,15,6,clear,10,0.1169
15,Cidco Road,22,6,clear,10,0.1483
23,Deolali Road,16,3,clear,18,0.1538
1,MG Road,3,6,rain,13,0.134
20,Industrial Road,14,4,clear,67,0.4827
11,Trimbak Road,21,6,clear,14,0.1689
17,Dwarka-CBS Road,11,1,clear,22,0.1807
6,College Road,7,3,clear,41,0.3614
15,Cidco Road,6,1,rain,39,0.4719
30,Agra Road,4,6,clear,9,0.1014
24,Pathardi Road,11,3,clear,11,0.1473
13,Nashik Phata Road,7,3,rain,48,0.4965
16,Pathardi Road,21,0,clear,32,0.2712
26,Mhasrul Link,7,5,clear,33,0.2737
25,Agra Road,12,0,fog,48,0.4924
1,MG Road,20,6,clear,62,0.504
6,College Road,12,4,rain,59,0.6159
21,Ambad-Phata Road,21,1,clear,28,0.2397
6,College Road,19,0,clear,98,0.7616
29,Pathardi Road,22,2,rain,35,0.3807
28,Trimbak Road,23,4,clear,26,0.2495
26,Mhasrul Link,18,1,fog,82,0.8106
17,Dwarka-CBS Road,3,3,clear,8,0.1351
15,Cidco Road,1,0,clear,10,0.1392
25,Agra Road,17,5,rain,43,0.5211
19,MIDC Road,14,5,fog,40,0.3946
6,College Road,13,0,fog,69,0.6034
19,MIDC Road,19,1,fog,98,0.8819
8,Indira Nagar Road,5,5,rain,9,0.1011
7,Gangapur Road,14,0,fog,52,0.4822
22,Nashik-Mumbai Road,23,4,fog,18,0.2323
11,Trimbak Road,15,0,clear,14,0.144
28,Trimbak Road,2,5,fog,12,0.1634
16,Pathardi Road,6,3,clear,34,0.3039
15,Cidco Road,0,3,fog,5,0.1605
11,Trimbak Road,9,2,clear,95,0.8004
21,Ambad-Phata Road,12,0,clear,45,0.4158
22,Nashik-Mumbai Road,23,6,clear,18,0.1564
15,Cidco Road,4,1,fog,6,0.0921
10,Nashik Phata Road,17,0,clear,77,0.7024
6,College Road,12,2,fog,44,0.4539
17,Dwarka-CBS Road,15,0,fog,5,0.1414
6,College Road,0,0,rain,14,0.1964
28,Trimbak Road,10,4,fog,68,0.7036
4,Old Pune Road,16,0,clear,24,0.1977
18,Ambad Link Road,3,0,clear,18,0.18
11,Trimbak Road,22,3,clear,36,0.2692
24,Pathardi Road,23,0,clear,31,0.2609
15,Cidco Road,18,2,rain,95,0.988
9,Commissioner Office Road,12,2,clear,53,0.4798
4,Old Pune Road,19,6,fog,48,0.5256
22,Nashik-Mumbai Road,22,6,clear,16,0.1524
22,Nashik-Mumbai Road,20,2,rain,91,0.9504
4,Old Pune Road,15,4,clear,8,0.1136
26,Mhasrul Link,21,6,fog,24,0.2295
11,Trimbak Road,4,1,clear,10,0.1382
11,Trimbak Road,15,2,rain,16,0.1897
13,Nashik Phata Road,16,6,clear,15,0.1379
19,MIDC Road,12,5,clear,37,0.316
18,Ambad Link Road,10,6,clear,48,0.3914
7,Gangapur Road,15,5,clear,11,0.0894
19,MIDC Road,16,2,clear,15,0.1245
12,Mhasrul Road,22,5,clear,12,0.1439
3,CBS-Canada Road,23,6,clear,13,0.1417
12,Mhasrul Road,0,4,clear,24,0.1873
29,Pathardi Road,16,3,clear,12,0.1239
28,Trimbak Road,20,3,clear,68,0.6521
10,Nashik Phata Road,14,1,rain,57,0.5698
26,Mhasrul Link,11,0,fog,9,0.137
4,Old Pune Road,3,0,clear,5,0.1148
21,Ambad-Phata Road,8,6,clear,62,0.4677
9,Commissioner Office Road,2,5,rain,8,0.1042
3,CBS-Canada Road,0,3,clear,23,0.2256
17,Dwarka-CBS Road,13,3,clear,52,0.4713
19,MIDC Road,5,6,clear,5,0.0978
25,Agra Road,15,5,rain,15,0.149
13,Nashik Phata Road,2,2,clear,6,0.1014
13,Nashik Phata Road,12,0,fog,63,0.6087
28,Trimbak Road,6,6,clear,33,0.2825
24,Pathardi Road,20,6,clear,59,0.4933
4,Old Pune Road,1,4,clear,9,0.1245
1,MG Road,3,6,clear,3,0.1059
21,Ambad-Phata Road,12,6,fog,42,0.4017
20,Industrial Road,9,3,rain,68,0.7776
9,Commissioner Office Road,9,2,fog,73,0.8007
18,Ambad Link Road,23,0,rain,21,0.2641
25,Agra Road,14,5,clear,39,0.3119
10,Nashik Phata Road,4,0,clear,5,0.0992
10,Nashik Phata Road,8,1,fog,76,0.7925
30,Agra Road,19,2,clear,82,0.7032
8,Indira Nagar Road,16,6,clear,3,0.0675
26,Mhasrul Link,23,5,rain,13,0.1911
12,Mhasrul Road,10,0,rain,81,0.8893
24,Pathardi Road,13,0,rain,69,0.6807
11,Trimbak Road,15,2,rain,20,0.2323
9,Commissioner Office Road,8,2,clear,67,0.6133
1,MG Road,0,3,clear,9,0.1556
18,Ambad Link Road,0,2,rain,12,0.1806
5,Panchavati Road,22,2,clear,35,0.2942
29,Pathardi Road,6,6,rain,22,0.2931
21,Ambad-Phata Road,15,0,rain,20,0.216
17,Dwarka-CBS Road,4,2,clear,12,0.1273
3,CBS-Canada Road,2,0,clear,22,0.1643
18,Ambad Link Road,17,4,rain,81,0.9506
5,Panchavati Road,13,2,clear,69,0.4724
27,Sharanpur Road,21,1,clear,30,0.2344
5,Panchavati Road,21,0,clear,18,0.2122
24,Pathardi Road,17,4,fog,77,0.8494
12,Mhasrul Road,3,4,rain,13,0.1685
24,Pathardi Road,4,4,clear,13,0.1286
21,Ambad-Phata Road,1,1,fog,19,0.1955
15,Cidco Road,13,2,fog,43,0.4841
29,Pathardi Road,4,4,clear,12,0.1583
3,CBS-Canada Road,14,2,clear,46,0.3798
28,Trimbak Road,5,0,clear,23,0.2085
1,MG Road,8,2,clear,85,0.7136
13,Nashik Phata Road,0,4,rain,18,0.2392
19,MIDC Road,14,5,rain,37,0.3534
13,Nashik Phata Road,13,6,clear,39,0.2906
23,Deolali Road,5,1,clear,17,0.1438
1,MG Road,7,5,clear,20,0.1722
11,Trimbak Road,16,6,clear,7,0.1143
9,Commissioner Office Road,1,6,rain,14,0.1462
16,Pathardi Road,11,4,clear,23,0.1947
25,Agra Road,19,3,clear,65,0.5963
4,Old Pune Road,8,6,clear,59,0.4797
25,Agra Road,17,5,clear,52,0.4317
23,Deolali Road,10,3,fog,66,0.727
23,Deolali Road,18,0,rain,87,0.976
1,MG Road,15,4,clear,14,0.1601
3,CBS-Canada Road,12,4,fog,45,0.4669
28,Trimbak Road,14,6,clear,37,0.3124
21,Ambad-Phata Road,0,2,clear,5,0.1151
20,Industrial Road,8,2,clear,65,0.5707
30,Agra Road,0,6,clear,8,0.097
5,Panchavati Road,4,6,rain,14,0.1317
25,Agra Road,6,0,rain,47,0.4794
5,Panchavati Road,1,0,rain,15,0.1929
17,Dwarka-CBS Road,1,6,rain,4,0.1341
29,Pathardi Road,11,0,clear,20,0.1627
4,Old Pune Road,21,5,clear,18,0.1729
30,Agra Road,16,5,fog,4,0.0712
2,Sharanpur Road,23,6,rain,21,0.2205
13,Nashik Phata Road,3,0,clear,13,0.1541
19,MIDC Road,10,4,clear,72,0.6694
23,Deolali Road,15,1,clear,16,0.1498
12,Mhasrul Road,9,1,clear,68,0.6036
11,Trimbak Road,6,0,clear,46,0.3773
18,Ambad Link Road,15,3,clear,24,0.2049
26,Mhasrul Link,16,3,clear,17,0.1608
11,Trimbak Road,17,6,clear,59,0.4887
22,Nashik-Mumbai Road,2,3,fog,10,0.1395
20,Industrial Road,2,1,clear,23,0.1981
12,Mhasrul Road,0,2,clear,20,0.1826
15,Cidco Road,15,2,rain,15,0.1762
1,MG Road,16,0,rain,17,0.1864
1,MG Road,6,3,fog,51,0.4634
4,Old Pune Road,2,0,clear,19,0.1386
4,Old Pune Road,4,6,clear,12,0.0966
13,Nashik Phata Road,5,6,clear,13,0.148
17,Dwarka-CBS Road,16,0,fog,17,0.2065
23,Deolali Road,18,4,clear,83,0.6806
24,Pathardi Road,5,2,rain,20,0.252
30,Agra Road,10,1,rain,95,0.9541
4,Old Pune Road,11,4,clear,23,0.229
19,MIDC Road,20,5,clear,46,0.427
21,Ambad-Phata Road,8,1,clear,64,0.5922
8,Indira Nagar Road,19,1,clear,93,0.7623
29,Pathardi Road,8,5,clear,46,0.4176
2,Sharanpur Road,1,2,clear,8,0.1265
25,Agra Road,17,1,clear,81,0.73
24,Pathardi Road,19,3,clear,88,0.7185
14,Satpur Road,3,0,rain,7,0.1445
8,Indira Nagar Road,1,5,rain,9,0.1238
23,Deolali Road,2,3,clear,13,0.1319
5,Panchavati Road,19,4,rain,71,0.8896
18,Ambad Link Road,18,1,rain,89,0.9851
18,Ambad Link Road,23,6,rain,16,0.1882
26,Mhasrul Link,17,1,rain,97,0.9985
3,CBS-Canada Road,0,3,clear,23,0.2027
12,Mhasrul Road,12,3,clear,45,0.3943
22,Nashik-Mumbai Road,6,6,clear,21,0.2059
5,Panchavati Road,23,0,clear,21,0.2086
26,Mhasrul Link,22,1,clear,15,0.2074
23,Deolali Road,8,5,clear,48,0.4419
25,Agra Road,22,2,clear,23,0.254
4,Old Pune Road,15,2,fog,10,0.1524
22,Nashik-Mumbai Road,12,3,clear,45,0.3756
3,CBS-Canada Road,19,1,clear,65,0.6227
12,Mhasrul Road,13,0,clear,43,0.4394
25,Agra Road,3,1,rain,22,0.2298
11,Trimbak Road,9,0,clear,63,0.5947
28,Trimbak Road,18,5,clear,53,0.4815
7,Gangapur Road,8,3,clear,91,0.6852
25,Agra Road,3,2,clear,16,0.1868
5,Panchavati Road,19,5,clear,44,0.4259
27,Sharanpur Road,9,1,clear,69,0.6392
26,Mhasrul Link,5,6,clear,12,0.117
29,Pathardi Road,3,2,fog,23,0.2194
4,Old Pune Road,5,2,rain,23,0.224
9,Commissioner Office Road,16,6,clear,14,0.1456
1,MG Road,3,3,rain,12,0.1745
25,Agra Road,5,0,clear,23,0.156
15,Cidco Road,22,0,clear,35,0.299
24,Pathardi Road,6,0,fog,39,0.3546
18,Ambad Link Road,4,1,clear,21,0.1897
13,Nashik Phata Road,23,2,rain,17,0.2573
10,Nashik Phata Road,4,1,clear,5,0.0848
10,Nashik Phata Road,19,6,rain,60,0.6377
20,Industrial Road,15,2,clear,16,0.1889
29,Pathardi Road,21,1,clear,17,0.1769
25,Agra Road,9,2,clear,81,0.6494
24,Pathardi Road,20,6,rain,60,0.6156
21,Ambad-Phata Road,4,5,rain,14,0.14
24,Pathardi Road,23,1,clear,36,0.2839
5,Panchavati Road,4,2,fog,24,0.255
30,Agra Road,17,1,rain,97,1.0
17,Dwarka-CBS Road,7,6,rain,32,0.3023
26,Mhasrul Link,11,6,rain,9,0.1299
16,Pathardi Road,8,6,clear,47,0.396
29,Pathardi Road,8,3,rain,78,0.8248
13,Nashik Phata Road,0,1,clear,13,0.1405
6,College Road,17,2,rain,76,0.9451
12,Mhasrul Road,20,1,clear,92,0.7191
28,Trimbak Road,11,1,rain,12,0.1735
13,Nashik Phata Road,6,1,clear,51,0.3578
12,Mhasrul Road,21,5,fog,19,0.199
10,Nashik Phata Road,17,1,clear,82,0.7542
3,CBS-Canada Road,22,0,rain,26,0.2705
25,Agra Road,23,0,clear,35,0.2727
12,Mhasrul Road,20,3,fog,70,0.7453
10,Nashik Phata Road,17,4,clear,72,0.6252
21,Ambad-Phata Road,10,3,clear,75,0.6736
16,Pathardi Road,14,5,clear,29,0.2494
16,Pathardi Road,10,3,fog,76,0.7468
11,Trimbak Road,8,4,clear,84,0.7451
16,Pathardi Road,19,5,rain,44,0.5556
28,Trimbak Road,16,5,clear,14,0.1191
30,Agra Road,14,1,clear,69,0.4898
24,Pathardi Road,2,6,clear,14,0.1302
23,Deolali Road,11,0,clear,16,0.1562
12,Mhasrul Road,18,5,rain,45,0.5883
19,MIDC Road,8,2,clear,99,0.7749
5,Panchavati Road,20,5,fog,58,0.5718
6,College Road,6,4,clear,52,0.3752
4,Old Pune Road,18,3,clear,87,0.7651
28,Trimbak Road,7,2,rain,32,0.3966
28,Trimbak Road,14,5,clear,27,0.2589
13,Nashik Phata Road,15,0,clear,15,0.1274
24,Pathardi Road,13,4,clear,66,0.4857
27,Sharanpur Road,20,4,rain,89,0.959
1,MG Road,13,5,fog,34,0.3175
15,Cidco Road,23,0,rain,37,0.4182
15,Cidco Road,2,0,clear,17,0.1666
23,Deolali Road,13,2,fog,60,0.5555
16,Pathardi Road,18,5,clear,53,0.411
8,Indira Nagar Road,21,0,rain,21,0.2774
13,Nashik Phata Road,8,6,clear,55,0.4412
5,Panchavati Road,8,5,fog,61,0.5634
8,Indira Nagar Road,20,4,fog,65,0.8079
21,Ambad-Phata Road,0,6,clear,4,0.0734
22,Nashik-Mumbai Road,15,1,rain,10,0.1478
22,Nashik-Mumbai Road,23,4,fog,33,0.3352
10,Nashik Phata Road,6,4,clear,54,0.3966
15,Cidco Road,4,4,clear,9,0.1273
16,Pathardi Road,7,0,clear,50,0.4075
7,Gangapur Road,14,4,clear,50,0.4434
15,Cidco Road,13,3,fog,41,0.484
5,Panchavati Road,5,5,fog,7,0.1087
20,Industrial Road,14,5,rain,44,0.4405
13,Nashik Phata Road,10,5,clear,48,0.424
15,Cidco Road,9,6,clear,53,0.4388
9,Commissioner Office Road,20,0,fog,71,0.7394
5,Panchavati Road,10,6,clear,48,0.4004
2,Sharanpur Road,13,2,fog,45,0.4723
5,Panchavati Road,8,3,clear,77,0.6995
17,Dwarka-CBS Road,16,6,clear,3,0.0862
15,Cidco Road,2,2,clear,10,0.1495
27,Sharanpur Road,12,2,fog,40,0.4419
3,CBS-Canada Road,14,1,clear,65,0.4954
12,Mhasrul Road,21,6,clear,24,0.2173
15,Cidco Road,22,4,clear,16,0.1674
8,Indira Nagar Road,5,3,rain,19,0.2082
28,Trimbak Road,10,3,clear,77,0.6332
29,Pathardi Road,6,2,clear,39,0.3039
13,Nashik Phata Road,13,2,rain,42,0.5465
11,Trimbak Road,14,1,rain,52,0.5719
9,Commissioner Office Road,16,1,clear,20,0.1741
12,Mhasrul Road,20,2,rain,78,0.8709
4,Old Pune Road,19,6,clear,48,0.4422
6,College Road,18,2,fog,72,0.7952
29,Pathardi Road,14,6,clear,34,0.2601
15,Cidco Road,3,6,clear,7,0.0911
19,MIDC Road,16,3,clear,24,0.2373
16,Pathardi Road,14,0,clear,67,0.5058
23,Deolali Road,4,6,clear,10,0.116
2,Sharanpur Road,9,5,rain,40,0.5007
12,Mhasrul Road,2,0,fog,14,0.1932
1,MG Road,21,3,clear,29,0.2448
5,Panchavati Road,1,3,clear,20,0.1944
8,Indira Nagar Road,6,0,clear,34,0.3565
24,Pathardi Road,20,1,clear,97,0.8166
19,MIDC Road,16,3,clear,15,0.1558
8,Indira Nagar Road,19,0,fog,92,0.8655
13,Nashik Phata Road,20,6,clear,56,0.443
29,Pathardi Road,18,3,clear,67,0.6542
19,MIDC Road,1,3,clear,21,0.1935
10,Nashik Phata Road,2,3,clear,20,0.1665
30,Agra Road,19,1,clear,85,0.7168
14,Satpur Road,8,0,fog,90,0.8399
12,Mhasrul Road,22,5,clear,12,0.1495
12,Mhasrul Road,9,5,fog,55,0.5134
15,Cidco Road,7,6,clear,20,0.1745
26,Mhasrul Link,4,0,clear,24,0.1655
20,Industrial Road,14,1,clear,68,0.5208
6,College Road,11,6,fog,11,0.1277
14,Satpur Road,4,0,clear,20,0.1622
27,Sharanpur Road,13,5,rain,26,0.3408
4,Old Pune Road,6,2,clear,53,0.412
8,Indira Nagar Road,22,5,clear,19,0.1676
6,College Road,23,0,clear,33,0.2789
30,Agra Road,17,6,rain,50,0.6055
17,Dwarka-CBS Road,8,3,clear,95,0.7432
4,Old Pune Road,17,4,fog,82,0.8838
10,Nashik Phata Road,4,0,clear,21,0.1877
14,Satpur Road,7,6,clear,27,0.2394
26,Mhasrul Link,7,5,rain,27,0.3315
8,Indira Nagar Road,2,3,rain,22,0.2409
15,Cidco Road,17,4,fog,75,0.7546
13,Nashik Phata Road,13,0,fog,64,0.5417
16,Pathardi Road,11,1,clear,10,0.13
24,Pathardi Road,3,5,rain,10,0.1064
9,Commissioner Office Road,7,5,fog,32,0.3123
13,Nashik Phata Road,3,3,clear,20,0.1888
8,Indira Nagar Road,11,0,clear,22,0.2085
14,Satpur Road,5,1,clear,21,0.199
17,Dwarka-CBS Road,12,2,clear,64,0.4708
16,Pathardi Road,5,2,clear,18,0.1379
28,Trimbak Road,10,3,clear,98,0.7414
18,Ambad Link Road,19,4,rain,97,1.0
28,Trimbak Road,2,5,fog,7,0.0905
5,Panchavati Road,12,3,clear,40,0.3856
24,Pathardi Road,1,6,rain,5,0.0976
18,Ambad Link Road,9,6,rain,48,0.552
26,Mhasrul Link,20,0,rain,85,0.9403
22,Nashik-Mumbai Road,10,6,clear,57,0.4587
29,Pathardi Road,19,0,clear,86,0.7262
13,Nashik Phata Road,10,0,rain,75,0.87
12,Mhasrul Road,13,2,fog,57,0.541
29,Pathardi Road,18,4,clear,92,0.733
21,Ambad-Phata Road,12,0,clear,59,0.5101
15,Cidco Road,11,4,rain,19,0.2195
17,Dwarka-CBS Road,19,0,clear,87,0.7636
17,Dwarka-CBS Road,18,0,fog,91,0.912
30,Agra Road,13,2,rain,58,0.6133
4,Old Pune Road,19,2,clear,98,0.7587
7,Gangapur Road,15,4,clear,24,0.1961
9,Commissioner Office Road,19,1,rain,80,0.94
12,Mhasrul Road,9,0,clear,67,0.6078
16,Pathardi Road,11,0,clear,8,0.1621
16,Pathardi Road,22,2,clear,28,0.2555
21,Ambad-Phata Road,17,5,rain,56,0.643
24,Pathardi Road,15,6,rain,11,0.1498
2,Sharanpur Road,16,2,clear,15,0.1491
7,Gangapur Road,1,3,rain,5,0.1142
13,Nashik Phata Road,17,2,rain,69,0.8853
28,Trimbak Road,18,4,clear,82,0.6787
8,Indira Nagar Road,14,4,fog,67,0.6379
22,Nashik-Mumbai Road,3,1,clear,7,0.0903
16,Pathardi Road,1,0,rain,10,0.1644
23,Deolali Road,17,4,rain,67,0.8065
24,Pathardi Road,11,2,rain,16,0.1862
30,Agra Road,16,6,fog,3,0.1099
16,Pathardi Road,23,6,fog,20,0.2164
14,Satpur Road,19,1,rain,97,1.0
16,Pathardi Road,17,3,clear,69,0.5937
6,College Road,2,6,clear,5,0.0893
17,Dwarka-CBS Road,9,3,rain,79,0.876
11,Trimbak Road,9,6,rain,62,0.6221
14,Satpur Road,18,5,clear,64,0.5327
11,Trimbak Road,7,0,clear,33,0.3205
28,Trimbak Road,10,0,clear,62,0.6017
16,Pathardi Road,7,4,clear,30,0.2684
26,Mhasrul Link,16,1,clear,23,0.172
1,MG Road,14,3,clear,59,0.4838
6,College Road,23,3,clear,30,0.2673
15,Cidco Road,6,3,clear,45,0.3646
14,Satpur Road,17,2,rain,83,0.9162
10,Nashik Phata Road,8,0,clear,94,0.752
6,College Road,23,2,fog,22,0.2777
10,Nashik Phata Road,2,3,clear,8,0.1588
12,Mhasrul Road,10,5,clear,55,0.4592
3,CBS-Canada Road,19,3,clear,67,0.6438
6,College Road,19,2,clear,91,0.747
13,Nashik Phata Road,21,2,clear,35,0.2682
29,Pathardi Road,13,4,clear,64,0.5018
23,Deolali Road,14,3,clear,69,0.4898
19,MIDC Road,7,5,clear,28,0.2292
24,Pathardi Road,15,0,clear,15,0.1802
26,Mhasrul Link,13,1,clear,44,0.3991
14,Satpur Road,4,0,fog,20,0.1839
6,College Road,15,4,clear,9,0.1152
10,Nashik Phata Road,8,3,rain,63,0.8212
4,Old Pune Road,17,4,fog,82,0.8382
22,Nashik-Mumbai Road,4,4,clear,7,0.1144
4,Old Pune Road,0,6,clear,7,0.0728
26,Mhasrul Link,1,3,fog,11,0.1394
6,College Road,10,0,clear,83,0.6757
17,Dwarka-CBS Road,7,2,clear,49,0.3907
2,Sharanpur Road,4,1,clear,21,0.2159
18,Ambad Link Road,13,5,rain,35,0.3974
27,Sharanpur Road,4,4,rain,10,0.1557
4,Old Pune Road,23,4,fog,23,0.2531
11,Trimbak Road,3,0,clear,20,0.1773
8,Indira Nagar Road,22,0,clear,35,0.3069
12,Mhasrul Road,21,1,rain,21,0.2923
24,Pathardi Road,23,3,clear,32,0.2829
10,Nashik Phata Road,15,6,clear,12,0.1256
15,Cidco Road,11,2,rain,22,0.1951
19,MIDC Road,8,6,rain,42,0.5378
8,Indira Nagar Road,15,2,rain,22,0.2643
5,Panchavati Road,22,0,rain,36,0.3749
22,Nashik-Mumbai Road,16,3,clear,20,0.1579
3,CBS-Canada Road,16,6,clear,13,0.1107
6,College Road,11,0,rain,24,0.2442
29,Pathardi Road,15,4,rain,6,0.1326
13,Nashik Phata Road,6,4,clear,31,0.3052
30,Agra Road,20,3,clear,92,0.7286
5,Panchavati Road,17,3,clear,75,0.6931
22,Nashik-Mumbai Road,4,3,clear,20,0.1703
14,Satpur Road,15,6,fog,11,0.1443
26,Mhasrul Link,17,4,clear,72,0.6477
27,Sharanpur Road,23,3,clear,24,0.2449
17,Dwarka-CBS Road,0,6,clear,5,0.0933
4,Old Pune Road,16,0,rain,17,0.2291
23,Deolali Road,15,5,rain,13,0.1527
6,College Road,10,4,fog,60,0.6568
15,Cidco Road,2,3,rain,17,0.2014
15,Cidco Road,16,5,clear,13,0.132
20,Industrial Road,23,6,clear,13,0.1566
17,Dwarka-CBS Road,6,5,clear,23,0.2219
27,Sharanpur Road,17,5,clear,49,0.4584
15,Cidco Road,6,5,rain,22,0.2568
11,Trimbak Road,12,6,clear,36,0.2851
10,Nashik Phata Road,15,1,clear,24,0.1948
7,Gangapur Road,21,4,clear,27,0.2374
5,Panchavati Road,1,6,fog,15,0.1676
16,Pathardi Road,0,2,rain,18,0.2049
3,CBS-Canada Road,18,3,clear,92,0.736
5,Panchavati Road,22,6,clear,15,0.1418
1,MG Road,2,2,rain,6,0.1376
20,Industrial Road,9,4,rain,74,0.8987
12,Mhasrul Road,20,5,clear,58,0.4991
8,Indira Nagar Road,0,2,clear,5,0.0742
12,Mhasrul Road,15,5,clear,14,0.1099
3,CBS-Canada Road,20,5,clear,55,0.4425
28,Trimbak Road,23,2,clear,36,0.3018
2,Sharanpur Road,7,5,rain,29,0.309
30,Agra Road,20,5,clear,50,0.4567
24,Pathardi Road,21,1,clear,23,0.2513
19,MIDC Road,19,1,clear,72,0.6578
28,Trimbak Road,22,2,fog,16,0.2509
6,College Road,23,6,clear,18,0.1888
5,Panchavati Road,2,2,rain,20,0.2223
13,Nashik Phata Road,7,2,rain,31,0.3808
23,Deolali Road,9,2,rain,97,0.9537
18,Ambad Link Road,2,0,rain,6,0.1188
21,Ambad-Phata Road,22,2,clear,21,0.2122
1,MG Road,7,3,clear,39,0.3733
15,Cidco Road,9,4,clear,62,0.6192
10,Nashik Phata Road,3,2,clear,21,0.1679
27,Sharanpur Road,0,3,clear,23,0.1993
13,Nashik Phata Road,21,4,clear,16,0.1886
7,Gangapur Road,19,1,clear,77,0.6363
20,Industrial Road,12,2,clear,57,0.441
1,MG Road,23,0,clear,17,0.2126
21,Ambad-Phata Road,2,2,clear,8,0.105
15,Cidco Road,0,6,clear,15,0.1582
14,Satpur Road,21,5,fog,18,0.1942
18,Ambad Link Road,21,0,rain,22,0.269
6,College Road,20,2,clear,89,0.7618
29,Pathardi Road,9,1,rain,67,0.8092
24,Pathardi Road,7,0,clear,45,0.331
3,CBS-Canada Road,11,5,rain,14,0.1749
5,Panchavati Road,8,6,clear,43,0.3912
25,Agra Road,20,6,rain,50,0.5456
7,Gangapur Road,11,4,rain,6,0.1554
4,Old Pune Road,5,3,clear,5,0.1019
21,Ambad-Phata Road,8,2,clear,71,0.6571
11,Trimbak Road,10,6,clear,51,0.4216
17,Dwarka-CBS Road,10,1,clear,78,0.6691
14,Satpur Road,6,3,clear,33,0.3023
26,Mhasrul Link,19,4,clear,84,0.729
8,Indira Nagar Road,0,0,clear,24,0.1719
13,Nashik Phata Road,8,5,rain,39,0.5147
3,CBS-Canada Road,3,0,rain,8,0.1432
25,Agra Road,9,2,rain,72,0.898
4,Old Pune Road,23,5,clear,15,0.1762
25,Agra Road,2,1,clear,8,0.1398
21,Ambad-Phata Road,21,6,clear,22,0.1983
25,Agra Road,15,0,rain,19,0.2231
10,Nashik Phata Road,21,4,clear,27,0.2449
22,Nashik-Mumbai Road,15,2,rain,18,0.216
12,Mhasrul Road,0,4,rain,23,0.1995
9,Commissioner Office Road,21,1,clear,21,0.2513
21,Ambad-Phata Road,13,1,clear,52,0.4121
25,Agra Road,0,0,rain,11,0.1457
8,Indira Nagar Road,6,4,clear,40,0.3359
19,MIDC Road,5,5,clear,11,0.1118
11,Trimbak Road,0,1,clear,12,0.1371
5,Panchavati Road,15,2,rain,24,0.2392
16,Pathardi Road,11,5,fog,14,0.1342
26,Mhasrul Link,8,1,rain,72,0.8691
14,Satpur Road,18,3,clear,96,0.7742
22,Nashik-Mumbai Road,19,5,clear,56,0.4625
19,MIDC Road,1,5,clear,13,0.1426
16,Pathardi Road,12,4,clear,40,0.3888
3,CBS-Canada Road,15,3,rain,5,0.1718
12,Mhasrul Road,0,0,fog,22,0.1861
15,Cidco Road,12,6,rain,34,0.3726
24,Pathardi Road,23,3,clear,34,0.2584
22,Nashik-Mumbai Road,1,3,clear,19,0.1895
26,Mhasrul Link,19,1,clear,84,0.709
23,Deolali Road,4,0,clear,17,0.1875
10,Nashik Phata Road,1,5,clear,11,0.102
14,Satpur Road,4,1,clear,15,0.1882
9,Commissioner Office Road,4,6,clear,4,0.0768
23,Deolali Road,18,3,clear,92,0.7649
22,Nashik-Mumbai Road,15,2,clear,18,0.1658
7,Gangapur Road,2,5,fog,12,0.1269
17,Dwarka-CBS Road,13,0,fog,44,0.4657
4,Old Pune Road,17,4,fog,91,0.8997
9,Commissioner Office Road,5,0,clear,8,0.1519
4,Old Pune Road,16,5,clear,9,0.1055
24,Pathardi Road,5,4,clear,14,0.1156
8,Indira Nagar Road,7,6,rain,29,0.3547
27,Sharanpur Road,21,0,clear,16,0.2163
28,Trimbak Road,18,2,clear,84,0.6949
29,Pathardi Road,16,3,clear,18,0.1837
27,Sharanpur Road,13,4,clear,67,0.5299
13,Nashik Phata Road,19,2,fog,84,0.8466
13,Nashik Phata Road,15,5,clear,13,0.1372
23,Deolali Road,20,1,clear,79,0.6719
20,Industrial Road,12,3,clear,54,0.4855
26,Mhasrul Link,21,5,clear,23,0.1844
2,Sharanpur Road,6,2,clear,31,0.3132
15,Cidco Road,23,6,rain,23,0.2596
18,Ambad Link Road,19,2,clear,80,0.6561
28,Trimbak Road,11,0,fog,24,0.2271
17,Dwarka-CBS Road,16,0,clear,22,0.2089
13,Nashik Phata Road,22,0,clear,34,0.2539
9,Commissioner Office Road,2,2,rain,18,0.1808
23,Deolali Road,14,2,rain,41,0.4654
6,College Road,20,3,clear,97,0.789
11,Trimbak Road,14,4,clear,41,0.409
28,Trimbak Road,6,1,clear,38,0.3153
12,Mhasrul Road,3,0,clear,24,0.18
7,Gangapur Road,12,5,fog,28,0.3083
14,Satpur Road,17,2,fog,68,0.7414
21,Ambad-Phata Road,5,3,clear,20,0.1546
17,Dwarka-CBS Road,8,0,clear,88,0.7178
16,Pathardi Road,21,2,clear,31,0.2514
8,Indira Nagar Road,21,0,clear,33,0.2602
30,Agra Road,14,2,clear,57,0.4662
6,College Road,7,1,rain,36,0.4211
22,Nashik-Mumbai Road,7,6,clear,31,0.2162
25,Agra Road,8,4,rain,60,0.7514
16,Pathardi Road,20,2,rain,85,0.956
18,Ambad Link Road,18,2,clear,69,0.6865
16,Pathardi Road,6,6,clear,32,0.2755
15,Cidco Road,7,6,clear,27,0.2603
29,Pathardi Road,4,3,clear,22,0.1684
5,Panchavati Road,23,4,clear,36,0.2877
17,Dwarka-CBS Road,17,4,clear,84,0.7029
27,Sharanpur Road,14,2,clear,67,0.5206
18,Ambad Link Road,23,0,clear,21,0.2043
12,Mhasrul Road,10,3,rain,84,0.9504
5,Panchavati Road,12,0,clear,57,0.4697
12,Mhasrul Road,9,1,fog,61,0.6979
14,Satpur Road,10,6,clear,61,0.47
13,Nashik Phata Road,0,2,rain,7,0.1909
26,Mhasrul Link,11,5,rain,9,0.1511
9,Commissioner Office Road,19,0,rain,65,0.8641
26,Mhasrul Link,14,6,fog,38,0.3908
8,Indira Nagar Road,4,5,clear,11,0.1096
6,College Road,10,4,clear,61,0.6261
17,Dwarka-CBS Road,21,5,rain,16,0.1936
6,College Road,1,4,rain,22,0.1933
13,Nashik Phata Road,11,3,clear,21,0.1755
24,Pathardi Road,7,2,clear,37,0.3285
23,Deolali Road,12,5,rain,34,0.372
26,Mhasrul Link,6,1,clear,54,0.4274
30,Agra Road,12,5,rain,35,0.3881
14,Satpur Road,5,3,clear,10,0.1643
25,Agra Road,3,0,clear,18,0.1845
2,Sharanpur Road,15,3,clear,24,0.1978
28,Trimbak Road,2,4,rain,12,0.1666
30,Agra Road,23,2,fog,22,0.2454
10,Nashik Phata Road,13,3,rain,67,0.6634
6,College Road,8,6,clear,40,0.3935
2,Sharanpur Road,3,1,rain,6,0.1664
16,Pathardi Road,21,0,clear,29,0.2238
21,Ambad-Phata Road,20,3,clear,69,0.6583
21,Ambad-Phata Road,7,3,clear,39,0.328
8,Indira Nagar Road,23,0,fog,39,0.3211
2,Sharanpur Road,10,6,rain,52,0.5356
9,Commissioner Office Road,14,6,rain,33,0.3417
4,Old Pune Road,3,4,rain,19,0.2299
7,Gangapur Road,5,2,rain,13,0.1674
27,Sharanpur Road,10,6,clear,41,0.3984
16,Pathardi Road,13,2,fog,61,0.5446
7,Gangapur Road,10,3,clear,75,0.6888
6,College Road,1,5,rain,11,0.1684
18,Ambad Link Road,11,6,clear,7,0.1222
2,Sharanpur Road,13,4,clear,45,0.3798
13,Nashik Phata Road,4,5,clear,7,0.0897
23,Deolali Road,23,6,clear,13,0.1334
30,Agra Road,14,5,rain,37,0.3801
26,Mhasrul Link,16,5,clear,13,0.1095
19,MIDC Road,6,4,clear,34,0.313
26,Mhasrul Link,7,1,rain,42,0.442
20,Industrial Road,16,3,rain,7,0.137
2,Sharanpur Road,12,5,clear,42,0.3186
22,Nashik-Mumbai Road,8,6,clear,44,0.3958
23,Deolali Road,20,6,clear,57,0.4637
9,Commissioner Office Road,14,6,clear,28,0.2667
28,Trimbak Road,12,1,fog,54,0.556
11,Trimbak Road,20,5,rain,43,0.5448
30,Agra Road,20,5,rain,51,0.5701
6,College Road,20,0,clear,82,0.7048
6,College Road,11,2,clear,21,0.2116
3,CBS-Canada Road,20,6,clear,53,0.4345
20,Industrial Road,18,5,clear,59,0.49
27,Sharanpur Road,13,1,clear,57,0.4606
26,Mhasrul Link,5,5,clear,8,0.1052
13,Nashik Phata Road,21,1,clear,20,0.188
24,Pathardi Road,13,2,fog,53,0.5325
1,MG Road,11,6,fog,3,0.0918
10,Nashik Phata Road,11,0,clear,7,0.1116
6,College Road,3,2,clear,13,0.1686
28,Trimbak Road,19,3,clear,72,0.6205
30,Agra Road,0,4,clear,6,0.1348
22,Nashik-Mumbai Road,14,5,fog,44,0.3949
9,Commissioner Office Road,4,4,clear,24,0.1775
20,Industrial Road,17,0,clear,78,0.6746
16,Pathardi Road,19,6,clear,52,0.463
12,Mhasrul Road,17,5,rain,51,0.5633
20,Industrial Road,8,5,rain,61,0.6227
29,Pathardi Road,0,0,fog,22,0.2232
25,Agra Road,17,2,rain,98,1.0
25,Agra Road,6,3,clear,49,0.372
24,Pathardi Road,13,1,rain,56,0.6239
13,Nashik Phata Road,8,6,clear,44,0.3955
9,Commissioner Office Road,23,4,clear,21,0.2136
19,MIDC Road,19,3,clear,71,0.6346
13,Nashik Phata Road,6,5,fog,29,0.2763
17,Dwarka-CBS Road,12,1,clear,67,0.493
2,Sharanpur Road,13,6,fog,40,0.3873
28,Trimbak Road,13,0,clear,43,0.375
7,Gangapur Road,15,5,clear,7,0.1057
16,Pathardi Road,7,1,clear,38,0.3735
26,Mhasrul Link,23,5,clear,25,0.1692
18,Ambad Link Road,13,1,clear,68,0.5217
24,Pathardi Road,1,4,clear,12,0.1664
7,Gangapur Road,8,4,rain,82,0.9148
19,MIDC Road,12,2,clear,56,0.4205
20,Industrial Road,0,1,rain,12,0.2014
7,Gangapur Road,15,0,clear,14,0.1571
29,Pathardi Road,15,0,rain,18,0.1924
14,Satpur Road,7,4,clear,37,0.3329
28,Trimbak Road,6,0,clear,54,0.419
25,Agra Road,15,5,rain,10,0.1378
15,Cidco Road,14,4,rain,52,0.571
2,Sharanpur Road,2,0,rain,14,0.1838
27,Sharanpur Road,20,1,clear,73,0.6657
11,Trimbak Road,0,4,clear,11,0.1301
22,Nashik-Mumbai Road,20,5,clear,48,0.4724
2,Sharanpur Road,11,2,clear,10,0.1477
11,Trimbak Road,2,2,rain,15,0.1862
21,Ambad-Phata Road,7,3,rain,33,0.4039
26,Mhasrul Link,8,1,clear,63,0.5717
6,College Road,20,2,clear,85,0.7073
18,Ambad Link Road,13,5,clear,29,0.2851
20,Industrial Road,7,1,clear,46,0.3437
20,Industrial Road,15,6,rain,14,0.1527
18,Ambad Link Road,8,5,rain,64,0.6371
5,Panchavati Road,16,5,clear,12,0.1173
24,Pathardi Road,16,3,clear,21,0.1955
18,Ambad Link Road,18,1,rain,78,0.9418
18,Ambad Link Road,15,6,clear,10,0.1286
3,CBS-Canada Road,18,4,clear,70,0.6589
18,Ambad Link Road,2,3,clear,24,0.2057
19,MIDC Road,23,3,clear,27,0.2471
30,Agra Road,1,5,rain,13,0.1475
10,Nashik Phata Road,17,2,fog,83,0.8458
23,Deolali Road,19,3,clear,68,0.631
8,Indira Nagar Road,20,4,clear,75,0.6807
25,Agra Road,17,2,clear,82,0.6498
12,Mhasrul Road,13,6,rain,44,0.4201
16,Pathardi Road,12,3,clear,42,0.4277
3,CBS-Canada Road,18,3,fog,67,0.7431
29,Pathardi Road,6,1,fog,45,0.3816
10,Nashik Phata Road,20,5,clear,56,0.4499
3,CBS-Canada Road,10,1,clear,74,0.6742
30,Agra Road,19,3,clear,83,0.7263
10,Nashik Phata Road,9,5,rain,39,0.4894
20,Industrial Road,1,6,fog,14,0.1582
10,Nashik Phata Road,21,6,clear,16,0.1626
26,Mhasrul Link,23,1,fog,34,0.3261
4,Old Pune Road,5,5,clear,10,0.0985
8,Indira Nagar Road,23,3,clear,39,0.3044
19,MIDC Road,7,0,clear,54,0.4217
15,Cidco Road,18,6,clear,45,0.4406
17,Dwarka-CBS Road,9,2,clear,90,0.7052
23,Deolali Road,2,5,rain,9,0.1413
18,Ambad Link Road,14,6,fog,40,0.3562
10,Nashik Phata Road,12,6,fog,40,0.3737
28,Trimbak Road,2,4,clear,8,0.1097
6,College Road,6,2,clear,30,0.2709
12,Mhasrul Road,11,5,clear,11,0.106
20,Industrial Road,11,2,fog,14,0.203
24,Pathardi Road,8,1,clear,96,0.7344
8,Indira Nagar Road,0,1,rain,5,0.1351
26,Mhasrul Link,9,5,clear,53,0.4247
17,Dwarka-CBS Road,6,0,clear,51,0.3796
18,Ambad Link Road,20,4,clear,66,0.6201
4,Old Pune Road,11,2,fog,6,0.1236
4,Old Pune Road,18,0,rain,77,0.9594
13,Nashik Phata Road,14,5,clear,33,0.2847
8,Indira Nagar Road,2,1,clear,12,0.1602
12,Mhasrul Road,13,5,clear,35,0.2964
8,Indira Nagar Road,4,5,clear,5,0.103
6,College Road,22,0,fog,17,0.2296
3,CBS-Canada Road,9,1,rain,75,0.8835
3,CBS-Canada Road,4,3,clear,17,0.1702
16,Pathardi Road,12,4,clear,60,0.4493
28,Trimbak Road,18,4,fog,70,0.8022
14,Satpur Road,5,0,rain,15,0.1976
6,College Road,19,4,clear,95,0.7645
23,Deolali Road,5,6,clear,11,0.1145
2,Sharanpur Road,8,3,clear,90,0.7209
20,Industrial Road,10,3,clear,78,0.6797
11,Trimbak Road,14,4,clear,43,0.3914
15,Cidco Road,13,3,clear,49,0.4145
17,Dwarka-CBS Road,20,2,clear,79,0.6821
12,Mhasrul Road,9,5,fog,58,0.5274
9,Commissioner Office Road,14,5,rain,31,0.3671
26,Mhasrul Link,7,2,clear,51,0.4177
30,Agra Road,11,6,clear,5,0.076
15,Cidco Road,3,4,clear,22,0.1802
28,Trimbak Road,12,4,rain,61,0.64
6,College Road,23,0,clear,30,0.259
18,Ambad Link Road,1,6,clear,11,0.1073
21,Ambad-Phata Road,17,5,clear,52,0.4245
23,Deolali Road,5,3,clear,17,0.1515
23,Deolali Road,14,1,clear,40,0.3672
3,CBS-Canada Road,18,6,clear,48,0.4399
6,College Road,2,5,fog,14,0.1391
6,College Road,10,4,clear,65,0.6377
9,Commissioner Office Road,20,0,fog,71,0.8126
25,Agra Road,7,4,clear,37,0.328
23,Deolali Road,14,3,fog,66,0.5866
16,Pathardi Road,6,6,rain,29,0.3009
23,Deolali Road,12,4,clear,54,0.4441
18,Ambad Link Road,13,1,clear,59,0.494
26,Mhasrul Link,6,3,clear,44,0.3564
21,Ambad-Phata Road,20,1,clear,82,0.645
9,Commissioner Office Road,8,0,clear,60,0.5552
4,Old Pune Road,1,1,rain,18,0.2167
8,Indira Nagar Road,13,4,rain,47,0.5438
10,Nashik Phata Road,7,0,rain,46,0.4848
27,Sharanpur Road,16,1,fog,9,0.1367
19,MIDC Road,22,2,clear,28,0.2497
1,MG Road,15,4,fog,5,0.1142
8,Indira Nagar Road,1,2,clear,20,0.1574
22,Nashik-Mumbai Road,15,3,rain,23,0.2893
30,Agra Road,8,4,clear,96,0.7147
15,Cidco Road,18,2,rain,87,0.9495
15,Cidco Road,7,5,clear,25,0.2369
22,Nashik-Mumbai Road,2,6,fog,6,0.1272
21,Ambad-Phata Road,16,1,clear,20,0.1834
26,Mhasrul Link,11,3,clear,18,0.1923
18,Ambad Link Road,11,1,clear,21,0.1537
26,Mhasrul Link,20,0,clear,89,0.7797
2,Sharanpur Road,18,4,clear,95,0.7916
23,Deolali Road,19,6,rain,43,0.5215
8,Indira Nagar Road,6,1,rain,33,0.4438
7,Gangapur Road,8,6,rain,44,0.5034
24,Pathardi Road,13,0,rain,52,0.5828
11,Trimbak Road,2,1,clear,7,0.1141
14,Satpur Road,19,5,rain,63,0.673
29,Pathardi Road,4,5,clear,15,0.122
17,Dwarka-CBS Road,0,5,fog,3,0.1048
27,Sharanpur Road,21,2,clear,21,0.2142
24,Pathardi Road,2,4,clear,7,0.1316
10,Nashik Phata Road,22,6,clear,22,0.1767
20,Industrial Road,13,3,fog,40,0.413
25,Agra Road,8,3,rain,76,0.8801
10,Nashik Phata Road,15,5,fog,15,0.1716
15,Cidco Road,12,1,clear,52,0.475
13,Nashik Phata Road,16,6,clear,12,0.1255
4,Old Pune Road,2,1,clear,14,0.1752
26,Mhasrul Link,20,4,clear,85,0.7374
12,Mhasrul Road,18,0,clear,86,0.7449
11,Trimbak Road,19,3,clear,86,0.7625
1,MG Road,8,2,clear,61,0.6128
29,Pathardi Road,19,5,rain,46,0.5455
17,Dwarka-CBS Road,3,6,clear,13,0.142
18,Ambad Link Road,7,2,rain,44,0.4974
10,Nashik Phata Road,19,5,fog,63,0.5681
10,Nashik Phata Road,3,3,clear,24,0.196
25,Agra Road,3,6,rain,12,0.1394
25,Agra Road,15,4,fog,10,0.1707
23,Deolali Road,6,0,rain,43,0.4931
5,Panchavati Road,17,6,rain,46,0.5368
9,Commissioner Office Road,18,4,fog,70,0.7841
3,CBS-Canada Road,0,3,clear,19,0.1707
7,Gangapur Road,16,2,clear,7,0.1145
29,Pathardi Road,17,5,rain,50,0.5796
26,Mhasrul Link,6,6,rain,20,0.2505
14,Satpur Road,3,2,rain,17,0.1997
5,Panchavati Road,19,3,clear,94,0.7434
16,Pathardi Road,14,0,fog,41,0.4883
9,Commissioner Office Road,4,2,clear,7,0.1215
28,Trimbak Road,9,4,rain,91,0.9352
22,Nashik-Mumbai Road,17,6,clear,63,0.4658
26,Mhasrul Link,6,5,clear,33,0.2534
28,Trimbak Road,15,1,clear,20,0.2043
1,MG Road,11,0,rain,17,0.2062
8,Indira Nagar Road,21,6,rain,24,0.2323
10,Nashik Phata Road,3,0,clear,14,0.1464
16,Pathardi Road,1,4,fog,22,0.1815
27,Sharanpur Road,20,0,clear,95,0.8014
9,Commissioner Office Road,13,4,clear,45,0.4243
19,MIDC Road,2,4,clear,17,0.1382
17,Dwarka-CBS Road,15,1,clear,21,0.178
29,Pathardi Road,1,1,clear,13,0.1438
27,Sharanpur Road,5,1,rain,13,0.1844
25,Agra Road,4,4,rain,24,0.2321
19,MIDC Road,19,6,fog,61,0.5796
7,Gangapur Road,21,1,clear,29,0.2413
4,Old Pune Road,17,6,clear,63,0.4928
14,Satpur Road,1,2,clear,5,0.0971
21,Ambad-Phata Road,4,3,clear,7,0.0795
21,Ambad-Phata Road,20,4,rain,91,0.9344
2,Sharanpur Road,6,3,clear,50,0.3874
4,Old Pune Road,12,1,fog,64,0.5832
27,Sharanpur Road,18,0,clear,83,0.7175
21,Ambad-Phata Road,21,6,clear,19,0.1919
12,Mhasrul Road,12,3,rain,40,0.4957
18,Ambad Link Road,21,6,clear,10,0.1424
22,Nashik-Mumbai Road,10,4,fog,67,0.7338
17,Dwarka-CBS Road,17,3,fog,81,0.8455
10,Nashik Phata Road,13,1,clear,47,0.4169
20,Industrial Road,15,4,fog,16,0.1629
17,Dwarka-CBS Road,19,3,rain,88,1.0
16,Pathardi Road,11,0,rain,21,0.2531
27,Sharanpur Road,2,0,fog,19,0.1911
29,Pathardi Road,3,0,clear,12,0.1617
4,Old Pune Road,5,6,clear,5,0.1166
23,Deolali Road,6,5,clear,29,0.2619
13,Nashik Phata Road,7,0,clear,49,0.3701
20,Industrial Road,5,2,clear,17,0.1487
7,Gangapur Road,13,6,fog,40,0.384
10,Nashik Phata Road,17,5,rain,61,0.6283
1,MG Road,13,1,clear,47,0.3918
6,College Road,14,6,clear,30,0.2502
6,College Road,7,6,clear,28,0.2646
15,Cidco Road,17,4,clear,78,0.6881
24,Pathardi Road,0,0,rain,17,0.2376
27,Sharanpur Road,3,6,rain,15,0.1661
26,Mhasrul Link,7,3,rain,41,0.4561
17,Dwarka-CBS Road,1,0,clear,13,0.1196
7,Gangapur Road,13,2,rain,40,0.4742
22,Nashik-Mumbai Road,9,1,clear,83,0.6386
23,Deolali Road,8,0,clear,72,0.6285
28,Trimbak Road,6,1,rain,40,0.4979
12,Mhasrul Road,9,6,fog,50,0.5196
5,Panchavati Road,23,5,clear,22,0.2104
30,Agra Road,17,3,clear,76,0.6682
6,College Road,22,4,clear,18,0.2014
17,Dwarka-CBS Road,13,6,clear,40,0.3275
24,Pathardi Road,23,6,clear,19,0.1796
13,Nashik Phata Road,9,5,fog,46,0.4533
21,Ambad-Phata Road,19,3,rain,77,0.8699
22,Nashik-Mumbai Road,17,4,clear,99,0.8194
22,Nashik-Mumbai Road,4,1,fog,6,0.0942
27,Sharanpur Road,22,0,clear,35,0.2972
16,Pathardi Road,23,0,clear,31,0.2389
25,Agra Road,3,2,clear,16,0.1325
20,Industrial Road,20,0,rain,72,0.8402
22,Nashik-Mumbai Road,20,4,clear,70,0.6588
28,Trimbak Road,3,6,clear,12,0.107
16,Pathardi Road,6,5,fog,23,0.2341
28,Trimbak Road,21,3,clear,19,0.1949
8,Indira Nagar Road,8,6,fog,41,0.4535
1,MG Road,21,5,fog,20,0.2036
9,Commissioner Office Road,22,2,fog,16,0.2034
18,Ambad Link Road,15,6,rain,10,0.1146
28,Trimbak Road,1,6,clear,4,0.1022
24,Pathardi Road,0,3,clear,10,0.1209
3,CBS-Canada Road,22,1,clear,35,0.2931
14,Satpur Road,2,5,clear,5,0.1083
10,Nashik Phata Road,20,6,clear,53,0.4729
20,Industrial Road,8,5,clear,45,0.3878
27,Sharanpur Road,5,5,fog,5,0.0737
19,MIDC Road,18,0,clear,76,0.6707
7,Gangapur Road,0,5,clear,14,0.123
23,Deolali Road,11,3,clear,22,0.193
22,Nashik-Mumbai Road,9,0,rain,83,0.8664
19,MIDC Road,0,4,clear,18,0.1838
19,MIDC Road,20,1,rain,82,0.9613
11,Trimbak Road,9,0,rain,90,0.9265
18,Ambad Link Road,0,5,rain,14,0.1573
30,Agra Road,0,2,clear,5,0.1396
4,Old Pune Road,6,5,rain,35,0.335
8,Indira Nagar Road,9,5,rain,45,0.5373
19,MIDC Road,6,1,fog,40,0.4478
24,Pathardi Road,1,5,clear,9,0.1203
6,College Road,10,2,rain,69,0.8667
9,Commissioner Office Road,4,1,fog,22,0.2138
3,CBS-Canada Road,4,0,clear,21,0.2036
6,College Road,16,4,fog,19,0.2127
9,Commissioner Office Road,14,1,clear,57,0.4797
18,Ambad Link Road,0,6,clear,10,0.1235
16,Pathardi Road,15,5,rain,6,0.1033
24,Pathardi Road,23,0,rain,27,0.3082
23,Deolali Road,22,0,clear,18,0.2166
21,Ambad-Phata Road,4,0,rain,5,0.1515
20,Industrial Road,8,6,fog,42,0.4901
12,Mhasrul Road,3,5,fog,5,0.0809
26,Mhasrul Link,10,0,clear,64,0.5998
23,Deolali Road,22,4,fog,33,0.3128
30,Agra Road,2,2,fog,13,0.1492
26,Mhasrul Link,14,1,clear,64,0.4638
6,College Road,17,0,clear,67,0.6238
28,Trimbak Road,16,0,fog,13,0.1969
4,Old Pune Road,20,5,clear,48,0.4628
6,College Road,16,1,fog,14,0.1717
16,Pathardi Road,8,3,fog,65,0.6927
19,MIDC Road,7,6,rain,19,0.2383
30,Agra Road,0,5,clear,11,0.1156
25,Agra Road,11,0,clear,14,0.1603
29,Pathardi Road,11,0,clear,22,0.2041
22,Nashik-Mumbai Road,21,1,clear,35,0.2732
6,College Road,23,5,rain,24,0.2773
16,Pathardi Road,18,1,fog,92,0.8846
10,Nashik Phata Road,5,0,clear,18,0.1478
26,Mhasrul Link,20,1,clear,90,0.7514
19,MIDC Road,18,3,clear,88,0.7057
15,Cidco Road,5,6,fog,15,0.1456
5,Panchavati Road,20,1,rain,71,0.8446
5,Panchavati Road,15,6,clear,9,0.1202
25,Agra Road,7,6,fog,33,0.2961
4,Old Pune Road,18,6,fog,60,0.6032
18,Ambad Link Road,21,3,clear,33,0.2416
7,Gangapur Road,1,6,clear,11,0.1105
19,MIDC Road,0,0,fog,22,0.2127
28,Trimbak Road,4,0,clear,22,0.2097
22,Nashik-Mumbai Road,9,1,clear,61,0.625
9,Commissioner Office Road,7,1,rain,38,0.4168
9,Commissioner Office Road,7,3,clear,53,0.4171
8,Indira Nagar Road,20,4,clear,85,0.703
25,Agra Road,19,2,rain,85,0.9815
10,Nashik Phata Road,14,5,clear,40,0.3183
28,Trimbak Road,3,3,rain,5,0.1669
25,Agra Road,9,3,clear,71,0.6243
14,Satpur Road,1,4,clear,5,0.1052
15,Cidco Road,18,2,clear,83,0.7629
12,Mhasrul Road,18,6,clear,49,0.3991
11,Trimbak Road,1,0,rain,17,0.238
27,Sharanpur Road,5,0,clear,5,0.1286
24,Pathardi Road,23,6,clear,22,0.1607
4,Old Pune Road,15,6,clear,7,0.0983
5,Panchavati Road,1,3,rain,17,0.1775
26,Mhasrul Link,0,6,fog,14,0.162
6,College Road,21,3,rain,34,0.3323
30,Agra Road,17,5,clear,59,0.5145
22,Nashik-Mumbai Road,2,5,clear,3,0.0749
20,Industrial Road,22,0,clear,32,0.275
1,MG Road,8,2,clear,67,0.6042
22,Nashik-Mumbai Road,17,1,clear,80,0.6628
2,Sharanpur Road,2,1,clear,9,0.1226
30,Agra Road,1,1,clear,24,0.2205
21,Ambad-Phata Road,13,3,clear,50,0.4182
16,Pathardi Road,4,6,rain,13,0.1784
29,Pathardi Road,5,4,clear,14,0.1687
25,Agra Road,20,6,rain,50,0.5743
21,Ambad-Phata Road,22,6,rain,23,0.2393
27,Sharanpur Road,4,3,clear,22,0.222
21,Ambad-Phata Road,14,5,clear,27,0.2622
27,Sharanpur Road,15,5,clear,11,0.1305
15,Cidco Road,19,3,fog,69,0.7807
6,College Road,4,4,rain,17,0.234
8,Indira Nagar Road,8,4,clear,79,0.68
11,Trimbak Road,4,0,rain,23,0.2462
21,Ambad-Phata Road,0,2,rain,18,0.2397
5,Panchavati Road,16,6,clear,11,0.1414
8,Indira Nagar Road,18,6,clear,48,0.412
19,MIDC Road,20,2,rain,73,0.886
22,Nashik-Mumbai Road,2,2,clear,12,0.1496
13,Nashik Phata Road,10,4,fog,90,0.8439
26,Mhasrul Link,17,0,clear,80,0.699
24,Pathardi Road,18,2,clear,68,0.6585
17,Dwarka-CBS Road,16,0,fog,24,0.1967
30,Agra Road,7,5,clear,25,0.2427
1,MG Road,19,4,clear,73,0.6836
9,Commissioner Office Road,19,2,clear,73,0.6645
5,Panchavati Road,5,2,clear,15,0.1461
11,Trimbak Road,11,4,clear,11,0.1479
10,Nashik Phata Road,1,3,rain,18,0.2035
24,Pathardi Road,17,1,clear,90,0.7141
24,Pathardi Road,20,0,fog,82,0.8242
13,Nashik Phata Road,9,6,rain,40,0.5191
11,Trimbak Road,21,3,clear,25,0.2351
17,Dwarka-CBS Road,20,1,clear,68,0.6397
6,College Road,23,5,fog,22,0.2218
16,Pathardi Road,14,6,fog,29,0.3332
27,Sharanpur Road,21,2,rain,26,0.3271
6,College Road,8,1,clear,74,0.6404
26,Mhasrul Link,18,2,clear,75,0.6649
30,Agra Road,17,2,fog,67,0.7766
14,Satpur Road,5,6,clear,9,0.0853
22,Nashik-Mumbai Road,16,2,clear,21,0.162
12,Mhasrul Road,8,4,fog,90,0.9084
18,Ambad Link Road,16,3,clear,15,0.1542
23,Deolali Road,1,0,clear,23,0.1861
3,CBS-Canada Road,4,2,clear,11,0.1393
26,Mhasrul Link,16,0,clear,12,0.1184
4,Old Pune Road,0,6,clear,12,0.1425
5,Panchavati Road,4,3,rain,24,0.2681
2,Sharanpur Road,7,0,clear,48,0.3738
28,Trimbak Road,19,2,rain,65,0.7966
11,Trimbak Road,6,0,rain,51,0.5116
18,Ambad Link Road,17,5,rain,61,0.6605
26,Mhasrul Link,21,6,rain,24,0.2467
15,Cidco Road,16,2,rain,23,0.2557
13,Nashik Phata Road,16,5,rain,5,0.0924
22,Nashik-Mumbai Road,0,4,clear,11,0.1198
1,MG Road,7,0,rain,34,0.4205
27,Sharanpur Road,23,4,clear,36,0.2961
13,Nashik Phata Road,17,6,clear,52,0.4726
23,Deolali Road,4,5,fog,13,0.1312
23,Deolali Road,15,0,clear,16,0.1594
26,Mhasrul Link,21,1,rain,18,0.2367
13,Nashik Phata Road,18,5,rain,43,0.5303
27,Sharanpur Road,18,4,clear,74,0.6669
4,Old Pune Road,14,2,clear,56,0.4599
18,Ambad Link Road,11,5,clear,12,0.1054
11,Trimbak Road,5,6,clear,7,0.099
23,Deolali Road,17,5,fog,58,0.5585
20,Industrial Road,7,4,rain,50,0.5302
14,Satpur Road,8,0,clear,85,0.7314
21,Ambad-Phata Road,0,3,rain,19,0.2018
8,Indira Nagar Road,1,5,clear,8,0.0736
10,Nashik Phata Road,8,6,rain,50,0.5459
18,Ambad Link Road,22,3,fog,32,0.3283
3,CBS-Canada Road,14,3,clear,44,0.4014
10,Nashik Phata Road,23,0,fog,19,0.2739
26,Mhasrul Link,7,5,clear,29,0.2838
10,Nashik Phata Road,8,5,clear,55,0.4514
6,College Road,5,6,rain,11,0.1325
2,Sharanpur Road,22,3,clear,33,0.2352
20,Industrial Road,23,0,clear,37,0.2821
28,Trimbak Road,21,2,rain,26,0.2847
28,Trimbak Road,14,3,clear,45,0.3689
19,MIDC Road,20,1,clear,77,0.6624
6,College Road,5,4,clear,21,0.1896
24,Pathardi Road,16,1,clear,10,0.1251
8,Indira Nagar Road,15,4,clear,18,0.1602
3,CBS-Canada Road,13,4,fog,56,0.5584
14,Satpur Road,15,3,rain,10,0.1572
4,Old Pune Road,2,0,rain,6,0.1051
27,Sharanpur Road,7,5,clear,22,0.2282
25,Agra Road,14,3,clear,49,0.4406
14,Satpur Road,2,0,clear,6,0.0791
4,Old Pune Road,12,1,clear,46,0.4288
20,Industrial Road,9,1,clear,81,0.7364
10,Nashik Phata Road,15,0,clear,7,0.1114
21,Ambad-Phata Road,8,0,rain,98,1.0
5,Panchavati Road,9,1,fog,79,0.7769
12,Mhasrul Road,17,1,clear,65,0.6256
6,College Road,6,0,clear,36,0.3392
20,Industrial Road,17,6,rain,56,0.6424
30,Agra Road,7,4,fog,30,0.3372
10,Nashik Phata Road,13,4,fog,47,0.5237
26,Mhasrul Link,18,3,rain,85,0.9466
13,Nashik Phata Road,3,0,clear,22,0.1754
28,Trimbak Road,7,4,clear,53,0.4078
28,Trimbak Road,17,3,clear,98,0.7671
8,Indira Nagar Road,19,6,clear,53,0.4861
14,Satpur Road,15,4,clear,7,0.1179
6,College Road,16,6,clear,11,0.1441
3,CBS-Canada Road,12,4,fog,48,0.4996
29,Pathardi Road,2,4,clear,6,0.1392
17,Dwarka-CBS Road,9,0,clear,94,0.7815
17,Dwarka-CBS Road,0,5,clear,4,0.0748
10,Nashik Phata Road,12,3,clear,43,0.4121
23,Deolali Road,6,1,rain,44,0.4634
7,Gangapur Road,19,1,fog,88,0.8694
30,Agra Road,7,5,clear,22,0.2423
6,College Road,22,4,rain,25,0.3072
1,MG Road,5,6,fog,12,0.1391
26,Mhasrul Link,22,0,fog,17,0.1878
6,College Road,9,5,clear,42,0.397
4,Old Pune Road,15,5,clear,7,0.094
13,Nashik Phata Road,14,1,fog,41,0.4694
30,Agra Road,22,2,rain,38,0.3871
22,Nashik-Mumbai Road,4,2,clear,17,0.1645
30,Agra Road,21,0,clear,27,0.2616
22,Nashik-Mumbai Road,16,2,clear,18,0.2014
9,Commissioner Office Road,5,6,clear,6,0.0755
15,Cidco Road,1,0,clear,9,0.1271
20,Industrial Road,5,6,rain,12,0.1686
30,Agra Road,10,6,fog,51,0.5043
9,Commissioner Office Road,15,3,clear,22,0.1759
19,MIDC Road,5,1,rain,20,0.248
10,Nashik Phata Road,17,1,clear,88,0.7055
3,CBS-Canada Road,9,3,clear,79,0.6354
2,Sharanpur Road,8,2,rain,99,1.0
4,Old Pune Road,17,3,fog,73,0.7642
30,Agra Road,16,1,rain,11,0.1484
17,Dwarka-CBS Road,21,2,clear,22,0.2114
15,Cidco Road,17,5,fog,51,0.4965
24,Pathardi Road,19,0,rain,83,0.8962
4,Old Pune Road,5,2,rain,15,0.2312
30,Agra Road,17,0,clear,90,0.7836
18,Ambad Link Road,3,3,clear,10,0.1202
26,Mhasrul Link,19,4,rain,78,0.9073
15,Cidco Road,18,0,clear,67,0.6125
26,Mhasrul Link,8,4,fog,75,0.7638
25,Agra Road,23,5,clear,19,0.1821
4,Old Pune Road,1,4,fog,8,0.1351
21,Ambad-Phata Road,15,4,rain,23,0.2303
13,Nashik Phata Road,17,0,clear,75,0.6724
4,Old Pune Road,9,2,clear,94,0.7489
15,Cidco Road,12,6,rain,31,0.3693
26,Mhasrul Link,12,4,fog,45,0.4851
6,College Road,7,0,rain,41,0.4627
19,MIDC Road,1,0,clear,22,0.1897
27,Sharanpur Road,20,3,clear,79,0.6805
7,Gangapur Road,17,2,clear,91,0.7358
18,Ambad Link Road,1,3,clear,17,0.1812
26,Mhasrul Link,7,4,clear,33,0.3326
17,Dwarka-CBS Road,7,1,clear,46,0.3721
27,Sharanpur Road,4,0,clear,22,0.171
27,Sharanpur Road,11,0,clear,24,0.2187
21,Ambad-Phata Road,1,1,clear,11,0.147
13,Nashik Phata Road,11,2,clear,21,0.1586
10,Nashik Phata Road,11,6,clear,5,0.0909
12,Mhasrul Road,1,6,rain,6,0.122
21,Ambad-Phata Road,13,3,clear,40,0.3444
25,Agra Road,20,2,fog,90,0.8667
13,Nashik Phata Road,11,4,rain,8,0.1588
10,Nashik Phata Road,12,3,rain,54,0.6037
8,Indira Nagar Road,14,4,clear,60,0.4885
27,Sharanpur Road,7,1,clear,38,0.3432
5,Panchavati Road,5,5,clear,7,0.0995
10,Nashik Phata Road,20,3,rain,92,0.9719
13,Nashik Phata Road,14,1,rain,62,0.6405
1,MG Road,7,2,clear,32,0.3136
24,Pathardi Road,16,1,clear,20,0.1518
14,Satpur Road,10,4,fog,84,0.8092
29,Pathardi Road,20,0,fog,82,0.8471
8,Indira Nagar Road,15,2,rain,18,0.1996
30,Agra Road,13,2,clear,58,0.4828
18,Ambad Link Road,8,4,fog,63,0.7222
18,Ambad Link Road,7,4,fog,32,0.3559
8,Indira Nagar Road,3,1,clear,6,0.1311
22,Nashik-Mumbai Road,6,3,clear,33,0.3505
21,Ambad-Phata Road,22,5,clear,10,0.165
28,Trimbak Road,3,6,fog,9,0.1299
9,Commissioner Office Road,6,3,clear,33,0.3057
12,Mhasrul Road,12,0,clear,67,0.5516
30,Agra Road,4,0,clear,19,0.157
26,Mhasrul Link,5,1,clear,23,0.1906
11,Trimbak Road,19,4,clear,65,0.6302
24,Pathardi Road,4,0,rain,5,0.138
23,Deolali Road,4,3,rain,14,0.1631
22,Nashik-Mumbai Road,20,1,clear,71,0.6703
20,Industrial Road,5,2,clear,20,0.1827
11,Trimbak Road,15,6,rain,10,0.1321
28,Trimbak Road,5,3,clear,19,0.184
14,Satpur Road,17,1,clear,98,0.7849
27,Sharanpur Road,22,5,clear,16,0.1873
9,Commissioner Office Road,19,5,rain,64,0.6278
19,MIDC Road,5,0,clear,10,0.1081
15,Cidco Road,12,6,clear,44,0.3203
16,Pathardi Road,23,4,rain,32,0.3297
12,Mhasrul Road,0,3,fog,24,0.2072
27,Sharanpur Road,9,3,rain,66,0.85
24,Pathardi Road,23,3,fog,36,0.313
16,Pathardi Road,14,3,rain,55,0.5956
5,Panchavati Road,10,4,clear,65,0.6205
2,Sharanpur Road,1,3,rain,6,0.174
16,Pathardi Road,4,1,clear,20,0.2043
29,Pathardi Road,15,6,clear,9,0.0851
4,Old Pune Road,13,1,clear,66,0.488
9,Commissioner Office Road,4,4,clear,11,0.1723
18,Ambad Link Road,11,5,clear,11,0.1259
2,Sharanpur Road,10,0,rain,78,0.8801
18,Ambad Link Road,22,1,clear,30,0.2649
25,Agra Road,0,3,clear,19,0.168
27,Sharanpur Road,5,5,clear,5,0.1035
5,Panchavati Road,0,2,clear,12,0.1308
23,Deolali Road,21,0,clear,30,0.2598
30,Agra Road,12,0,clear,45,0.3798
20,Industrial Road,17,2,clear,96,0.7848
4,Old Pune Road,3,4,fog,9,0.1439
14,Satpur Road,23,0,clear,33,0.2476
10,Nashik Phata Road,12,5,fog,35,0.323
11,Trimbak Road,1,6,clear,5,0.1147
7,Gangapur Road,9,5,fog,46,0.4822
18,Ambad Link Road,1,1,clear,5,0.0859
18,Ambad Link Road,0,2,clear,11,0.1619
21,Ambad-Phata Road,8,1,fog,65,0.7517
30,Agra Road,4,3,clear,17,0.1848
3,CBS-Canada Road,11,0,fog,22,0.1904
20,Industrial Road,18,0,rain,99,0.999
18,Ambad Link Road,17,5,clear,63,0.5247
27,Sharanpur Road,0,4,rain,14,0.2288
25,Agra Road,1,6,fog,11,0.148
14,Satpur Road,17,1,clear,89,0.6755
12,Mhasrul Road,8,1,fog,88,0.8166
10,Nashik Phata Road,7,2,clear,48,0.3696
22,Nashik-Mumbai Road,3,1,clear,22,0.157
9,Commissioner Office Road,3,4,fog,19,0.1893
14,Satpur Road,2,5,fog,5,0.0791
28,Trimbak Road,8,0,rain,60,0.8124
25,Agra Road,18,0,clear,76,0.6643
7,Gangapur Road,18,6,clear,55,0.4618
15,Cidco Road,6,4,clear,39,0.3421
9,Commissioner Office Road,0,3,clear,7,0.1199
19,MIDC Road,10,4,clear,69,0.6636
13,Nashik Phata Road,4,1,clear,16,0.1347
8,Indira Nagar Road,14,4,rain,45,0.5212
20,Industrial Road,0,2,clear,12,0.1566
12,Mhasrul Road,5,3,rain,12,0.1881
12,Mhasrul Road,16,5,clear,15,0.1511
17,Dwarka-CBS Road,15,3,clear,5,0.0878
26,Mhasrul Link,17,6,clear,60,0.5026
29,Pathardi Road,7,2,fog,48,0.4607
30,Agra Road,21,4,clear,34,0.263
6,College Road,3,0,rain,20,0.194
2,Sharanpur Road,16,6,clear,9,0.1285
5,Panchavati Road,11,3,rain,18,0.2282
7,Gangapur Road,1,5,clear,3,0.0823
25,Agra Road,3,0,fog,9,0.117
13,Nashik Phata Road,4,1,fog,11,0.156
17,Dwarka-CBS Road,15,2,rain,5,0.173
1,MG Road,8,2,clear,80,0.6657
11,Trimbak Road,0,3,fog,12,0.1637
10,Nashik Phata Road,3,6,fog,5,0.0855
27,Sharanpur Road,21,1,rain,32,0.346
22,Nashik-Mumbai Road,14,0,clear,53,0.4047
24,Pathardi Road,20,6,fog,57,0.5833
8,Indira Nagar Road,13,0,clear,42,0.3507
15,Cidco Road,3,4,fog,8,0.1586
10,Nashik Phata Road,7,3,fog,32,0.3742
26,Mhasrul Link,0,5,clear,11,0.1401
21,Ambad-Phata Road,12,6,rain,44,0.4368
9,Commissioner Office Road,22,5,clear,24,0.2038
6,College Road,4,4,clear,23,0.1921
10,Nashik Phata Road,22,5,clear,11,0.1387
5,Panchavati Road,18,1,clear,65,0.6332
27,Sharanpur Road,13,1,clear,40,0.339
25,Agra Road,21,2,rain,17,0.2276
20,Industrial Road,16,6,rain,12,0.149
13,Nashik Phata Road,0,0,clear,9,0.1284
25,Agra Road,16,1,rain,22,0.2555
7,Gangapur Road,7,4,fog,53,0.4559
1,MG Road,21,4,clear,16,0.1733
17,Dwarka-CBS Road,14,3,clear,42,0.3906
30,Agra Road,7,0,rain,44,0.5243
12,Mhasrul Road,5,4,clear,17,0.1493
28,Trimbak Road,23,0,clear,30,0.2436
11,Trimbak Road,11,4,fog,5,0.1176
13,Nashik Phata Road,15,1,clear,20,0.1833
23,Deolali Road,4,1,clear,15,0.1341
11,Trimbak Road,20,3,clear,81,0.6776
10,Nashik Phata Road,10,4,clear,92,0.7339
5,Panchavati Road,14,6,clear,27,0.273
17,Dwarka-CBS Road,14,4,clear,61,0.4468
14,Satpur Road,16,1,rain,20,0.1988
24,Pathardi Road,3,2,clear,22,0.1749
9,Commissioner Office Road,10,5,rain,50,0.5643
24,Pathardi Road,8,6,clear,53,0.4383
10,Nashik Phata Road,8,2,rain,93,0.9878
20,Industrial Road,23,4,rain,31,0.3519
1,MG Road,10,0,fog,64,0.701
23,Deolali Road,5,2,fog,19,0.1865
21,Ambad-Phata Road,23,6,clear,22,0.2126
25,Agra Road,9,5,rain,61,0.6535
13,Nashik Phata Road,19,0,clear,90,0.7524
3,CBS-Canada Road,10,2,rain,95,1.0
13,Nashik Phata Road,23,6,clear,16,0.1807
26,Mhasrul Link,13,3,clear,66,0.5387
25,Agra Road,22,1,fog,20,0.2837
15,Cidco Road,10,5,clear,50,0.4513
24,Pathardi Road,16,4,fog,21,0.2389
7,Gangapur Road,18,2,rain,86,0.9011
9,Commissioner Office Road,4,1,clear,13,0.1846
10,Nashik Phata Road,7,5,clear,23,0.2305
6,College Road,8,2,clear,63,0.579
7,Gangapur Road,9,0,clear,94,0.7619
24,Pathardi Road,11,2,clear,16,0.1749
2,Sharanpur Road,23,4,clear,22,0.2317
4,Old Pune Road,16,2,clear,15,0.1597
17,Dwarka-CBS Road,21,4,clear,21,0.2336
14,Satpur Road,14,2,rain,48,0.5545
7,Gangapur Road,0,0,rain,6,0.1555
15,Cidco Road,16,4,rain,16,0.1957
15,Cidco Road,6,6,clear,27,0.2081
1,MG Road,4,2,clear,23,0.1754
16,Pathardi Road,1,6,clear,13,0.1018
10,Nashik Phata Road,22,0,rain,23,0.2956
30,Agra Road,7,6,rain,31,0.3588
10,Nashik Phata Road,23,4,clear,28,0.2581
7,Gangapur Road,18,5,fog,50,0.5026
26,Mhasrul Link,17,4,rain,65,0.8363
23,Deolali Road,5,0,clear,12,0.1312
20,Industrial Road,22,2,fog,15,0.2328
18,Ambad Link Road,1,3,clear,8,0.1439
15,Cidco Road,21,2,clear,38,0.3151
12,Mhasrul Road,11,4,clear,23,0.2213
16,Pathardi Road,3,1,clear,23,0.2216
28,Trimbak Road,20,6,fog,62,0.543
6,College Road,12,1,rain,66,0.6233
17,Dwarka-CBS Road,18,6,clear,44,0.4132
9,Commissioner Office Road,6,2,fog,38,0.4263
20,Industrial Road,15,6,clear,15,0.1354
24,Pathardi Road,7,4,fog,36,0.3356
1,MG Road,16,1,rain,15,0.1518
25,Agra Road,6,3,rain,41,0.4391
21,Ambad-Phata Road,15,4,rain,13,0.1815
19,MIDC Road,9,6,fog,48,0.4844
21,Ambad-Phata Road,22,4,clear,33,0.2546
8,Indira Nagar Road,15,1,fog,16,0.1844
9,Commissioner Office Road,17,2,rain,95,0.9948
4,Old Pune Road,17,2,clear,67,0.6614
7,Gangapur Road,18,5,clear,55,0.4504
15,Cidco Road,11,4,clear,9,0.1265
29,Pathardi Road,21,1,clear,32,0.2755
23,Deolali Road,14,4,clear,61,0.4983
24,Pathardi Road,9,3,fog,62,0.7286
15,Cidco Road,4,6,clear,13,0.102
20,Industrial Road,22,2,fog,23,0.2616
14,Satpur Road,4,4,fog,20,0.1821
27,Sharanpur Road,8,4,clear,85,0.7358
16,Pathardi Road,15,6,clear,3,0.0571
8,Indira Nagar Road,0,5,fog,7,0.128
9,Commissioner Office Road,16,2,clear,22,0.2002
28,Trimbak Road,0,2,clear,9,0.119
22,Nashik-Mumbai Road,4,3,fog,13,0.1604
29,Pathardi Road,2,4,clear,15,0.1545
7,Gangapur Road,16,5,clear,3,0.0873
9,Commissioner Office Road,12,4,clear,52,0.4312
14,Satpur Road,15,6,clear,13,0.1345
27,Sharanpur Road,5,2,clear,5,0.1342
12,Mhasrul Road,9,1,clear,82,0.6722
21,Ambad-Phata Road,23,1,rain,23,0.27
18,Ambad Link Road,11,2,fog,12,0.1541
16,Pathardi Road,15,3,rain,19,0.2056
8,Indira Nagar Road,0,4,clear,22,0.163
11,Trimbak Road,6,1,fog,33,0.3857
10,Nashik Phata Road,5,1,rain,15,0.2363
28,Trimbak Road,10,2,rain,79,0.9586
29,Pathardi Road,23,5,clear,9,0.1023
17,Dwarka-CBS Road,15,6,rain,7,0.1205
14,Satpur Road,10,1,rain,86,0.9589
16,Pathardi Road,2,3,rain,17,0.2257
1,MG Road,7,5,rain,24,0.2843
6,College Road,14,6,clear,39,0.2977
7,Gangapur Road,22,1,clear,28,0.2332
2,Sharanpur Road,18,5,rain,46,0.5673
13,Nashik Phata Road,15,5,clear,13,0.1194
23,Deolali Road,11,4,rain,20,0.2057
15,Cidco Road,23,3,rain,15,0.2558
23,Deolali Road,5,1,clear,5,0.1193
2,Sharanpur Road,17,1,fog,68,0.7489
18,Ambad Link Road,15,4,clear,6,0.1051
23,Deolali Road,10,1,rain,70,0.8159
7,Gangapur Road,22,2,clear,18,0.213
19,MIDC Road,13,2,clear,51,0.4237
8,Indira Nagar Road,13,4,clear,46,0.3999
26,Mhasrul Link,11,1,clear,13,0.1693
1,MG Road,19,0,clear,67,0.6735
13,Nashik Phata Road,10,4,rain,83,0.9043
11,Trimbak Road,1,6,clear,13,0.1154
25,Agra Road,4,4,rain,14,0.1741
18,Ambad Link Road,20,1,clear,93,0.7387
7,Gangapur Road,13,4,clear,62,0.444
18,Ambad Link Road,16,0,clear,14,0.1286
8,Indira Nagar Road,14,4,fog,58,0.5474
19,MIDC Road,8,5,clear,64,0.4896
6,College Road,15,1,rain,17,0.2317
22,Nashik-Mumbai Road,19,5,fog,64,0.6168
13,Nashik Phata Road,1,5,clear,5,0.0953
7,Gangapur Road,13,0,rain,67,0.6895
20,Industrial Road,3,4,fog,23,0.2217
8,Indira Nagar Road,2,1,rain,17,0.1903
5,Panchavati Road,8,4,rain,82,0.8837
21,Ambad-Phata Road,10,0,clear,82,0.699
5,Panchavati Road,5,2,fog,20,0.1953
1,MG Road,9,6,rain,52,0.5921
14,Satpur Road,10,2,clear,99,0.7729
8,Indira Nagar Road,15,1,clear,8,0.0928
16,Pathardi Road,20,5,rain,54,0.6023
22,Nashik-Mumbai Road,23,0,rain,31,0.3476
7,Gangapur Road,3,4,rain,15,0.2292
2,Sharanpur Road,15,2,clear,21,0.1745
5,Panchavati Road,1,0,rain,17,0.1862
27,Sharanpur Road,14,2,rain,57,0.6151
19,MIDC Road,21,4,clear,28,0.2637
17,Dwarka-CBS Road,2,5,clear,9,0.089
18,Ambad Link Road,16,6,clear,7,0.0861
28,Trimbak Road,6,0,clear,49,0.3579
12,Mhasrul Road,23,0,rain,39,0.3584
15,Cidco Road,23,1,fog,21,0.2579
9,Commissioner Office Road,13,4,clear,51,0.4248
16,Pathardi Road,11,1,clear,17,0.1429
28,Trimbak Road,21,3,clear,37,0.312
16,Pathardi Road,0,3,clear,24,0.2042
7,Gangapur Road,6,1,rain,31,0.4078
17,Dwarka-CBS Road,19,4,clear,88,0.7385
7,Gangapur Road,7,6,clear,32,0.2301
30,Agra Road,15,2,clear,18,0.1858
3,CBS-Canada Road,17,5,rain,53,0.5768
23,Deolali Road,14,0,fog,55,0.5336
17,Dwarka-CBS Road,4,5,rain,7,0.118
25,Agra Road,3,6,rain,6,0.1395
19,MIDC Road,5,5,rain,14,0.1761
15,Cidco Road,18,3,rain,69,0.8785
5,Panchavati Road,0,2,rain,24,0.2749
29,Pathardi Road,7,5,clear,20,0.2257
13,Nashik Phata Road,5,0,rain,15,0.2163
9,Commissioner Office Road,10,4,fog,67,0.7846
8,Indira Nagar Road,10,0,clear,97,0.7896
10,Nashik Phata Road,11,1,rain,17,0.2159
30,Agra Road,10,6,clear,40,0.3813
1,MG Road,4,0,clear,23,0.1964
15,Cidco Road,3,0,rain,21,0.2279
9,Commissioner Office Road,13,6,clear,26,0.2453
20,Industrial Road,7,0,clear,33,0.3074
9,Commissioner Office Road,4,4,rain,8,0.1833
6,College Road,7,0,clear,30,0.3448
23,Deolali Road,10,2,clear,62,0.6133
7,Gangapur Road,1,0,rain,15,0.2153
19,MIDC Road,20,2,fog,72,0.7833
3,CBS-Canada Road,6,1,clear,30,0.274
5,Panchavati Road,20,3,clear,96,0.7374
17,Dwarka-CBS Road,0,0,clear,16,0.1646
14,Satpur Road,6,3,clear,47,0.3502
25,Agra Road,7,3,clear,49,0.3743
4,Old Pune Road,5,2,clear,12,0.1385
6,College Road,21,1,clear,38,0.2834
5,Panchavati Road,6,5,clear,23,0.1973
23,Deolali Road,12,1,fog,41,0.4312
17,Dwarka-CBS Road,5,2,rain,6,0.1401
2,Sharanpur Road,21,4,rain,19,0.265
30,Agra Road,20,4,clear,75,0.6764
17,Dwarka-CBS Road,19,1,fog,97,0.8909
8,Indira Nagar Road,13,5,fog,37,0.3453
21,Ambad-Phata Road,14,2,clear,50,0.4222
15,Cidco Road,16,5,clear,7,0.119
6,College Road,17,1,clear,70,0.6616
29,Pathardi Road,18,3,clear,78,0.6708
29,Pathardi Road,20,5,rain,46,0.5602
13,Nashik Phata Road,17,2,clear,77,0.6889
25,Agra Road,5,2,clear,8,0.1381
7,Gangapur Road,22,1,clear,30,0.27
24,Pathardi Road,12,3,rain,51,0.539
16,Pathardi Road,6,6,clear,23,0.2014
21,Ambad-Phata Road,10,5,rain,54,0.6152
13,Nashik Phata Road,3,6,clear,5,0.0742
29,Pathardi Road,3,4,rain,23,0.2077
29,Pathardi Road,10,3,fog,85,0.8342
24,Pathardi Road,9,6,clear,44,0.4154
30,Agra Road,8,6,fog,55,0.4861
24,Pathardi Road,13,5,clear,37,0.3001
23,Deolali Road,20,3,clear,84,0.7669
13,Nashik Phata Road,8,5,clear,41,0.3998
6,College Road,0,6,rain,7,0.1266
26,Mhasrul Link,15,0,clear,24,0.18
23,Deolali Road,12,0,rain,53,0.6256
27,Sharanpur Road,17,0,clear,69,0.6699
10,Nashik Phata Road,15,6,clear,11,0.1051
19,MIDC Road,5,1,clear,19,0.1742
24,Pathardi Road,5,0,clear,8,0.1417
26,Mhasrul Link,1,6,clear,9,0.1078
29,Pathardi Road,0,4,fog,13,0.1691
22,Nashik-Mumbai Road,3,0,rain,19,0.2548
14,Satpur Road,4,4,clear,20,0.1632
1,MG Road,4,0,clear,8,0.1487
16,Pathardi Road,17,1,clear,97,0.766
11,Trimbak Road,9,0,clear,63,0.5517
24,Pathardi Road,10,0,clear,95,0.719
19,MIDC Road,17,0,clear,71,0.6473
18,Ambad Link Road,1,0,fog,5,0.1406
2,Sharanpur Road,5,0,clear,19,0.1598
26,Mhasrul Link,5,2,clear,14,0.1749
7,Gangapur Road,6,1,clear,31,0.2821
22,Nashik-Mumbai Road,12,1,fog,69,0.6287
23,Deolali Road,22,1,clear,29,0.244
25,Agra Road,0,2,clear,6,0.1081
19,MIDC Road,8,4,clear,99,0.7724
15,Cidco Road,15,0,clear,23,0.2152
4,Old Pune Road,10,0,rain,91,0.937
11,Trimbak Road,5,2,rain,16,0.1747
21,Ambad-Phata Road,0,0,rain,12,0.2144
13,Nashik Phata Road,9,0,clear,81,0.6405
2,Sharanpur Road,10,5,clear,59,0.4836
11,Trimbak Road,5,2,clear,11,0.1581
30,Agra Road,7,2,clear,44,0.3582
18,Ambad Link Road,15,1,rain,21,0.2305
20,Industrial Road,11,1,clear,16,0.1626
16,Pathardi Road,13,0,clear,45,0.42
9,Commissioner Office Road,7,0,clear,48,0.3689
20,Industrial Road,13,5,clear,29,0.2662
9,Commissioner Office Road,1,5,fog,4,0.0858
24,Pathardi Road,9,0,clear,92,0.7064
9,Commissioner Office Road,7,0,clear,33,0.3388
8,Indira Nagar Road,22,3,clear,29,0.2853
18,Ambad Link Road,0,0,fog,9,0.1417
6,College Road,11,6,clear,13,0.128
28,Trimbak Road,12,0,clear,47,0.4033
25,Agra Road,21,1,clear,23,0.222
8,Indira Nagar Road,18,2,clear,73,0.6636
30,Agra Road,22,4,rain,27,0.3141
17,Dwarka-CBS Road,14,0,clear,42,0.4214
29,Pathardi Road,7,1,clear,52,0.3834
24,Pathardi Road,23,0,clear,29,0.2591
6,College Road,7,1,clear,33,0.3283
9,Commissioner Office Road,7,2,clear,43,0.3431
28,Trimbak Road,17,6,clear,55,0.4974
16,Pathardi Road,8,3,clear,61,0.5516
5,Panchavati Road,6,5,fog,25,0.2513
14,Satpur Road,19,3,rain,65,0.8548
2,Sharanpur Road,15,1,clear,17,0.1953
10,Nashik Phata Road,0,3,rain,21,0.2732
12,Mhasrul Road,12,4,clear,41,0.3871
22,Nashik-Mumbai Road,13,1,clear,64,0.525
6,College Road,22,6,fog,11,0.1331
1,MG Road,11,2,rain,18,0.2028
9,Commissioner Office Road,5,0,clear,17,0.1398
21,Ambad-Phata Road,1,3,clear,16,0.1705
25,Agra Road,14,4,rain,58,0.5785
1,MG Road,1,2,clear,23,0.212
13,Nashik Phata Road,15,1,clear,22,0.2021
7,Gangapur Road,20,6,rain,60,0.652
3,CBS-Canada Road,4,6,fog,14,0.1379
10,Nashik Phata Road,17,2,rain,84,0.9594
19,MIDC Road,5,4,clear,9,0.1123
28,Trimbak Road,3,3,clear,14,0.1671
28,Trimbak Road,15,3,fog,22,0.2153
19,MIDC Road,6,0,rain,48,0.4827
1,MG Road,4,0,rain,19,0.1922
9,Commissioner Office Road,4,6,fog,3,0.0759
3,CBS-Canada Road,21,1,clear,34,0.2888
2,Sharanpur Road,16,1,clear,14,0.1638
22,Nashik-Mumbai Road,16,0,fog,11,0.1535
2,Sharanpur Road,9,4,clear,75,0.5933
6,College Road,5,6,rain,4,0.0776
3,CBS-Canada Road,5,0,rain,6,0.1229
11,Trimbak Road,15,2,rain,22,0.2554
9,Commissioner Office Road,20,2,rain,97,1.0
18,Ambad Link Road,2,0,fog,23,0.2425
20,Industrial Road,8,6,clear,40,0.3811
29,Pathardi Road,16,1,clear,14,0.1539
30,Agra Road,18,0,fog,71,0.7848
15,Cidco Road,13,3,rain,41,0.4927
10,Nashik Phata Road,17,6,clear,61,0.4993
14,Satpur Road,9,5,fog,64,0.5968
27,Sharanpur Road,20,0,clear,79,0.6535
4,Old Pune Road,10,0,rain,78,0.9424
25,Agra Road,3,2,clear,20,0.1767
10,Nashik Phata Road,23,0,clear,36,0.2958
12,Mhasrul Road,13,4,clear,59,0.4585
26,Mhasrul Link,0,0,fog,13,0.1381
7,Gangapur Road,21,5,fog,20,0.2026
7,Gangapur Road,14,3,clear,66,0.4816
17,Dwarka-CBS Road,22,1,clear,34,0.3003
29,Pathardi Road,2,2,fog,23,0.2189
17,Dwarka-CBS Road,9,0,clear,93,0.7102
12,Mhasrul Road,15,0,clear,16,0.1599
16,Pathardi Road,3,3,clear,22,0.2029
10,Nashik Phata Road,18,5,clear,57,0.486
5,Panchavati Road,11,2,rain,8,0.1509
4,Old Pune Road,12,3,clear,40,0.3773
3,CBS-Canada Road,14,6,fog,44,0.4043
19,MIDC Road,19,5,fog,57,0.5388
3,CBS-Canada Road,10,1,clear,72,0.6245
7,Gangapur Road,8,6,clear,50,0.4018
13,Nashik Phata Road,11,5,clear,9,0.1017
8,Indira Nagar Road,15,0,clear,10,0.1494
5,Panchavati Road,9,5,fog,42,0.4475
27,Sharanpur Road,21,1,clear,24,0.1944
9,Commissioner Office Road,12,4,fog,58,0.5386
27,Sharanpur Road,19,4,clear,77,0.6846
14,Satpur Road,0,4,clear,23,0.2087
5,Panchavati Road,4,4,rain,6,0.1704
24,Pathardi Road,8,2,clear,85,0.6947
20,Industrial Road,16,1,clear,5,0.1241
21,Ambad-Phata Road,19,3,clear,92,0.7282
7,Gangapur Road,23,4,rain,20,0.3145
4,Old Pune Road,23,5,clear,12,0.1612
3,CBS-Canada Road,22,0,clear,26,0.2214
17,Dwarka-CBS Road,8,4,clear,79,0.6853
28,Trimbak Road,15,2,clear,17,0.1395
18,Ambad Link Road,5,5,clear,6,0.1237
21,Ambad-Phata Road,6,4,clear,50,0.365
3,CBS-Canada Road,17,1,rain,66,0.822
25,Agra Road,12,6,clear,26,0.2527
5,Panchavati Road,11,6,clear,3,0.0884
2,Sharanpur Road,15,3,clear,10,0.1429
5,Panchavati Road,7,5,clear,33,0.2351
6,College Road,16,4,clear,21,0.1939
22,Nashik-Mumbai Road,6,5,rain,27,0.2849
21,Ambad-Phata Road,17,5,clear,62,0.5014
25,Agra Road,4,6,fog,13,0.1409
2,Sharanpur Road,13,4,fog,60,0.5183
11,Trimbak Road,21,1,clear,15,0.2025
23,Deolali Road,21,5,clear,25,0.2248
13,Nashik Phata Road,12,6,rain,26,0.3165
24,Pathardi Road,5,0,rain,22,0.2614
3,CBS-Canada Road,15,4,clear,6,0.1226
24,Pathardi Road,3,3,rain,6,0.1522
6,College Road,17,3,clear,93,0.7366
25,Agra Road,6,6,fog,26,0.2857
14,Satpur Road,5,0,rain,5,0.1263
21,Ambad-Phata Road,9,1,clear,91,0.6795
10,Nashik Phata Road,17,4,clear,66,0.5848
23,Deolali Road,11,5,clear,12,0.1452
2,Sharanpur Road,10,3,clear,97,0.7657
4,Old Pune Road,8,3,clear,64,0.6502
5,Panchavati Road,4,4,clear,10,0.1599
10,Nashik Phata Road,14,6,fog,39,0.3802
19,MIDC Road,12,2,clear,59,0.4729
29,Pathardi Road,14,5,clear,36,0.2945
30,Agra Road,7,5,rain,31,0.31
23,Deolali Road,2,3,rain,8,0.189
20,Industrial Road,12,4,clear,64,0.4918
17,Dwarka-CBS Road,5,2,clear,8,0.1272
1,MG Road,12,1,clear,49,0.4193
13,Nashik Phata Road,13,2,clear,49,0.394
1,MG Road,13,2,clear,56,0.4425
15,Cidco Road,7,5,rain,24,0.2743
2,Sharanpur Road,8,1,clear,77,0.7017
15,Cidco Road,10,2,clear,65,0.6167
25,Agra Road,13,3,rain,51,0.5574
9,Commissioner Office Road,10,1,clear,85,0.6855
21,Ambad-Phata Road,7,0,clear,42,0.3705
23,Deolali Road,15,3,fog,21,0.2148
20,Industrial Road,11,5,clear,8,0.0948
2,Sharanpur Road,7,1,rain,39,0.4306
5,Panchavati Road,8,3,fog,92,0.8633
1,MG Road,13,2,clear,46,0.3772
20,Industrial Road,14,1,rain,49,0.5517
9,Commissioner Office Road,8,4,clear,97,0.7477
12,Mhasrul Road,9,6,rain,63,0.687
21,Ambad-Phata Road,23,5,clear,25,0.1776
17,Dwarka-CBS Road,13,1,clear,65,0.488
2,Sharanpur Road,21,6,rain,13,0.1893
20,Industrial Road,3,1,fog,23,0.2275
29,Pathardi Road,0,4,rain,24,0.2537
13,Nashik Phata Road,21,4,clear,19,0.2128
7,Gangapur Road,4,2,rain,23,0.2571
20,Industrial Road,16,6,clear,4,0.0981
8,Indira Nagar Road,4,1,rain,6,0.1748
13,Nashik Phata Road,5,5,clear,5,0.0735
13,Nashik Phata Road,7,6,rain,32,0.3484
8,Indira Nagar Road,4,5,fog,3,0.1068
6,College Road,23,1,clear,19,0.204
17,Dwarka-CBS Road,3,1,clear,20,0.1854
19,MIDC Road,17,4,clear,87,0.7195
23,Deolali Road,21,1,clear,37,0.3018
7,Gangapur Road,18,0,clear,94,0.7521
19,MIDC Road,17,6,clear,58,0.5147
9,Commissioner Office Road,7,1,clear,35,0.2832
14,Satpur Road,20,5,clear,58,0.5062
9,Commissioner Office Road,21,3,clear,30,0.2603
24,Pathardi Road,21,2,rain,38,0.3879
17,Dwarka-CBS Road,6,1,rain,49,0.4955
2,Sharanpur Road,16,5,clear,4,0.0949
12,Mhasrul Road,19,1,clear,71,0.6514
17,Dwarka-CBS Road,17,5,fog,63,0.6028
3,CBS-Canada Road,19,0,clear,72,0.6702
29,Pathardi Road,4,5,clear,9,0.1081
13,Nashik Phata Road,17,1,clear,78,0.659
20,Industrial Road,1,3,clear,8,0.1253
6,College Road,14,1,clear,60,0.4531
28,Trimbak Road,21,3,clear,18,0.1947
14,Satpur Road,19,5,clear,48,0.4464
13,Nashik Phata Road,17,5,clear,57,0.4701
26,Mhasrul Link,17,2,clear,65,0.6702
9,Commissioner Office Road,14,6,fog,41,0.3772
4,Old Pune Road,8,5,clear,55,0.4694
25,Agra Road,8,4,rain,68,0.8263
13,Nashik Phata Road,9,1,rain,81,0.8691
7,Gangapur Road,19,1,clear,89,0.7023
15,Cidco Road,5,3,fog,15,0.1765
15,Cidco Road,3,4,clear,14,0.1724
10,Nashik Phata Road,19,5,rain,43,0.5362
12,Mhasrul Road,13,6,clear,28,0.2645
16,Pathardi Road,13,3,clear,46,0.3909
26,Mhasrul Link,18,3,rain,70,0.8643
11,Trimbak Road,19,4,clear,90,0.7711
4,Old Pune Road,11,3,clear,12,0.1246
25,Agra Road,16,1,clear,7,0.109
26,Mhasrul Link,6,1,clear,35,0.326
13,Nashik Phata Road,3,3,clear,15,0.1355
7,Gangapur Road,11,0,clear,8,0.1274
3,CBS-Canada Road,6,5,clear,22,0.2371
26,Mhasrul Link,12,6,clear,33,0.2961
12,Mhasrul Road,12,5,clear,29,0.3002
26,Mhasrul Link,3,4,rain,7,0.1278
10,Nashik Phata Road,11,6,clear,14,0.122
29,Pathardi Road,6,1,rain,51,0.5498
29,Pathardi Road,9,0,clear,89,0.6858
25,Agra Road,9,4,fog,74,0.7638
9,Commissioner Office Road,10,5,clear,60,0.4652
10,Nashik Phata Road,14,5,clear,37,0.3074
3,CBS-Canada Road,13,1,fog,55,0.5313
6,College Road,8,6,clear,45,0.4327
25,Agra Road,13,2,clear,55,0.4593
6,College Road,16,0,clear,18,0.1452
6,College Road,16,4,clear,8,0.1257
16,Pathardi Road,2,3,clear,17,0.1755
26,Mhasrul Link,0,6,clear,6,0.1205
16,Pathardi Road,9,2,rain,98,1.0
7,Gangapur Road,23,5,clear,20,0.1493
6,College Road,15,4,clear,15,0.1748
13,Nashik Phata Road,22,2,clear,33,0.2741
25,Agra Road,23,0,fog,18,0.2099
17,Dwarka-CBS Road,14,1,clear,59,0.4839
18,Ambad Link Road,3,6,fog,9,0.1292
22,Nashik-Mumbai Road,11,3,clear,9,0.1389
29,Pathardi Road,14,4,clear,60,0.4913
10,Nashik Phata Road,3,2,clear,7,0.1158
18,Ambad Link Road,18,5,rain,57,0.6092
2,Sharanpur Road,9,6,clear,46,0.4042
14,Satpur Road,16,6,clear,13,0.1293
2,Sharanpur Road,15,1,clear,11,0.1584
20,Industrial Road,6,1,clear,40,0.3755
14,Satpur Road,16,1,clear,16,0.1531
8,Indira Nagar Road,21,5,rain,10,0.1666
29,Pathardi Road,13,0,clear,48,0.4034
19,MIDC Road,0,1,fog,16,0.1881
14,Satpur Road,14,2,clear,43,0.4068
19,MIDC Road,6,3,clear,30,0.3286
4,Old Pune Road,17,6,rain,61,0.6437
30,Agra Road,1,3,clear,24,0.1676
27,Sharanpur Road,21,6,clear,22,0.1888
15,Cidco Road,14,1,clear,62,0.516
15,Cidco Road,21,6,rain,20,0.2176
9,Commissioner Office Road,20,4,rain,74,0.8679
8,Indira Nagar Road,4,1,fog,17,0.1982
6,College Road,7,5,clear,33,0.2576
28,Trimbak Road,12,1,rain,60,0.6463
4,Old Pune Road,10,2,clear,87,0.7042
30,Agra Road,18,1,clear,67,0.6082
11,Trimbak Road,17,3,clear,70,0.6436
3,CBS-Canada Road,16,3,clear,8,0.131
10,Nashik Phata Road,6,1,clear,52,0.3965
18,Ambad Link Road,16,2,clear,8,0.1528
13,Nashik Phata Road,15,0,clear,12,0.1356
29,Pathardi Road,5,4,clear,13,0.1465
22,Nashik-Mumbai Road,15,3,clear,18,0.1453
12,Mhasrul Road,23,5,fog,16,0.1782
16,Pathardi Road,9,3,clear,85,0.6803
30,Agra Road,10,6,fog,44,0.4587
15,Cidco Road,8,1,rain,64,0.7551
14,Satpur Road,22,4,rain,22,0.3065
17,Dwarka-CBS Road,2,0,clear,20,0.2037
14,Satpur Road,6,0,clear,46,0.3796
7,Gangapur Road,5,4,clear,6,0.1301
24,Pathardi Road,22,6,clear,13,0.1696
15,Cidco Road,14,2,clear,58,0.4482
26,Mhasrul Link,14,0,clear,51,0.4695
29,Pathardi Road,10,0,clear,64,0.5956
26,Mhasrul Link,6,3,clear,44,0.3408
22,Nashik-Mumbai Road,16,3,rain,12,0.1515
6,College Road,20,3,clear,72,0.6517
18,Ambad Link Road,16,5,clear,4,0.0952
7,Gangapur Road,11,3,rain,15,0.1961
5,Panchavati Road,15,2,rain,20,0.2608
2,Sharanpur Road,15,0,clear,16,0.19
27,Sharanpur Road,19,2,clear,99,0.7482
23,Deolali Road,1,3,clear,15,0.1594
5,Panchavati Road,6,5,clear,20,0.1996
1,MG Road,18,6,fog,62,0.6122
23,Deolali Road,14,1,clear,60,0.4837
15,Cidco Road,16,1,clear,11,0.1202
5,Panchavati Road,3,6,clear,4,0.1043
12,Mhasrul Road,23,3,clear,33,0.2655
6,College Road,1,4,clear,13,0.1572
19,MIDC Road,10,5,fog,51,0.5274
25,Agra Road,15,5,rain,14,0.1459
2,Sharanpur Road,14,0,clear,40,0.3822
21,Ambad-Phata Road,16,3,rain,20,0.2371
20,Industrial Road,17,6,clear,45,0.4298
7,Gangapur Road,11,3,rain,14,0.2069
20,Industrial Road,10,0,clear,92,0.7631
30,Agra Road,9,6,clear,40,0.4119
27,Sharanpur Road,21,5,clear,10,0.1176
1,MG Road,7,1,fog,33,0.3617
8,Indira Nagar Road,6,3,clear,40,0.3373
22,Nashik-Mumbai Road,17,2,clear,75,0.7037
5,Panchavati Road,6,5,clear,32,0.2583
13,Nashik Phata Road,0,0,fog,13,0.1665
8,Indira Nagar Road,13,3,clear,64,0.4659
25,Agra Road,9,6,clear,44,0.4172
11,Trimbak Road,13,5,fog,26,0.256
30,Agra Road,2,4,rain,16,0.1799
20,Industrial Road,4,3,clear,13,0.1675
16,Pathardi Road,19,4,rain,68,0.8282
13,Nashik Phata Road,2,4,rain,23,0.2542
23,Deolali Road,7,1,rain,48,0.4688
17,Dwarka-CBS Road,23,4,rain,25,0.2991
30,Agra Road,2,2,clear,6,0.1383
19,MIDC Road,23,2,clear,25,0.2352
10,Nashik Phata Road,2,2,clear,10,0.1332
6,College Road,1,2,clear,15,0.1523
16,Pathardi Road,4,5,rain,13,0.1929
22,Nashik-Mumbai Road,21,0,clear,35,0.2977
3,CBS-Canada Road,5,3,rain,20,0.2002
3,CBS-Canada Road,16,4,clear,10,0.1519
20,Industrial Road,14,2,rain,46,0.5158
27,Sharanpur Road,14,3,rain,46,0.5047
10,Nashik Phata Road,18,1,fog,89,0.827
6,College Road,2,2,rain,11,0.1562
23,Deolali Road,6,5,clear,29,0.2475
29,Pathardi Road,18,1,clear,66,0.6173
23,Deolali Road,21,6,clear,11,0.1178
18,Ambad Link Road,16,2,clear,21,0.1747
26,Mhasrul Link,15,5,clear,15,0.1401
18,Ambad Link Road,12,3,clear,52,0.4089
7,Gangapur Road,0,5,rain,3,0.1192
13,Nashik Phata Road,13,6,clear,29,0.2601
18,Ambad Link Road,3,5,rain,10,0.1186
6,College Road,14,5,clear,34,0.2686
30,Agra Road,10,6,clear,62,0.4932
13,Nashik Phata Road,10,0,rain,75,0.8699
23,Deolali Road,3,2,clear,14,0.1375
25,Agra Road,13,5,clear,27,0.2351
5,Panchavati Road,2,0,fog,10,0.1407
2,Sharanpur Road,10,4,clear,67,0.6198
1,MG Road,14,3,clear,49,0.4357
15,Cidco Road,2,6,clear,15,0.1291
8,Indira Nagar Road,2,3,clear,14,0.125
16,Pathardi Road,14,6,clear,31,0.2789
25,Agra Road,11,5,rain,15,0.1749
27,Sharanpur Road,6,5,clear,27,0.2322
16,Pathardi Road,19,4,clear,84,0.6938
30,Agra Road,12,0,clear,56,0.461
28,Trimbak Road,9,4,clear,94,0.7494
6,College Road,0,5,clear,7,0.1148
2,Sharanpur Road,0,5,clear,14,0.1517
3,CBS-Canada Road,9,4,clear,64,0.5703
8,Indira Nagar Road,22,5,rain,9,0.1571
10,Nashik Phata Road,11,3,clear,9,0.1272
6,College Road,4,0,clear,18,0.1863
5,Panchavati Road,16,1,clear,13,0.1538
1,MG Road,21,6,rain,13,0.1989
16,Pathardi Road,2,0,clear,10,0.1112
11,Trimbak Road,16,4,clear,5,0.1092
27,Sharanpur Road,2,3,clear,21,0.1772
1,MG Road,0,2,clear,11,0.1557
1,MG Road,20,5,clear,55,0.4361
23,Deolali Road,21,5,clear,10,0.1429
20,Industrial Road,11,1,clear,21,0.1854
14,Satpur Road,1,4,clear,23,0.2119
2,Sharanpur Road,16,2,clear,24,0.2225
23,Deolali Road,17,2,rain,88,0.9493
30,Agra Road,2,0,clear,20,0.161
10,Nashik Phata Road,2,2,clear,16,0.1757
23,Deolali Road,23,4,clear,18,0.1691
12,Mhasrul Road,18,0,clear,78,0.6684
5,Panchavati Road,1,2,fog,14,0.1824
27,Sharanpur Road,10,3,clear,67,0.6464
19,MIDC Road,23,0,rain,32,0.3456
16,Pathardi Road,17,3,clear,97,0.7144
20,Industrial Road,0,6,clear,7,0.1209
21,Ambad-Phata Road,13,5,rain,37,0.3889
20,Industrial Road,15,3,rain,11,0.145
19,MIDC Road,13,6,clear,40,0.308
13,Nashik Phata Road,10,0,clear,87,0.7162
20,Industrial Road,20,5,clear,42,0.4182
18,Ambad Link Road,0,0,clear,8,0.1365
25,Agra Road,7,5,fog,29,0.2477
4,Old Pune Road,2,6,clear,3,0.0812
30,Agra Road,12,0,clear,65,0.4943
7,Gangapur Road,13,1,clear,51,0.4092
2,Sharanpur Road,13,4,clear,44,0.3932
18,Ambad Link Road,4,2,clear,21,0.164
14,Satpur Road,17,5,clear,46,0.41
17,Dwarka-CBS Road,10,1,fog,90,0.8649
27,Sharanpur Road,16,0,fog,20,0.2017
15,Cidco Road,0,2,fog,13,0.1626
16,Pathardi Road,21,2,clear,20,0.2346
29,Pathardi Road,16,0,clear,9,0.1053
6,College Road,1,6,clear,15,0.1167
8,Indira Nagar Road,23,5,fog,20,0.2291
14,Satpur Road,23,2,rain,30,0.3303
3,CBS-Canada Road,22,0,rain,33,0.35
1,MG Road,19,2,clear,76,0.6508
18,Ambad Link Road,23,0,rain,22,0.2914
16,Pathardi Road,20,6,clear,46,0.4161
22,Nashik-Mumbai Road,15,4,clear,16,0.133
7,Gangapur Road,0,3,clear,8,0.127
6,College Road,22,2,rain,31,0.339
25,Agra Road,11,0,clear,16,0.1689
25,Agra Road,7,2,rain,42,0.4386
13,Nashik Phata Road,21,5,clear,15,0.1732
13,Nashik Phata Road,9,5,fog,57,0.5175
25,Agra Road,11,3,clear,24,0.177
29,Pathardi Road,5,4,clear,9,0.1099
19,MIDC Road,11,1,clear,16,0.1573
5,Panchavati Road,15,5,clear,3,0.0498
28,Trimbak Road,15,5,fog,7,0.1074
18,Ambad Link Road,0,0,clear,18,0.1486
30,Agra Road,17,1,clear,87,0.7329
25,Agra Road,20,3,fog,75,0.8017
25,Agra Road,9,4,rain,60,0.8072
21,Ambad-Phata Road,2,1,rain,7,0.1624
5,Panchavati Road,17,6,clear,54,0.4854
17,Dwarka-CBS Road,7,3,clear,45,0.3779
6,College Road,19,5,rain,57,0.6577
25,Agra Road,3,1,clear,12,0.1335
21,Ambad-Phata Road,0,4,clear,19,0.1773
3,CBS-Canada Road,13,3,clear,42,0.4237
8,Indira Nagar Road,1,3,clear,14,0.1298
29,Pathardi Road,6,4,clear,53,0.396
12,Mhasrul Road,0,4,clear,7,0.123
29,Pathardi Road,22,3,rain,22,0.3052
20,Industrial Road,5,0,clear,10,0.0994
9,Commissioner Office Road,21,6,rain,20,0.2103
12,Mhasrul Road,4,4,clear,11,0.1151
9,Commissioner Office Road,21,4,clear,30,0.2787
19,MIDC Road,11,3,clear,23,0.2133
7,Gangapur Road,13,2,clear,44,0.4058
15,Cidco Road,19,4,clear,88,0.7275
18,Ambad Link Road,4,4,clear,5,0.1295
19,MIDC Road,20,3,clear,84,0.6904
14,Satpur Road,6,5,clear,33,0.2343
3,CBS-Canada Road,3,4,rain,6,0.1334
27,Sharanpur Road,9,1,clear,61,0.6195
16,Pathardi Road,13,1,clear,49,0.4285
17,Dwarka-CBS Road,23,5,clear,12,0.1144
1,MG Road,13,3,rain,48,0.5603
16,Pathardi Road,3,1,clear,21,0.1754
17,Dwarka-CBS Road,6,1,clear,45,0.339
8,Indira Nagar Road,12,1,fog,50,0.4654
22,Nashik-Mumbai Road,14,4,clear,68,0.5048
2,Sharanpur Road,2,4,clear,15,0.1467
24,Pathardi Road,16,0,clear,11,0.1152
24,Pathardi Road,13,5,rain,34,0.3809
23,Deolali Road,18,2,clear,83,0.7389
29,Pathardi Road,20,2,clear,76,0.6655
25,Agra Road,9,5,clear,55,0.4407
9,Commissioner Office Road,19,4,clear,72,0.6893
17,Dwarka-CBS Road,10,1,clear,65,0.6503
23,Deolali Road,8,3,rain,87,0.9895
1,MG Road,14,1,fog,68,0.626
10,Nashik Phata Road,18,5,rain,61,0.6476
21,Ambad-Phata Road,12,5,fog,42,0.3826
21,Ambad-Phata Road,21,6,clear,22,0.1757
12,Mhasrul Road,7,0,clear,40,0.3532
24,Pathardi Road,14,0,fog,64,0.5835
17,Dwarka-CBS Road,22,1,clear,29,0.2343
8,Indira Nagar Road,9,4,clear,78,0.611
16,Pathardi Road,23,6,rain,12,0.1772
10,Nashik Phata Road,4,2,clear,11,0.1615
23,Deolali Road,16,4,clear,6,0.1358
4,Old Pune Road,1,3,clear,13,0.1461
28,Trimbak Road,20,1,clear,90,0.6952
12,Mhasrul Road,0,0,clear,8,0.151
26,Mhasrul Link,20,1,clear,79,0.6692
5,Panchavati Road,15,6,clear,8,0.0928
18,Ambad Link Road,23,1,clear,21,0.2039
27,Sharanpur Road,5,0,clear,15,0.1282
11,Trimbak Road,14,0,fog,50,0.5295
5,Panchavati Road,22,6,rain,14,0.1876
12,Mhasrul Road,23,4,clear,33,0.2974
8,Indira Nagar Road,9,4,clear,69,0.6181
11,Trimbak Road,13,5,rain,39,0.374
5,Panchavati Road,6,0,clear,40,0.3221
2,Sharanpur Road,18,1,fog,75,0.8332
21,Ambad-Phata Road,21,5,rain,18,0.2217
9,Commissioner Office Road,1,0,clear,24,0.2095
4,Old Pune Road,23,4,clear,38,0.3142
12,Mhasrul Road,18,4,rain,68,0.7921
22,Nashik-Mumbai Road,22,4,clear,38,0.2967
20,Industrial Road,7,4,fog,37,0.384
11,Trimbak Road,3,0,clear,22,0.2082
21,Ambad-Phata Road,15,5,rain,5,0.1358
15,Cidco Road,19,3,rain,73,0.8562
1,MG Road,10,4,fog,76,0.76
9,Commissioner Office Road,5,3,rain,7,0.1603
27,Sharanpur Road,12,4,clear,55,0.4684
12,Mhasrul Road,12,3,clear,55,0.4446
24,Pathardi Road,18,0,clear,79,0.7314
5,Panchavati Road,17,3,clear,83,0.6611
27,Sharanpur Road,1,2,fog,22,0.2305
7,Gangapur Road,5,2,rain,13,0.1691
21,Ambad-Phata Road,8,3,rain,97,0.9943
7,Gangapur Road,17,4,clear,82,0.7219
3,CBS-Canada Road,14,5,clear,39,0.2763
12,Mhasrul Road,7,5,fog,20,0.212
5,Panchavati Road,20,4,clear,93,0.7643
12,Mhasrul Road,1,5,rain,13,0.1754
30,Agra Road,23,5,clear,24,0.1648
3,CBS-Canada Road,12,3,clear,60,0.499
5,Panchavati Road,13,1,rain,46,0.5766
4,Old Pune Road,2,3,rain,21,0.2398
30,Agra Road,21,3,fog,18,0.2612
27,Sharanpur Road,5,0,fog,19,0.1777
16,Pathardi Road,20,0,clear,76,0.6717
28,Trimbak Road,0,0,clear,12,0.1471
23,Deolali Road,12,2,rain,58,0.5661
3,CBS-Canada Road,5,4,clear,13,0.1433
12,Mhasrul Road,2,3,clear,16,0.1361
10,Nashik Phata Road,17,5,clear,50,0.4047
7,Gangapur Road,20,5,clear,59,0.4538
21,Ambad-Phata Road,23,2,clear,32,0.2441
28,Trimbak Road,4,4,clear,8,0.1229
4,Old Pune Road,2,4,clear,5,0.116
27,Sharanpur Road,8,6,clear,39,0.3777
19,MIDC Road,7,6,clear,24,0.2473
11,Trimbak Road,1,6,rain,10,0.1473
26,Mhasrul Link,6,4,clear,54,0.3908
13,Nashik Phata Road,10,3,fog,67,0.6875
6,College Road,4,5,rain,9,0.122
3,CBS-Canada Road,18,2,clear,74,0.6854
21,Ambad-Phata Road,13,2,clear,40,0.3613
15,Cidco Road,12,5,clear,44,0.3436
24,Pathardi Road,7,4,fog,39,0.3982
27,Sharanpur Road,23,2,clear,16,0.1671
6,College Road,9,4,clear,61,0.6012
22,Nashik-Mumbai Road,3,6,clear,14,0.1354
8,Indira Nagar Road,11,0,clear,16,0.1682
3,CBS-Canada Road,4,5,rain,11,0.1477
15,Cidco Road,5,3,clear,24,0.2157
12,Mhasrul Road,2,0,rain,21,0.2512
23,Deolali Road,6,1,clear,51,0.419
16,Pathardi Road,16,2,fog,13,0.1385
11,Trimbak Road,11,5,clear,7,0.1198
13,Nashik Phata Road,5,2,rain,7,0.1496
25,Agra Road,12,0,clear,44,0.4196
13,Nashik Phata Road,12,4,fog,64,0.5764
7,Gangapur Road,23,0,rain,24,0.2804
3,CBS-Canada Road,14,3,rain,65,0.6718
7,Gangapur Road,11,3,clear,7,0.1141
22,Nashik-Mumbai Road,3,4,clear,22,0.2031
16,Pathardi Road,15,3,clear,20,0.1658
10,Nashik Phata Road,1,5,clear,4,0.0556
27,Sharanpur Road,18,3,rain,77,0.9289
16,Pathardi Road,19,1,fog,89,0.9316
1,MG Road,0,5,clear,10,0.139
17,Dwarka-CBS Road,21,4,clear,38,0.3049
19,MIDC Road,20,1,clear,81,0.6934
2,Sharanpur Road,10,6,clear,63,0.46
1,MG Road,17,2,clear,72,0.6561
12,Mhasrul Road,15,0,clear,19,0.1641
21,Ambad-Phata Road,12,1,clear,51,0.4508
8,Indira Nagar Road,5,4,clear,12,0.1456
10,Nashik Phata Road,19,3,clear,93,0.7192
27,Sharanpur Road,20,1,fog,89,0.855
11,Trimbak Road,12,5,rain,27,0.3547
6,College Road,10,2,rain,76,0.8818
13,Nashik Phata Road,20,3,clear,66,0.6412
13,Nashik Phata Road,23,5,rain,17,0.1996
23,Deolali Road,21,1,fog,32,0.3169
28,Trimbak Road,7,6,clear,21,0.2339
23,Deolali Road,16,0,clear,18,0.1651
4,Old Pune Road,12,4,clear,69,0.5264
20,Industrial Road,10,1,rain,67,0.7869
1,MG Road,0,6,clear,15,0.1569
19,MIDC Road,14,4,clear,63,0.4358
10,Nashik Phata Road,21,0,clear,17,0.1989
22,Nashik-Mumbai Road,11,2,fog,12,0.1444
23,Deolali Road,0,1,clear,21,0.1851
7,Gangapur Road,5,5,clear,5,0.0987
25,Agra Road,9,2,clear,81,0.6945
4,Old Pune Road,1,0,rain,16,0.2235
23,Deolali Road,19,4,clear,91,0.7586
13,Nashik Phata Road,7,1,clear,46,0.3989
30,Agra Road,12,6,clear,39,0.3147
13,Nashik Phata Road,12,0,rain,50,0.5581
21,Ambad-Phata Road,3,5,clear,15,0.1242
11,Trimbak Road,15,4,clear,16,0.1643
15,Cidco Road,2,6,fog,10,0.1229
23,Deolali Road,20,1,clear,78,0.6921
16,Pathardi Road,4,0,clear,19,0.1796
11,Trimbak Road,1,6,rain,14,0.1539
21,Ambad-Phata Road,15,3,fog,14,0.1657
4,Old Pune Road,15,5,clear,10,0.0969
8,Indira Nagar Road,22,5,clear,15,0.1539
15,Cidco Road,13,1,clear,53,0.4455
14,Satpur Road,13,1,fog,48,0.4605
18,Ambad Link Road,3,3,clear,12,0.1238
1,MG Road,21,4,fog,17,0.25
28,Trimbak Road,3,4,clear,23,0.1917
30,Agra Road,19,1,clear,75,0.6688
10,Nashik Phata Road,16,5,fog,14,0.177
12,Mhasrul Road,10,6,clear,42,0.3892
11,Trimbak Road,6,4,rain,30,0.4161
15,Cidco Road,13,4,rain,60,0.6219
1,MG Road,22,6,fog,21,0.2258
13,Nashik Phata Road,21,5,rain,17,0.1978
27,Sharanpur Road,1,0,clear,18,0.1924
1,MG Road,2,6,rain,8,0.1307
19,MIDC Road,1,2,clear,9,0.1239
5,Panchavati Road,22,4,clear,35,0.3161
30,Agra Road,7,6,rain,31,0.2982
29,Pathardi Road,8,2,rain,89,0.9273
27,Sharanpur Road,17,1,fog,80,0.8497
2,Sharanpur Road,1,3,clear,24,0.1945
25,Agra Road,18,6,clear,44,0.4174
10,Nashik Phata Road,23,3,clear,33,0.2551
9,Commissioner Office Road,5,3,clear,19,0.1803
24,Pathardi Road,12,4,clear,61,0.486
29,Pathardi Road,5,4,clear,21,0.1988
30,Agra Road,15,4,fog,15,0.1834
24,Pathardi Road,7,4,rain,44,0.4853
25,Agra Road,8,2,rain,86,0.9236
3,CBS-Canada Road,1,3,clear,21,0.1629
20,Industrial Road,7,1,rain,47,0.4636
10,Nashik Phata Road,7,2,rain,43,0.4281
23,Deolali Road,9,3,fog,83,0.794
26,Mhasrul Link,1,3,fog,11,0.1932
22,Nashik-Mumbai Road,8,3,clear,81,0.6838
12,Mhasrul Road,15,0,clear,24,0.2183
29,Pathardi Road,13,0,clear,56,0.4802
4,Old Pune Road,13,2,rain,60,0.6472
1,MG Road,12,5,clear,31,0.2884
24,Pathardi Road,13,4,clear,66,0.5244
19,MIDC Road,12,3,fog,59,0.5886
11,Trimbak Road,6,0,clear,33,0.3228
5,Panchavati Road,18,2,clear,71,0.6358
12,Mhasrul Road,1,5,rain,7,0.0979
24,Pathardi Road,10,0,clear,99,0.7195
1,MG Road,5,3,clear,17,0.1586
16,Pathardi Road,17,1,rain,96,1.0
29,Pathardi Road,17,6,rain,57,0.5916
22,Nashik-Mumbai Road,21,1,clear,29,0.2667
17,Dwarka-CBS Road,0,5,rain,3,0.0786
23,Deolali Road,13,3,clear,57,0.4789
25,Agra Road,2,0,rain,8,0.1567
7,Gangapur Road,21,0,fog,28,0.3013
19,MIDC Road,12,6,clear,37,0.3152
23,Deolali Road,8,5,clear,46,0.4158
7,Gangapur Road,17,6,rain,60,0.6565
16,Pathardi Road,15,3,clear,21,0.2022
18,Ambad Link Road,18,3,fog,67,0.7486
22,Nashik-Mumbai Road,16,3,clear,23,0.1875
11,Trimbak Road,21,5,clear,15,0.1386
29,Pathardi Road,21,1,fog,29,0.2748
10,Nashik Phata Road,14,4,rain,50,0.5908
30,Agra Road,5,6,clear,11,0.1269
12,Mhasrul Road,19,0,clear,87,0.7026
3,CBS-Canada Road,21,2,clear,20,0.2133
12,Mhasrul Road,22,1,clear,18,0.2268
2,Sharanpur Road,22,4,clear,37,0.2609
15,Cidco Road,4,1,rain,9,0.1261
12,Mhasrul Road,4,3,rain,18,0.1951
3,CBS-Canada Road,12,0,fog,49,0.5069
13,Nashik Phata Road,6,6,clear,22,0.209
4,Old Pune Road,22,5,clear,18,0.1647
29,Pathardi Road,10,1,clear,63,0.6262
10,Nashik Phata Road,18,4,clear,85,0.6642
26,Mhasrul Link,14,2,clear,43,0.3774
23,Deolali Road,19,3,rain,97,0.9915
5,Panchavati Road,18,2,clear,80,0.6522
13,Nashik Phata Road,20,5,fog,61,0.5361
27,Sharanpur Road,17,5,clear,42,0.3882
10,Nashik Phata Road,6,2,clear,51,0.4337
16,Pathardi Road,7,5,fog,26,0.2591
4,Old Pune Road,2,6,clear,3,0.0635
16,Pathardi Road,0,2,rain,20,0.2458
12,Mhasrul Road,14,5,clear,37,0.3087
26,Mhasrul Link,4,3,clear,22,0.1854
1,MG Road,12,2,rain,57,0.5749
13,Nashik Phata Road,19,3,rain,83,0.9116
20,Industrial Road,17,5,clear,57,0.4613
20,Industrial Road,13,1,clear,45,0.4353
27,Sharanpur Road,6,4,clear,48,0.3756
26,Mhasrul Link,20,1,clear,86,0.7043
14,Satpur Road,17,4,fog,73,0.8195
11,Trimbak Road,13,1,clear,42,0.3914
5,Panchavati Road,19,2,clear,76,0.6364
25,Agra Road,12,5,clear,36,0.3127
14,Satpur Road,17,6,clear,51,0.4503
21,Ambad-Phata Road,15,5,rain,13,0.1782
16,Pathardi Road,14,4,clear,57,0.4455
11,Trimbak Road,16,0,clear,11,0.1115
4,Old Pune Road,18,0,fog,97,0.9558
14,Satpur Road,6,3,rain,45,0.4921
13,Nashik Phata Road,7,6,rain,29,0.3596
21,Ambad-Phata Road,7,5,rain,32,0.3234
8,Indira Nagar Road,18,4,clear,78,0.675
22,Nashik-Mumbai Road,4,6,clear,9,0.1054
4,Old Pune Road,2,6,rain,5,0.1328
28,Trimbak Road,4,3,fog,11,0.1705
6,College Road,7,4,clear,32,0.3094
16,Pathardi Road,21,0,clear,25,0.2121
6,College Road,15,0,clear,9,0.1098
12,Mhasrul Road,1,3,rain,6,0.1711
4,Old Pune Road,5,4,rain,11,0.1844
5,Panchavati Road,13,2,rain,56,0.5673
7,Gangapur Road,8,5,fog,48,0.4965
23,Deolali Road,12,0,rain,69,0.664
6,College Road,14,6,fog,40,0.3609
9,Commissioner Office Road,19,6,fog,57,0.5599
20,Industrial Road,16,5,clear,14,0.1462
11,Trimbak Road,21,6,clear,24,0.1908
5,Panchavati Road,20,0,clear,95,0.7641
27,Sharanpur Road,6,0,rain,30,0.4203
15,Cidco Road,22,2,rain,29,0.3656
2,Sharanpur Road,14,6,clear,42,0.3126
11,Trimbak Road,9,0,rain,96,0.9824
2,Sharanpur Road,6,6,rain,21,0.3061
13,Nashik Phata Road,10,0,clear,73,0.6327
27,Sharanpur Road,13,1,clear,44,0.3976
11,Trimbak Road,23,5,fog,22,0.1932
7,Gangapur Road,16,4,clear,13,0.1205
8,Indira Nagar Road,8,0,rain,89,0.9296
6,College Road,4,0,rain,5,0.1381
3,CBS-Canada Road,12,5,fog,39,0.356
28,Trimbak Road,1,1,fog,8,0.1394
23,Deolali Road,0,1,rain,18,0.2556
29,Pathardi Road,22,1,clear,37,0.3107
4,Old Pune Road,1,3,clear,16,0.1596
28,Trimbak Road,2,3,clear,21,0.2002
12,Mhasrul Road,17,1,clear,86,0.7055
4,Old Pune Road,17,0,clear,81,0.7132
9,Commissioner Office Road,7,0,rain,37,0.4769
12,Mhasrul Road,1,3,clear,11,0.1351
21,Ambad-Phata Road,3,0,rain,21,0.2525
2,Sharanpur Road,21,3,clear,28,0.2422
29,Pathardi Road,3,1,fog,9,0.188
17,Dwarka-CBS Road,11,3,clear,9,0.1289
16,Pathardi Road,18,0,rain,68,0.8877
13,Nashik Phata Road,0,6,clear,9,0.0951
1,MG Road,6,4,rain,52,0.5331
22,Nashik-Mumbai Road,1,3,clear,19,0.1891
11,Trimbak Road,1,0,rain,5,0.1071
12,Mhasrul Road,22,0,fog,27,0.2549
16,Pathardi Road,7,1,rain,36,0.4564
25,Agra Road,0,0,fog,23,0.2133
23,Deolali Road,0,1,clear,8,0.1238
25,Agra Road,7,1,clear,40,0.319
18,Ambad Link Road,19,3,clear,98,0.7538
28,Trimbak Road,7,2,rain,47,0.5476
8,Indira Nagar Road,20,1,clear,90,0.7223
30,Agra Road,2,6,clear,10,0.102
1,MG Road,17,5,clear,46,0.3937
22,Nashik-Mumbai Road,0,3,clear,6,0.13
4,Old Pune Road,20,2,clear,68,0.6698
22,Nashik-Mumbai Road,14,3,rain,54,0.6164
21,Ambad-Phata Road,12,6,rain,39,0.4233
20,Industrial Road,17,4,rain,80,0.9229
30,Agra Road,6,2,clear,39,0.3677
3,CBS-Canada Road,18,2,clear,90,0.7217
10,Nashik Phata Road,17,3,clear,75,0.6523
29,Pathardi Road,3,4,rain,10,0.1761
22,Nashik-Mumbai Road,18,2,fog,66,0.7168
26,Mhasrul Link,15,4,clear,23,0.1981
27,Sharanpur Road,22,1,fog,19,0.2412
18,Ambad Link Road,19,5,rain,59,0.6167
9,Commissioner Office Road,11,1,rain,23,0.2582
23,Deolali Road,13,2,clear,55,0.4735
14,Satpur Road,20,3,clear,83,0.661
9,Commissioner Office Road,12,6,clear,28,0.2775
11,Trimbak Road,22,6,fog,14,0.2036
1,MG Road,12,2,clear,43,0.3572
19,MIDC Road,20,1,fog,88,0.8499
26,Mhasrul Link,11,4,rain,13,0.1668
6,College Road,23,5,rain,18,0.1984
26,Mhasrul Link,15,4,rain,11,0.204
11,Trimbak Road,11,4,clear,6,0.0976
2,Sharanpur Road,13,4,clear,41,0.3944
17,Dwarka-CBS Road,10,3,rain,99,1.0
16,Pathardi Road,14,6,rain,29,0.344
23,Deolali Road,23,2,fog,22,0.2812
30,Agra Road,22,1,clear,34,0.2935
17,Dwarka-CBS Road,11,5,clear,11,0.0975
4,Old Pune Road,21,4,clear,20,0.1818
6,College Road,21,1,clear,15,0.1593
1,MG Road,6,0,clear,35,0.3217
27,Sharanpur Road,2,6,rain,5,0.0738
22,Nashik-Mumbai Road,4,0,fog,19,0.1977
24,Pathardi Road,22,5,clear,24,0.1866
28,Trimbak Road,5,4,clear,18,0.1885
14,Satpur Road,4,5,clear,10,0.086
20,Industrial Road,12,3,clear,62,0.4882
26,Mhasrul Link,17,4,clear,80,0.6765
20,Industrial Road,9,0,clear,73,0.6558
17,Dwarka-CBS Road,8,5,clear,61,0.4736
1,MG Road,20,0,clear,77,0.672
21,Ambad-Phata Road,7,3,clear,39,0.3763
1,MG Road,12,3,clear,41,0.3662
25,Agra Road,13,0,clear,51,0.4149
21,Ambad-Phata Road,1,4,rain,19,0.2028
22,Nashik-Mumbai Road,22,1,rain,21,0.2912
26,Mhasrul Link,22,5,fog,24,0.2235
26,Mhasrul Link,14,2,clear,49,0.4251
30,Agra Road,14,5,clear,36,0.2897
16,Pathardi Road,19,2,rain,76,0.8497
6,College Road,15,1,rain,7,0.1498
19,MIDC Road,4,5,clear,3,0.0846
9,Commissioner Office Road,20,3,clear,73,0.6327
4,Old Pune Road,22,4,clear,32,0.2518
24,Pathardi Road,18,6,rain,45,0.5481
1,MG Road,7,3,fog,50,0.4691
11,Trimbak Road,1,4,clear,8,0.1461
9,Commissioner Office Road,13,3,rain,50,0.5334
27,Sharanpur Road,6,2,clear,36,0.3732
18,Ambad Link Road,12,0,rain,43,0.5121
18,Ambad Link Road,16,5,fog,6,0.1159
29,Pathardi Road,22,2,clear,33,0.25
5,Panchavati Road,1,6,fog,9,0.1168
28,Trimbak Road,6,5,fog,31,0.2985
5,Panchavati Road,10,3,rain,69,0.8307
25,Agra Road,15,5,clear,12,0.0956
19,MIDC Road,5,1,fog,13,0.1346
15,Cidco Road,21,1,clear,31,0.2439
18,Ambad Link Road,22,2,clear,28,0.2475
14,Satpur Road,11,0,clear,12,0.1669
28,Trimbak Road,2,5,clear,9,0.0774
23,Deolali Road,23,1,clear,30,0.2832
24,Pathardi Road,21,2,fog,33,0.2874
17,Dwarka-CBS Road,12,1,clear,50,0.3929
1,MG Road,10,6,fog,57,0.5717
25,Agra Road,15,6,rain,5,0.102
18,Ambad Link Road,10,1,rain,76,0.8385
16,Pathardi Road,17,2,clear,99,0.7974
4,Old Pune Road,19,4,clear,85,0.7135
19,MIDC Road,10,0,clear,76,0.6827
25,Agra Road,12,2,clear,52,0.4243
22,Nashik-Mumbai Road,5,3,clear,23,0.1812
8,Indira Nagar Road,4,3,rain,23,0.2544
8,Indira Nagar Road,14,4,rain,58,0.6622
29,Pathardi Road,11,3,clear,13,0.1623
20,Industrial Road,1,4,fog,8,0.1563
5,Panchavati Road,23,0,rain,31,0.3217
21,Ambad-Phata Road,16,5,clear,11,0.0984
22,Nashik-Mumbai Road,1,3,rain,21,0.2465
8,Indira Nagar Road,0,1,rain,18,0.18
9,Commissioner Office Road,22,2,fog,16,0.2289
29,Pathardi Road,22,1,clear,16,0.1696
22,Nashik-Mumbai Road,8,1,clear,99,0.7611
2,Sharanpur Road,8,0,clear,61,0.5902
16,Pathardi Road,21,5,clear,9,0.1438
14,Satpur Road,0,6,fog,7,0.1037
4,Old Pune Road,6,4,rain,41,0.4627
20,Industrial Road,2,0,fog,20,0.21
19,MIDC Road,15,1,clear,22,0.1942
8,Indira Nagar Road,15,4,clear,15,0.1348
22,Nashik-Mumbai Road,18,4,rain,90,0.9475
29,Pathardi Road,12,2,clear,53,0.4272
23,Deolali Road,5,6,clear,3,0.0522
23,Deolali Road,9,6,clear,46,0.4317
28,Trimbak Road,5,5,clear,12,0.1348
1,MG Road,12,1,rain,62,0.6119
6,College Road,19,1,fog,89,0.9242
11,Trimbak Road,4,2,rain,24,0.2474
3,CBS-Canada Road,6,2,clear,38,0.3842
22,Nashik-Mumbai Road,4,6,clear,12,0.1007
28,Trimbak Road,18,6,clear,48,0.4493
22,Nashik-Mumbai Road,23,3,clear,37,0.3113
8,Indira Nagar Road,16,0,clear,16,0.1507
18,Ambad Link Road,9,6,clear,59,0.492
16,Pathardi Road,7,2,clear,43,0.3545
28,Trimbak Road,10,5,rain,50,0.5982
6,College Road,18,4,rain,97,1.0
13,Nashik Phata Road,1,0,clear,14,0.1462
1,MG Road,13,1,clear,46,0.3895
8,Indira Nagar Road,7,2,clear,51,0.4252
28,Trimbak Road,12,1,fog,42,0.4282
25,Agra Road,20,4,rain,71,0.8853
30,Agra Road,4,6,rain,14,0.1795
14,Satpur Road,18,2,clear,67,0.6454
25,Agra Road,16,6,rain,14,0.1399
20,Industrial Road,1,6,clear,9,0.1073
18,Ambad Link Road,22,5,rain,22,0.2503
2,Sharanpur Road,21,5,fog,11,0.1419
22,Nashik-Mumbai Road,21,2,clear,35,0.2903
30,Agra Road,18,1,clear,75,0.7027
4,Old Pune Road,14,3,clear,65,0.4854
2,Sharanpur Road,20,4,clear,85,0.7238
28,Trimbak Road,21,6,rain,25,0.2618
29,Pathardi Road,5,2,clear,9,0.1452
26,Mhasrul Link,5,0,fog,18,0.2154
14,Satpur Road,18,1,clear,87,0.7335
13,Nashik Phata Road,9,5,rain,48,0.554
21,Ambad-Phata Road,23,2,clear,28,0.2359
18,Ambad Link Road,18,0,clear,91,0.697
20,Industrial Road,20,3,rain,87,0.9685
24,Pathardi Road,22,0,clear,38,0.2751
11,Trimbak Road,20,5,rain,46,0.584
15,Cidco Road,7,6,clear,23,0.2435
18,Ambad Link Road,14,6,clear,27,0.227
22,Nashik-Mumbai Road,16,6,clear,3,0.0956
20,Industrial Road,15,5,rain,10,0.1203
4,Old Pune Road,8,5,clear,62,0.4988
19,MIDC Road,1,4,clear,6,0.1221
27,Sharanpur Road,11,6,clear,14,0.1594
9,Commissioner Office Road,22,6,fog,24,0.214
14,Satpur Road,17,2,clear,70,0.6411
22,Nashik-Mumbai Road,9,0,clear,86,0.7042
4,Old Pune Road,21,2,fog,23,0.2665
7,Gangapur Road,13,1,clear,43,0.3674
3,CBS-Canada Road,0,3,rain,22,0.2406
4,Old Pune Road,5,0,clear,10,0.1248
4,Old Pune Road,15,3,clear,14,0.1468
11,Trimbak Road,16,2,clear,23,0.1629
20,Industrial Road,23,5,fog,18,0.21
5,Panchavati Road,11,4,rain,21,0.269
30,Agra Road,9,3,fog,75,0.7723
23,Deolali Road,21,0,rain,27,0.3206
19,MIDC Road,10,5,clear,63,0.4743
15,Cidco Road,17,4,clear,76,0.7062
19,MIDC Road,0,4,fog,22,0.2168
21,Ambad-Phata Road,12,1,clear,42,0.4015
26,Mhasrul Link,3,3,clear,23,0.1599
8,Indira Nagar Road,7,1,rain,33,0.3805
30,Agra Road,13,3,clear,55,0.443
3,CBS-Canada Road,14,1,rain,48,0.5421
28,Trimbak Road,4,5,fog,6,0.0872
29,Pathardi Road,20,4,fog,72,0.7773
26,Mhasrul Link,4,0,clear,10,0.1344
4,Old Pune Road,1,4,rain,15,0.1871
10,Nashik Phata Road,7,4,rain,44,0.4952
28,Trimbak Road,15,3,rain,16,0.2425
22,Nashik-Mumbai Road,11,1,clear,18,0.1993
29,Pathardi Road,11,4,clear,10,0.1218
12,Mhasrul Road,0,1,clear,20,0.1922
26,Mhasrul Link,12,5,clear,44,0.3305
16,Pathardi Road,9,5,rain,39,0.4892
19,MIDC Road,10,2,clear,70,0.6661
7,Gangapur Road,14,5,clear,40,0.3293
4,Old Pune Road,17,5,clear,63,0.4748
15,Cidco Road,11,1,rain,9,0.1453
22,Nashik-Mumbai Road,0,0,clear,20,0.2016
19,MIDC Road,23,2,rain,28,0.3269
12,Mhasrul Road,1,1,clear,11,0.1372
25,Agra Road,13,1,clear,69,0.4872
24,Pathardi Road,9,2,rain,82,0.8952
29,Pathardi Road,19,3,rain,65,0.8431
29,Pathardi Road,22,4,rain,18,0.2578
20,Industrial Road,23,4,clear,17,0.1795
27,Sharanpur Road,23,2,clear,31,0.2461
9,Commissioner Office Road,6,6,fog,31,0.2993
16,Pathardi Road,22,2,fog,29,0.3397
24,Pathardi Road,16,0,rain,13,0.1779
24,Pathardi Road,15,4,clear,10,0.1308
18,Ambad Link Road,21,1,rain,31,0.3354
4,Old Pune Road,4,1,clear,22,0.1611
28,Trimbak Road,3,1,clear,17,0.1433
3,CBS-Canada Road,10,3,fog,96,0.9221
3,CBS-Canada Road,17,2,clear,76,0.6635
20,Industrial Road,19,4,clear,93,0.7006
10,Nashik Phata Road,18,5,clear,51,0.4474
14,Satpur Road,15,5,rain,15,0.1747
5,Panchavati Road,13,4,clear,56,0.4902
9,Commissioner Office Road,15,1,clear,7,0.1438
25,Agra Road,0,5,rain,5,0.1116
14,Satpur Road,0,3,clear,11,0.1186
1,MG Road,16,2,clear,11,0.1317
9,Commissioner Office Road,3,3,clear,15,0.1647
4,Old Pune Road,12,5,rain,27,0.3375
20,Industrial Road,5,3,fog,15,0.1735
13,Nashik Phata Road,5,5,fog,4,0.0782
11,Trimbak Road,1,4,fog,18,0.2292
15,Cidco Road,2,5,fog,11,0.1228
5,Panchavati Road,7,5,clear,23,0.2252
30,Agra Road,12,3,clear,49,0.3834
28,Trimbak Road,21,5,clear,16,0.1662
7,Gangapur Road,9,3,clear,91,0.7017
6,College Road,8,3,clear,98,0.7192
5,Panchavati Road,21,4,rain,29,0.3672
25,Agra Road,13,4,clear,48,0.4355
19,MIDC Road,12,0,fog,44,0.4556
22,Nashik-Mumbai Road,0,6,rain,8,0.102
20,Industrial Road,9,6,clear,62,0.5162
11,Trimbak Road,11,1,rain,20,0.2013
26,Mhasrul Link,15,4,fog,21,0.1719
28,Trimbak Road,8,3,fog,74,0.7481
5,Panchavati Road,8,4,clear,94,0.7369
5,Panchavati Road,6,3,clear,45,0.3701
4,Old Pune Road,5,1,clear,9,0.1484
27,Sharanpur Road,14,1,rain,63,0.6398
17,Dwarka-CBS Road,17,0,rain,70,0.8091
14,Satpur Road,19,5,fog,44,0.4758
21,Ambad-Phata Road,2,1,clear,8,0.1369
15,Cidco Road,9,3,fog,68,0.748
10,Nashik Phata Road,18,2,clear,98,0.7484
30,Agra Road,20,4,rain,73,0.8797
21,Ambad-Phata Road,19,5,rain,49,0.5352
1,MG Road,3,6,rain,15,0.1791
13,Nashik Phata Road,9,6,clear,42,0.4097
18,Ambad Link Road,11,1,rain,16,0.2227
14,Satpur Road,3,4,clear,21,0.1873
17,Dwarka-CBS Road,14,4,clear,62,0.4577
19,MIDC Road,4,1,clear,23,0.1939
9,Commissioner Office Road,23,5,rain,9,0.1484
21,Ambad-Phata Road,3,0,fog,23,0.2347
30,Agra Road,3,6,clear,11,0.1161
26,Mhasrul Link,12,5,fog,44,0.4047
9,Commissioner Office Road,13,0,rain,63,0.6181
14,Satpur Road,18,2,clear,71,0.6712
17,Dwarka-CBS Road,12,5,clear,37,0.2778
14,Satpur Road,11,4,clear,15,0.1438
1,MG Road,14,3,clear,63,0.5288
14,Satpur Road,17,2,rain,80,0.8783
17,Dwarka-CBS Road,2,6,fog,4,0.1207
22,Nashik-Mumbai Road,2,5,rain,3,0.0939
5,Panchavati Road,13,0,rain,49,0.6065
1,MG Road,23,1,fog,15,0.2009
22,Nashik-Mumbai Road,11,6,fog,15,0.1604
1,MG Road,5,5,clear,9,0.12
22,Nashik-Mumbai Road,11,6,fog,8,0.1278
14,Satpur Road,5,3,clear,12,0.1448
5,Panchavati Road,4,4,clear,13,0.1761
6,College Road,21,3,clear,16,0.1905
18,Ambad Link Road,0,5,rain,5,0.0854
10,Nashik Phata Road,16,3,clear,9,0.1342
10,Nashik Phata Road,22,3,clear,19,0.1998
5,Panchavati Road,20,6,clear,59,0.4819
16,Pathardi Road,13,0,clear,42,0.4062
8,Indira Nagar Road,5,3,rain,21,0.2313
25,Agra Road,5,4,rain,13,0.1843
26,Mhasrul Link,3,4,rain,8,0.1281
24,Pathardi Road,4,6,rain,7,0.1058
15,Cidco Road,7,2,fog,39,0.3986
7,Gangapur Road,22,0,clear,23,0.219
15,Cidco Road,22,1,fog,22,0.2807
27,Sharanpur Road,12,6,clear,36,0.2848
20,Industrial Road,9,0,clear,76,0.6497
21,Ambad-Phata Road,15,4,clear,8,0.1397
9,Commissioner Office Road,12,0,clear,48,0.4388
7,Gangapur Road,10,0,clear,70,0.6248
7,Gangapur Road,11,6,rain,11,0.1289
14,Satpur Road,10,2,rain,86,0.9308
2,Sharanpur Road,3,1,rain,18,0.2156
10,Nashik Phata Road,4,2,clear,13,0.1359
15,Cidco Road,13,0,clear,65,0.4467
21,Ambad-Phata Road,20,3,clear,85,0.706
15,Cidco Road,21,6,rain,20,0.2524
10,Nashik Phata Road,12,1,rain,59,0.5892
6,College Road,2,0,clear,8,0.14
18,Ambad Link Road,11,3,clear,10,0.1306
18,Ambad Link Road,14,2,clear,41,0.3837
8,Indira Nagar Road,11,6,fog,12,0.1399
16,Pathardi Road,6,3,rain,46,0.5223
2,Sharanpur Road,23,0,fog,36,0.3355
15,Cidco Road,20,6,clear,42,0.3865
2,Sharanpur Road,1,1,rain,12,0.1635
12,Mhasrul Road,15,5,clear,7,0.0865
9,Commissioner Office Road,19,6,clear,63,0.5209
12,Mhasrul Road,2,4,clear,12,0.1279
9,Commissioner Office Road,10,5,rain,40,0.5058
20,Industrial Road,10,6,clear,55,0.4351
6,College Road,20,1,clear,87,0.731
27,Sharanpur Road,7,6,clear,34,0.2887
18,Ambad Link Road,13,5,clear,35,0.3278
23,Deolali Road,17,5,clear,48,0.419
8,Indira Nagar Road,16,0,clear,18,0.1622
26,Mhasrul Link,15,2,clear,11,0.1664
18,Ambad Link Road,15,4,clear,18,0.1732
14,Satpur Road,6,0,clear,36,0.3687
13,Nashik Phata Road,10,5,clear,56,0.4607
4,Old Pune Road,21,2,clear,22,0.2049
9,Commissioner Office Road,2,0,clear,17,0.1565
28,Trimbak Road,10,1,rain,94,0.984
12,Mhasrul Road,10,2,fog,73,0.7922
8,Indira Nagar Road,21,2,clear,35,0.2632
22,Nashik-Mumbai Road,10,2,rain,78,0.9122
29,Pathardi Road,18,4,rain,90,1.0
19,MIDC Road,14,0,clear,42,0.3718
28,Trimbak Road,12,2,clear,61,0.4996
3,CBS-Canada Road,22,4,clear,28,0.2481
11,Trimbak Road,12,2,clear,43,0.3974
4,Old Pune Road,0,5,fog,9,0.1363
21,Ambad-Phata Road,7,1,clear,47,0.3836
4,Old Pune Road,2,5,fog,13,0.1646
23,Deolali Road,23,6,clear,14,0.1777
8,Indira Nagar Road,11,3,clear,10,0.1179
29,Pathardi Road,8,1,clear,90,0.715
14,Satpur Road,6,3,clear,50,0.4218
14,Satpur Road,22,3,clear,24,0.2288
13,Nashik Phata Road,20,0,rain,87,0.9438
29,Pathardi Road,6,6,fog,34,0.2989
23,Deolali Road,9,3,clear,97,0.7698
10,Nashik Phata Road,8,0,rain,78,0.8991
9,Commissioner Office Road,0,6,clear,5,0.0772
6,College Road,6,3,clear,50,0.3918
13,Nashik Phata Road,1,2,clear,23,0.1767
21,Ambad-Phata Road,16,2,clear,9,0.1224
13,Nashik Phata Road,8,5,clear,42,0.4048
1,MG Road,19,4,clear,85,0.7424
23,Deolali Road,12,5,clear,42,0.3299
6,College Road,16,3,rain,13,0.1534
29,Pathardi Road,21,4,rain,31,0.3069
29,Pathardi Road,5,3,clear,18,0.1619
14,Satpur Road,3,4,rain,6,0.127
16,Pathardi Road,6,2,rain,45,0.4624
25,Agra Road,12,4,clear,44,0.4101
24,Pathardi Road,17,6,clear,61,0.5154
27,Sharanpur Road,21,0,clear,34,0.2408
17,Dwarka-CBS Road,2,4,clear,5,0.1257
2,Sharanpur Road,16,4,clear,8,0.1296
26,Mhasrul Link,11,3,clear,13,0.1843
13,Nashik Phata Road,1,2,clear,14,0.1371
17,Dwarka-CBS Road,0,3,clear,19,0.2006
4,Old Pune Road,20,0,fog,76,0.831
18,Ambad Link Road,11,5,rain,5,0.1254
26,Mhasrul Link,20,4,fog,95,0.8966
17,Dwarka-CBS Road,16,1,rain,5,0.164
3,CBS-Canada Road,5,4,clear,14,0.1238
9,Commissioner Office Road,9,4,clear,82,0.6758
21,Ambad-Phata Road,16,5,clear,7,0.0945
27,Sharanpur Road,9,1,fog,76,0.8013
16,Pathardi Road,11,1,clear,9,0.143
23,Deolali Road,18,3,fog,92,0.87
9,Commissioner Office Road,23,6,fog,17,0.1913
8,Indira Nagar Road,6,0,clear,54,0.4051
18,Ambad Link Road,15,6,fog,15,0.1354
27,Sharanpur Road,14,0,rain,59,0.6377
24,Pathardi Road,2,5,rain,7,0.1217
5,Panchavati Road,6,5,clear,33,0.2447
19,MIDC Road,6,4,clear,53,0.4048
16,Pathardi Road,1,1,fog,15,0.1653
5,Panchavati Road,14,5,clear,33,0.2668
22,Nashik-Mumbai Road,16,1,rain,22,0.2479
24,Pathardi Road,8,5,rain,39,0.52
26,Mhasrul Link,4,1,clear,10,0.1479
28,Trimbak Road,22,6,rain,13,0.1814
17,Dwarka-CBS Road,12,6,clear,40,0.3479
30,Agra Road,2,6,clear,8,0.1107
14,Satpur Road,2,4,clear,14,0.1499
5,Panchavati Road,23,2,clear,26,0.2398
18,Ambad Link Road,3,5,clear,6,0.1179
17,Dwarka-CBS Road,23,4,clear,35,0.2685
4,Old Pune Road,4,2,clear,6,0.123
4,Old Pune Road,13,6,clear,35,0.274
23,Deolali Road,3,2,clear,15,0.1566
16,Pathardi Road,11,3,clear,20,0.1715
18,Ambad Link Road,14,6,rain,43,0.4441
4,Old Pune Road,12,5,rain,30,0.355
30,Agra Road,0,0,clear,5,0.1238
15,Cidco Road,8,0,fog,79,0.7735
15,Cidco Road,6,1,rain,53,0.5546
13,Nashik Phata Road,21,1,clear,25,0.2161
4,Old Pune Road,3,4,clear,17,0.1736
18,Ambad Link Road,14,0,rain,44,0.5481
8,Indira Nagar Road,22,2,clear,23,0.2199
21,Ambad-Phata Road,12,4,rain,44,0.5344
12,Mhasrul Road,3,0,clear,18,0.1686
1,MG Road,21,0,clear,18,0.2146
6,College Road,23,3,clear,22,0.202
22,Nashik-Mumbai Road,4,6,clear,15,0.1308
2,Sharanpur Road,2,6,clear,8,0.1163
25,Agra Road,5,1,clear,21,0.1838
21,Ambad-Phata Road,20,6,fog,48,0.4998
16,Pathardi Road,6,3,fog,30,0.367
26,Mhasrul Link,11,5,clear,3,0.0818
21,Ambad-Phata Road,12,4,clear,48,0.4026
6,College Road,22,4,clear,20,0.2396
25,Agra Road,19,0,clear,87,0.7344
30,Agra Road,0,2,rain,5,0.1182
21,Ambad-Phata Road,21,1,fog,35,0.3303
29,Pathardi Road,1,0,clear,6,0.1034
17,Dwarka-CBS Road,14,1,clear,59,0.4653
5,Panchavati Road,19,3,clear,66,0.6611
4,Old Pune Road,1,0,rain,14,0.1805
19,MIDC Road,14,6,rain,36,0.3939
6,College Road,2,5,clear,14,0.1105
18,Ambad Link Road,19,6,clear,52,0.4604
28,Trimbak Road,5,4,rain,9,0.1733
7,Gangapur Road,11,5,fog,5,0.0648
4,Old Pune Road,7,0,fog,41,0.4024
2,Sharanpur Road,12,4,rain,51,0.5969
7,Gangapur Road,5,5,clear,5,0.0795
12,Mhasrul Road,18,1,rain,84,0.9238
29,Pathardi Road,13,4,rain,56,0.6189
17,Dwarka-CBS Road,5,2,clear,16,0.1375
12,Mhasrul Road,8,2,clear,88,0.7112
16,Pathardi Road,9,6,clear,53,0.46
10,Nashik Phata Road,11,1,fog,13,0.1829
7,Gangapur Road,6,2,rain,53,0.4976
16,Pathardi Road,3,0,fog,9,0.1328
23,Deolali Road,16,2,clear,22,0.214
5,Panchavati Road,15,6,rain,12,0.1493
27,Sharanpur Road,18,1,clear,67,0.6529
17,Dwarka-CBS Road,14,2,fog,54,0.5284
9,Commissioner Office Road,4,2,clear,9,0.1301
20,Industrial Road,16,6,rain,13,0.1639
18,Ambad Link Road,5,5,fog,3,0.1035
8,Indira Nagar Road,5,0,rain,18,0.2489
26,Mhasrul Link,17,3,fog,66,0.7747
19,MIDC Road,21,3,rain,31,0.3703
1,MG Road,22,4,fog,30,0.2688
30,Agra Road,13,0,clear,42,0.4043
14,Satpur Road,6,6,clear,19,0.2137
1,MG Road,22,4,clear,37,0.3042
19,MIDC Road,6,3,clear,51,0.3843
21,Ambad-Phata Road,11,6,clear,5,0.1117
21,Ambad-Phata Road,18,3,rain,92,1.0
11,Trimbak Road,22,0,clear,34,0.253
26,Mhasrul Link,17,1,clear,88,0.7416
26,Mhasrul Link,5,6,rain,4,0.0914
6,College Road,19,0,clear,96,0.7802
27,Sharanpur Road,16,5,fog,12,0.1389
2,Sharanpur Road,18,6,fog,49,0.5225
11,Trimbak Road,1,0,clear,8,0.1126
27,Sharanpur Road,6,3,rain,54,0.5415
5,Panchavati Road,12,5,clear,36,0.2739
21,Ambad-Phata Road,1,1,clear,11,0.1704
30,Agra Road,18,0,clear,94,0.7096
18,Ambad Link Road,11,2,clear,19,0.1771
20,Industrial Road,22,3,clear,31,0.2431
27,Sharanpur Road,0,2,rain,5,0.1561
23,Deolali Road,9,0,fog,65,0.7573
25,Agra Road,15,4,fog,24,0.2194
16,Pathardi Road,10,6,rain,53,0.5912
3,CBS-Canada Road,23,0,clear,24,0.2475
24,Pathardi Road,11,1,fog,22,0.2244
12,Mhasrul Road,16,5,clear,7,0.1105
5,Panchavati Road,6,0,clear,38,0.3463
4,Old Pune Road,2,4,rain,18,0.2051
3,CBS-Canada Road,17,2,clear,91,0.7728
3,CBS-Canada Road,7,4,clear,40,0.344
25,Agra Road,1,5,clear,14,0.1351
23,Deolali Road,20,0,clear,69,0.6161
21,Ambad-Phata Road,18,4,clear,99,0.8167
9,Commissioner Office Road,20,3,clear,74,0.6824
5,Panchavati Road,14,4,clear,45,0.3894
1,MG Road,12,2,rain,41,0.4746
1,MG Road,0,3,fog,19,0.2114
26,Mhasrul Link,20,0,clear,80,0.701
18,Ambad Link Road,8,3,clear,83,0.6578
10,Nashik Phata Road,8,0,clear,75,0.6433
15,Cidco Road,2,4,clear,10,0.1195
29,Pathardi Road,18,3,clear,86,0.7303
16,Pathardi Road,3,4,clear,23,0.1875
1,MG Road,16,0,rain,6,0.1559
20,Industrial Road,16,3,rain,19,0.212
12,Mhasrul Road,5,3,clear,19,0.1631
14,Satpur Road,6,5,rain,32,0.361
17,Dwarka-CBS Road,19,0,clear,82,0.7177
26,Mhasrul Link,8,5,fog,46,0.5052
11,Trimbak Road,12,0,fog,40,0.464
13,Nashik Phata Road,23,4,clear,26,0.2132
17,Dwarka-CBS Road,4,6,fog,6,0.097
17,Dwarka-CBS Road,8,0,rain,77,0.9246
24,Pathardi Road,12,3,fog,64,0.5562
4,Old Pune Road,11,4,clear,7,0.1079
22,Nashik-Mumbai Road,20,2,rain,84,0.9857
13,Nashik Phata Road,19,3,clear,65,0.5797
19,MIDC Road,18,3,rain,82,0.9278
14,Satpur Road,18,5,clear,45,0.4051
7,Gangapur Road,0,0,rain,13,0.172
21,Ambad-Phata Road,0,6,clear,15,0.1354
13,Nashik Phata Road,6,2,clear,30,0.2921
1,MG Road,3,5,clear,9,0.0829
27,Sharanpur Road,5,2,clear,17,0.1785
21,Ambad-Phata Road,23,3,clear,32,0.2449
29,Pathardi Road,13,4,clear,66,0.5037
28,Trimbak Road,10,1,clear,80,0.6683
17,Dwarka-CBS Road,20,0,rain,71,0.8437
19,MIDC Road,17,5,clear,47,0.4578
30,Agra Road,22,0,rain,38,0.3687
7,Gangapur Road,21,0,clear,30,0.2368
14,Satpur Road,10,4,clear,78,0.7122
15,Cidco Road,19,6,clear,56,0.438
10,Nashik Phata Road,17,6,rain,59,0.582
15,Cidco Road,4,5,clear,14,0.125
21,Ambad-Phata Road,0,1,clear,17,0.1509
16,Pathardi Road,8,2,clear,80,0.6352
5,Panchavati Road,20,3,clear,71,0.6698
6,College Road,6,3,fog,51,0.495
4,Old Pune Road,18,4,clear,98,0.7931
14,Satpur Road,8,4,rain,97,1.0
10,Nashik Phata Road,9,1,clear,90,0.7174
24,Pathardi Road,8,0,fog,79,0.7948
1,MG Road,20,6,clear,64,0.4742
5,Panchavati Road,15,1,rain,24,0.2583
22,Nashik-Mumbai Road,2,6,rain,5,0.0931
23,Deolali Road,22,0,clear,31,0.2889
28,Trimbak Road,19,5,clear,53,0.4866
14,Satpur Road,14,6,clear,38,0.3296
23,Deolali Road,16,2,clear,24,0.217
9,Commissioner Office Road,4,5,clear,6,0.107
27,Sharanpur Road,13,5,clear,38,0.3008
14,Satpur Road,11,1,rain,11,0.1703
11,Trimbak Road,3,5,clear,14,0.1102
30,Agra Road,12,4,rain,48,0.5555
18,Ambad Link Road,23,1,clear,31,0.2727
16,Pathardi Road,7,5,rain,28,0.2998
19,MIDC Road,8,1,clear,82,0.6393
17,Dwarka-CBS Road,21,3,clear,34,0.2959
30,Agra Road,17,4,clear,88,0.7879
22,Nashik-Mumbai Road,10,5,fog,42,0.4788
17,Dwarka-CBS Road,12,0,rain,59,0.6219
21,Ambad-Phata Road,18,6,clear,46,0.4376
3,CBS-Canada Road,2,1,clear,24,0.186
6,College Road,3,5,clear,13,0.1388
28,Trimbak Road,5,3,rain,8,0.1383
24,Pathardi Road,18,6,rain,43,0.5378
7,Gangapur Road,2,6,clear,11,0.1127
29,Pathardi Road,6,0,rain,39,0.4424
20,Industrial Road,20,1,rain,77,0.8783
24,Pathardi Road,0,1,clear,22,0.1999
12,Mhasrul Road,4,0,clear,9,0.1035
13,Nashik Phata Road,16,4,fog,6,0.1007
12,Mhasrul Road,18,1,rain,65,0.8403
15,Cidco Road,13,6,rain,27,0.3496
8,Indira Nagar Road,5,5,clear,7,0.0923
25,Agra Road,0,6,clear,9,0.1379
23,Deolali Road,19,2,clear,94,0.766
10,Nashik Phata Road,16,2,clear,17,0.1653
15,Cidco Road,0,4,fog,17,0.1934
30,Agra Road,0,1,fog,12,0.1431
19,MIDC Road,1,0,clear,14,0.1732
3,CBS-Canada Road,2,1,clear,22,0.195
21,Ambad-Phata Road,2,2,fog,7,0.1456
21,Ambad-Phata Road,5,2,rain,9,0.1589
16,Pathardi Road,3,0,clear,9,0.1158
18,Ambad Link Road,23,2,rain,32,0.3594
1,MG Road,10,6,clear,48,0.4299
26,Mhasrul Link,15,2,clear,13,0.1274
9,Commissioner Office Road,10,4,fog,99,0.9178
18,Ambad Link Road,11,6,clear,13,0.1463
24,Pathardi Road,21,6,rain,20,0.2079
22,Nashik-Mumbai Road,16,3,clear,15,0.1485
10,Nashik Phata Road,13,1,clear,41,0.3674
14,Satpur Road,2,6,clear,5,0.0704
29,Pathardi Road,7,6,clear,25,0.2654
6,College Road,1,0,rain,10,0.1822
9,Commissioner Office Road,21,4,fog,37,0.3748
12,Mhasrul Road,6,6,rain,29,0.3134
23,Deolali Road,10,3,fog,68,0.7775
11,Trimbak Road,21,6,clear,22,0.2129
14,Satpur Road,4,2,clear,10,0.1328
29,Pathardi Road,3,1,rain,23,0.2544
4,Old Pune Road,21,5,clear,13,0.1531
28,Trimbak Road,15,5,rain,3,0.0724
17,Dwarka-CBS Road,11,3,clear,12,0.1535
28,Trimbak Road,10,3,rain,84,0.9609
7,Gangapur Road,16,4,clear,20,0.1853
23,Deolali Road,6,2,clear,42,0.373
29,Pathardi Road,16,2,fog,14,0.1863
25,Agra Road,0,0,fog,5,0.1289
25,Agra Road,3,0,clear,20,0.1476
21,Ambad-Phata Road,8,6,clear,40,0.3698
19,MIDC Road,15,0,rain,23,0.2519
8,Indira Nagar Road,21,1,clear,36,0.2591
22,Nashik-Mumbai Road,15,1,rain,5,0.1568
13,Nashik Phata Road,22,6,rain,18,0.1928
15,Cidco Road,8,3,clear,95,0.7834
14,Satpur Road,21,2,clear,31,0.2802
12,Mhasrul Road,11,2,rain,14,0.1815
4,Old Pune Road,22,5,clear,20,0.1822
19,MIDC Road,12,0,fog,61,0.5499
18,Ambad Link Road,1,6,fog,11,0.1304
7,Gangapur Road,12,1,fog,66,0.5922
22,Nashik-Mumbai Road,1,5,fog,3,0.1143
7,Gangapur Road,16,0,clear,16,0.1879
30,Agra Road,20,1,clear,92,0.762
21,Ambad-Phata Road,5,5,clear,11,0.1216
6,College Road,17,3,clear,99,0.7379
15,Cidco Road,11,6,clear,9,0.0888
21,Ambad-Phata Road,20,2,clear,91,0.7503
15,Cidco Road,12,3,clear,63,0.4793
28,Trimbak Road,15,1,fog,15,0.1841
11,Trimbak Road,17,1,clear,73,0.6655
12,Mhasrul Road,23,1,fog,30,0.2738
29,Pathardi Road,18,1,clear,93,0.744
2,Sharanpur Road,5,4,rain,16,0.2005
12,Mhasrul Road,16,5,clear,6,0.084
9,Commissioner Office Road,4,1,rain,8,0.1672
13,Nashik Phata Road,18,1,clear,96,0.7251
29,Pathardi Road,16,4,clear,17,0.1602
12,Mhasrul Road,19,4,clear,97,0.7275
15,Cidco Road,17,5,clear,64,0.4911
13,Nashik Phata Road,11,5,clear,11,0.1027
19,MIDC Road,8,3,rain,86,0.9974
25,Agra Road,15,2,rain,18,0.2059
11,Trimbak Road,3,1,clear,13,0.1616
9,Commissioner Office Road,4,3,clear,22,0.1608
22,Nashik-Mumbai Road,8,0,clear,83,0.6716
29,Pathardi Road,22,2,clear,15,0.2143
23,Deolali Road,11,5,rain,5,0.1033
1,MG Road,21,5,clear,24,0.173
19,MIDC Road,9,2,clear,75,0.6563
3,CBS-Canada Road,8,1,rain,77,0.9025
30,Agra Road,15,2,clear,14,0.127
24,Pathardi Road,8,2,clear,92,0.734
12,Mhasrul Road,16,6,rain,9,0.1106
3,CBS-Canada Road,23,6,clear,23,0.2152
12,Mhasrul Road,7,1,rain,45,0.4679
14,Satpur Road,19,3,clear,88,0.7405
2,Sharanpur Road,14,2,rain,56,0.6001
20,Industrial Road,14,2,clear,52,0.4398
16,Pathardi Road,8,4,clear,82,0.703
8,Indira Nagar Road,11,0,rain,17,0.2132
28,Trimbak Road,17,4,clear,98,0.7319
24,Pathardi Road,19,3,fog,68,0.7254
25,Agra Road,12,4,fog,41,0.4431
29,Pathardi Road,4,3,fog,22,0.2014
20,Industrial Road,13,3,clear,41,0.3757
15,Cidco Road,23,5,clear,24,0.1768
29,Pathardi Road,15,0,rain,24,0.2511
5,Panchavati Road,19,0,fog,66,0.7947
15,Cidco Road,12,1,fog,47,0.5099
18,Ambad Link Road,7,2,clear,34,0.3533
26,Mhasrul Link,6,4,rain,41,0.45
21,Ambad-Phata Road,5,4,clear,19,0.1612
25,Agra Road,10,1,clear,98,0.7952
9,Commissioner Office Road,0,0,clear,12,0.1347
4,Old Pune Road,1,2,rain,7,0.1072
22,Nashik-Mumbai Road,18,2,rain,81,0.9664
19,MIDC Road,22,1,rain,26,0.3061
8,Indira Nagar Road,23,5,clear,24,0.1705
13,Nashik Phata Road,4,2,clear,22,0.16
16,Pathardi Road,0,4,clear,19,0.1808
1,MG Road,13,1,clear,40,0.3845
12,Mhasrul Road,12,3,clear,42,0.39
12,Mhasrul Road,11,1,clear,9,0.1524
30,Agra Road,8,5,clear,55,0.4857
6,College Road,20,0,fog,87,0.845
11,Trimbak Road,20,4,clear,98,0.7875
28,Trimbak Road,9,1,clear,70,0.5903
1,MG Road,11,4,clear,7,0.0973
16,Pathardi Road,5,1,clear,21,0.1514
1,MG Road,6,0,rain,30,0.3683
24,Pathardi Road,15,6,clear,14,0.1124
14,Satpur Road,19,6,rain,58,0.6368
17,Dwarka-CBS Road,4,2,fog,19,0.2126
30,Agra Road,15,1,clear,24,0.1788
3,CBS-Canada Road,3,2,clear,22,0.1862
6,College Road,2,0,clear,7,0.1066
25,Agra Road,7,4,fog,40,0.3904
8,Indira Nagar Road,19,0,rain,85,0.934
27,Sharanpur Road,6,2,clear,38,0.3413
17,Dwarka-CBS Road,20,1,fog,90,0.8741
18,Ambad Link Road,18,6,rain,48,0.561
28,Trimbak Road,12,4,clear,67,0.4987
2,Sharanpur Road,2,5,clear,11,0.1219
9,Commissioner Office Road,11,0,clear,17,0.178
4,Old Pune Road,4,6,clear,5,0.0548
22,Nashik-Mumbai Road,13,5,rain,29,0.3429
1,MG Road,8,4,clear,86,0.6631
20,Industrial Road,23,6,rain,23,0.2784
10,Nashik Phata Road,11,0,fog,20,0.225
28,Trimbak Road,7,6,rain,25,0.3132
4,Old Pune Road,0,2,clear,12,0.1369
9,Commissioner Office Road,9,4,rain,93,0.9607
1,MG Road,3,2,clear,22,0.1662
16,Pathardi Road,23,1,clear,17,0.2035
9,Commissioner Office Road,2,0,clear,14,0.1363
22,Nashik-Mumbai Road,20,1,rain,67,0.8626
26,Mhasrul Link,4,4,clear,12,0.1719
27,Sharanpur Road,9,1,clear,71,0.6572
24,Pathardi Road,13,0,rain,48,0.5949
1,MG Road,23,2,fog,32,0.3395
18,Ambad Link Road,15,4,clear,12,0.13
26,Mhasrul Link,23,0,clear,22,0.2271
30,Agra Road,9,6,clear,40,0.3516
29,Pathardi Road,15,6,rain,13,0.1225
14,Satpur Road,17,3,clear,84,0.7059
14,Satpur Road,1,4,clear,16,0.179
10,Nashik Phata Road,11,5,clear,13,0.1526
27,Sharanpur Road,2,4,clear,19,0.192
29,Pathardi Road,3,0,clear,8,0.1141
17,Dwarka-CBS Road,18,1,rain,89,1.0
8,Indira Nagar Road,19,5,clear,52,0.456
17,Dwarka-CBS Road,5,2,fog,5,0.1383
19,MIDC Road,4,4,clear,22,0.1879
18,Ambad Link Road,3,2,fog,13,0.1762
10,Nashik Phata Road,8,3,fog,85,0.8169
15,Cidco Road,19,0,fog,84,0.8587
7,Gangapur Road,21,1,fog,22,0.2787
20,Industrial Road,2,2,clear,6,0.0985
30,Agra Road,22,5,clear,16,0.1379
16,Pathardi Road,22,0,clear,39,0.2714
4,Old Pune Road,10,3,fog,97,0.8917
22,Nashik-Mumbai Road,2,2,clear,15,0.1694
9,Commissioner Office Road,2,1,clear,10,0.125
8,Indira Nagar Road,21,6,fog,25,0.2142
18,Ambad Link Road,12,5,clear,26,0.2681
6,College Road,4,3,rain,7,0.1281
6,College Road,3,6,clear,6,0.0719
9,Commissioner Office Road,7,2,clear,49,0.3983
27,Sharanpur Road,4,2,clear,23,0.1658
30,Agra Road,22,5,clear,21,0.1792
17,Dwarka-CBS Road,6,0,fog,51,0.438
11,Trimbak Road,0,2,clear,13,0.16
12,Mhasrul Road,11,4,rain,5,0.1627
22,Nashik-Mumbai Road,22,1,fog,36,0.3706
28,Trimbak Road,16,6,clear,9,0.1231
5,Panchavati Road,21,3,fog,33,0.3064
13,Nashik Phata Road,15,5,rain,14,0.1658
9,Commissioner Office Road,20,0,clear,81,0.6892
23,Deolali Road,14,3,fog,51,0.5353
15,Cidco Road,15,5,clear,9,0.105
2,Sharanpur Road,0,6,fog,15,0.1413
14,Satpur Road,3,3,clear,24,0.2138
5,Panchavati Road,11,1,clear,17,0.1721
13,Nashik Phata Road,9,1,rain,79,0.8668
5,Panchavati Road,0,1,clear,23,0.2126
26,Mhasrul Link,0,5,clear,4,0.0661
18,Ambad Link Road,4,0,fog,7,0.104
13,Nashik Phata Road,14,0,fog,61,0.5989
14,Satpur Road,6,2,rain,39,0.4185
20,Industrial Road,21,4,clear,33,0.2395
20,Industrial Road,20,3,clear,68,0.6243
23,Deolali Road,6,3,clear,43,0.3562
29,Pathardi Road,8,4,fog,84,0.8345
13,Nashik Phata Road,6,2,clear,53,0.419
12,Mhasrul Road,4,5,fog,9,0.1422
7,Gangapur Road,22,2,clear,22,0.1994
4,Old Pune Road,1,2,clear,16,0.1505
6,College Road,23,4,clear,37,0.295
6,College Road,18,2,rain,94,1.0
13,Nashik Phata Road,5,5,rain,14,0.1735
12,Mhasrul Road,16,1,rain,23,0.2568
19,MIDC Road,18,4,rain,80,0.909
27,Sharanpur Road,6,2,clear,47,0.4001
29,Pathardi Road,4,2,rain,15,0.2398
8,Indira Nagar Road,19,3,clear,80,0.7123
5,Panchavati Road,2,5,clear,13,0.1388
14,Satpur Road,11,0,rain,16,0.1857
2,Sharanpur Road,19,6,rain,55,0.5736
29,Pathardi Road,18,2,rain,90,0.9769
3,CBS-Canada Road,12,6,clear,35,0.3078
13,Nashik Phata Road,11,5,clear,15,0.1376
16,Pathardi Road,8,2,fog,90,0.8067
7,Gangapur Road,18,2,clear,70,0.6402
25,Agra Road,14,6,clear,36,0.3084
29,Pathardi Road,14,1,clear,48,0.3781
19,MIDC Road,0,0,clear,22,0.1748
12,Mhasrul Road,3,0,clear,15,0.1634
12,Mhasrul Road,2,4,clear,16,0.1539
30,Agra Road,22,1,rain,15,0.259
28,Trimbak Road,2,4,clear,9,0.1037
25,Agra Road,20,2,clear,87,0.7276
2,Sharanpur Road,13,0,clear,43,0.4281
22,Nashik-Mumbai Road,14,4,rain,58,0.5628
28,Trimbak Road,14,5,clear,44,0.3234
14,Satpur Road,12,6,fog,35,0.3465
21,Ambad-Phata Road,8,5,clear,42,0.3911
13,Nashik Phata Road,5,0,clear,12,0.1562
21,Ambad-Phata Road,1,2,rain,11,0.1848
22,Nashik-Mumbai Road,6,1,clear,37,0.3195
13,Nashik Phata Road,21,3,rain,15,0.234
21,Ambad-Phata Road,2,5,rain,11,0.1623
28,Trimbak Road,14,0,rain,66,0.6488
22,Nashik-Mumbai Road,3,4,rain,17,0.2143
22,Nashik-Mumbai Road,8,3,fog,70,0.7434
25,Agra Road,20,4,clear,84,0.7085
18,Ambad Link Road,7,1,clear,39,0.38
8,Indira Nagar Road,5,3,fog,7,0.1442
20,Industrial Road,10,0,clear,73,0.6162
20,Industrial Road,0,2,clear,19,0.1557
23,Deolali Road,11,5,fog,14,0.1543
6,College Road,8,1,clear,77,0.6875
12,Mhasrul Road,1,3,fog,12,0.1978
23,Deolali Road,7,4,clear,30,0.3166
30,Agra Road,3,1,clear,7,0.0933
12,Mhasrul Road,23,0,clear,20,0.2008
16,Pathardi Road,20,5,clear,59,0.4617
8,Indira Nagar Road,3,3,fog,23,0.1909
4,Old Pune Road,9,1,clear,68,0.5893
9,Commissioner Office Road,1,1,clear,7,0.1139
1,MG Road,14,2,clear,53,0.4521
22,Nashik-Mumbai Road,4,2,clear,24,0.2058
21,Ambad-Phata Road,10,0,clear,90,0.7013
20,Industrial Road,5,6,fog,7,0.1116
10,Nashik Phata Road,21,2,clear,25,0.2585
26,Mhasrul Link,19,4,clear,99,0.8038
2,Sharanpur Road,7,3,rain,38,0.3937
17,Dwarka-CBS Road,12,0,fog,47,0.4758
10,Nashik Phata Road,6,5,clear,27,0.2223
29,Pathardi Road,12,2,clear,64,0.5006
9,Commissioner Office Road,6,5,clear,20,0.209
1,MG Road,5,1,rain,14,0.1729
14,Satpur Road,2,1,clear,24,0.1751
19,MIDC Road,7,5,clear,31,0.2482
19,MIDC Road,5,4,rain,9,0.1512
11,Trimbak Road,12,5,clear,37,0.3035
14,Satpur Road,22,6,rain,16,0.1699
20,Industrial Road,14,1,rain,53,0.6087
16,Pathardi Road,1,2,clear,15,0.1621
26,Mhasrul Link,18,1,clear,76,0.6398
21,Ambad-Phata Road,23,0,clear,32,0.2742
10,Nashik Phata Road,4,4,rain,17,0.1905
27,Sharanpur Road,0,0,rain,7,0.1546
25,Agra Road,17,5,rain,59,0.5956
18,Ambad Link Road,6,2,fog,32,0.3714
9,Commissioner Office Road,7,6,clear,29,0.2386
5,Panchavati Road,7,1,clear,38,0.3376
18,Ambad Link Road,22,4,clear,15,0.2053
27,Sharanpur Road,23,2,rain,25,0.3396
4,Old Pune Road,10,1,fog,81,0.7922
16,Pathardi Road,23,2,rain,24,0.297
25,Agra Road,6,6,clear,25,0.2337
22,Nashik-Mumbai Road,4,4,rain,19,0.2311
30,Agra Road,5,0,rain,8,0.1171
9,Commissioner Office Road,19,3,rain,69,0.8157
19,MIDC Road,11,6,rain,8,0.138
20,Industrial Road,15,6,clear,5,0.078
17,Dwarka-CBS Road,23,2,fog,24,0.2541
16,Pathardi Road,9,4,rain,94,1.0
2,Sharanpur Road,10,3,clear,92,0.697
2,Sharanpur Road,9,6,clear,57,0.4436
17,Dwarka-CBS Road,21,4,clear,38,0.2752
19,MIDC Road,7,3,clear,39,0.3289
1,MG Road,12,2,clear,53,0.4368
14,Satpur Road,14,5,clear,35,0.2874
16,Pathardi Road,14,6,rain,44,0.4612
16,Pathardi Road,9,2,clear,92,0.7313
28,Trimbak Road,11,0,clear,24,0.2037
23,Deolali Road,9,2,clear,64,0.6178
9,Commissioner Office Road,10,3,clear,93,0.6761
18,Ambad Link Road,15,6,rain,3,0.0753
30,Agra Road,3,6,clear,13,0.1154
26,Mhasrul Link,19,3,rain,91,1.0
8,Indira Nagar Road,21,1,fog,19,0.2632
21,Ambad-Phata Road,15,5,clear,5,0.074
27,Sharanpur Road,7,1,fog,45,0.4724
24,Pathardi Road,12,6,rain,34,0.3985
24,Pathardi Road,2,5,clear,6,0.0875
4,Old Pune Road,21,4,clear,31,0.291
24,Pathardi Road,9,3,rain,88,0.9115
18,Ambad Link Road,21,0,rain,29,0.2944
9,Commissioner Office Road,3,1,clear,10,0.1541
27,Sharanpur Road,5,5,clear,14,0.101
16,Pathardi Road,5,6,fog,12,0.1239
11,Trimbak Road,23,6,clear,14,0.1847
16,Pathardi Road,2,6,clear,11,0.13
9,Commissioner Office Road,5,6,rain,9,0.1144
27,Sharanpur Road,18,6,clear,46,0.4337
2,Sharanpur Road,22,5,clear,14,0.124
1,MG Road,11,3,fog,7,0.174
6,College Road,10,6,clear,61,0.4799
6,College Road,10,3,fog,89,0.8401
6,College Road,8,5,clear,61,0.4832
9,Commissioner Office Road,8,2,rain,92,0.9338
16,Pathardi Road,15,6,rain,5,0.1291
10,Nashik Phata Road,9,0,rain,83,0.9042
15,Cidco Road,20,4,clear,89,0.7765
23,Deolali Road,23,4,clear,36,0.308
11,Trimbak Road,21,0,clear,29,0.2376
6,College Road,14,4,fog,63,0.5855
12,Mhasrul Road,21,1,fog,28,0.254
25,Agra Road,21,0,rain,39,0.4061
3,CBS-Canada Road,8,5,clear,50,0.46
28,Trimbak Road,17,4,rain,76,0.9364
8,Indira Nagar Road,12,0,rain,41,0.515
28,Trimbak Road,7,2,rain,50,0.5683
2,Sharanpur Road,16,2,clear,5,0.1244
23,Deolali Road,21,5,rain,15,0.171
4,Old Pune Road,6,6,clear,29,0.2458
21,Ambad-Phata Road,8,3,rain,92,0.9671
5,Panchavati Road,14,2,fog,53,0.4661
12,Mhasrul Road,17,6,clear,48,0.4289
6,College Road,20,6,clear,62,0.5148
12,Mhasrul Road,10,1,fog,83,0.8311
10,Nashik Phata Road,13,4,clear,65,0.4854
18,Ambad Link Road,22,4,rain,27,0.275
18,Ambad Link Road,14,6,clear,31,0.2764
26,Mhasrul Link,20,6,clear,55,0.4861
8,Indira Nagar Road,20,6,clear,52,0.461
9,Commissioner Office Road,15,4,clear,17,0.1516
5,Panchavati Road,5,6,clear,3,0.0685
25,Agra Road,3,2,clear,16,0.1709
27,Sharanpur Road,17,5,fog,61,0.587
18,Ambad Link Road,15,0,clear,10,0.1474
3,CBS-Canada Road,2,1,fog,10,0.1524
5,Panchavati Road,2,2,clear,7,0.1032
30,Agra Road,15,0,clear,9,0.1188
16,Pathardi Road,13,5,rain,29,0.3464
25,Agra Road,15,1,clear,21,0.1764
26,Mhasrul Link,1,1,rain,12,0.1549
22,Nashik-Mumbai Road,1,5,fog,11,0.1407
13,Nashik Phata Road,4,3,rain,18,0.2397
7,Gangapur Road,16,4,rain,14,0.1867
14,Satpur Road,8,6,fog,58,0.5668
19,MIDC Road,14,0,clear,48,0.4051
28,Trimbak Road,7,1,rain,44,0.468
29,Pathardi Road,11,6,rain,8,0.1383
13,Nashik Phata Road,1,1,fog,11,0.1959
22,Nashik-Mumbai Road,7,0,clear,44,0.3876
3,CBS-Canada Road,23,5,rain,17,0.2014
21,Ambad-Phata Road,15,0,fog,20,0.2165
15,Cidco Road,4,2,clear,14,0.1726
15,Cidco Road,17,5,rain,44,0.5247
23,Deolali Road,8,6,clear,50,0.4402
18,Ambad Link Road,21,5,clear,21,0.1997
17,Dwarka-CBS Road,20,1,clear,71,0.6795
30,Agra Road,19,0,clear,69,0.6761
7,Gangapur Road,5,4,clear,20,0.1773
26,Mhasrul Link,4,0,clear,7,0.1145
16,Pathardi Road,6,4,clear,43,0.3848
12,Mhasrul Road,20,6,clear,53,0.4591
2,Sharanpur Road,16,1,rain,7,0.1694
24,Pathardi Road,17,4,clear,95,0.7566
5,Panchavati Road,3,5,rain,4,0.1107
11,Trimbak Road,20,5,rain,61,0.6331
29,Pathardi Road,18,6,fog,45,0.5109
11,Trimbak Road,21,1,rain,29,0.3491
11,Trimbak Road,13,0,rain,48,0.5568
10,Nashik Phata Road,18,6,clear,59,0.5128
30,Agra Road,18,4,rain,72,0.8864
17,Dwarka-CBS Road,15,5,rain,5,0.0836
5,Panchavati Road,4,2,clear,10,0.1191
20,Industrial Road,5,1,clear,12,0.1251
26,Mhasrul Link,9,6,clear,44,0.4228
9,Commissioner Office Road,13,4,clear,43,0.3577
14,Satpur Road,12,3,rain,53,0.5567
3,CBS-Canada Road,9,6,rain,50,0.5534
5,Panchavati Road,1,0,clear,10,0.1129
6,College Road,21,4,fog,28,0.3052
11,Trimbak Road,20,0,clear,67,0.632
5,Panchavati Road,21,2,clear,15,0.1689
11,Trimbak Road,6,0,rain,41,0.4991
24,Pathardi Road,2,1,clear,23,0.1732
27,Sharanpur Road,5,1,clear,10,0.1122
26,Mhasrul Link,9,1,clear,69,0.6374
25,Agra Road,23,5,fog,15,0.1629
1,MG Road,20,2,clear,90,0.7387
22,Nashik-Mumbai Road,6,6,fog,29,0.2961
13,Nashik Phata Road,7,5,clear,34,0.2698
16,Pathardi Road,1,6,rain,11,0.1647
26,Mhasrul Link,5,5,clear,3,0.0551
10,Nashik Phata Road,8,6,clear,55,0.4467
5,Panchavati Road,6,3,clear,40,0.3454
4,Old Pune Road,15,4,clear,5,0.1142
26,Mhasrul Link,20,5,rain,59,0.6655
11,Trimbak Road,4,1,rain,7,0.1327
10,Nashik Phata Road,12,0,fog,60,0.5504
14,Satpur Road,19,6,clear,59,0.4715
6,College Road,13,1,clear,45,0.3982
9,Commissioner Office Road,11,6,fog,11,0.1343
30,Agra Road,13,6,clear,32,0.2989
2,Sharanpur Road,18,1,clear,81,0.7276
27,Sharanpur Road,22,0,clear,26,0.2225
2,Sharanpur Road,9,6,clear,59,0.428
19,MIDC Road,17,5,clear,43,0.4384
10,Nashik Phata Road,1,3,clear,15,0.1426
30,Agra Road,12,3,clear,69,0.4924
3,CBS-Canada Road,1,3,rain,15,0.1854
14,Satpur Road,6,5,rain,33,0.3518
29,Pathardi Road,5,1,clear,8,0.103
8,Indira Nagar Road,19,1,rain,73,0.8663
21,Ambad-Phata Road,14,2,fog,47,0.4859
8,Indira Nagar Road,12,0,clear,63,0.4937
21,Ambad-Phata Road,23,0,clear,33,0.2465
10,Nashik Phata Road,7,5,clear,32,0.2638
28,Trimbak Road,19,4,clear,87,0.7205
15,Cidco Road,14,1,clear,59,0.4833
10,Nashik Phata Road,0,2,clear,7,0.119
23,Deolali Road,12,1,clear,53,0.4518
24,Pathardi Road,22,0,clear,30,0.2659
26,Mhasrul Link,11,2,rain,19,0.2415
19,MIDC Road,15,2,rain,6,0.1415
25,Agra Road,6,5,clear,31,0.2358
24,Pathardi Road,17,4,rain,89,0.9466
3,CBS-Canada Road,5,6,clear,14,0.133
23,Deolali Road,13,3,clear,50,0.4211
9,Commissioner Office Road,17,3,clear,79,0.6904
4,Old Pune Road,7,5,fog,26,0.2883
11,Trimbak Road,1,2,clear,17,0.1713
24,Pathardi Road,10,6,clear,56,0.4843
13,Nashik Phata Road,2,0,rain,5,0.1398
9,Commissioner Office Road,0,4,rain,10,0.1767
5,Panchavati Road,4,3,rain,17,0.2109
27,Sharanpur Road,7,6,clear,21,0.2325
23,Deolali Road,11,3,clear,17,0.1737
27,Sharanpur Road,8,3,clear,91,0.7442
6,College Road,6,0,clear,33,0.2821
3,CBS-Canada Road,8,4,clear,64,0.5639
1,MG Road,2,0,clear,13,0.1457
5,Panchavati Road,13,1,clear,62,0.4659
14,Satpur Road,17,4,fog,73,0.7707
13,Nashik Phata Road,5,2,rain,24,0.2332
15,Cidco Road,12,1,rain,63,0.6214
24,Pathardi Road,4,2,clear,5,0.1267
23,Deolali Road,9,6,clear,46,0.4365
28,Trimbak Road,9,4,clear,92,0.7224
28,Trimbak Road,3,5,rain,5,0.1078
7,Gangapur Road,22,0,fog,34,0.3548
12,Mhasrul Road,6,0,clear,34,0.3108
22,Nashik-Mumbai Road,16,0,clear,19,0.1666
15,Cidco Road,1,4,clear,20,0.2099
6,College Road,21,3,clear,27,0.2469
27,Sharanpur Road,5,4,clear,13,0.1666
12,Mhasrul Road,3,2,clear,16,0.1746
4,Old Pune Road,8,6,rain,43,0.4982
10,Nashik Phata Road,7,3,clear,44,0.3202
3,CBS-Canada Road,22,2,rain,19,0.2641
28,Trimbak Road,8,5,clear,48,0.4014
25,Agra Road,22,6,clear,25,0.2234
10,Nashik Phata Road,8,2,clear,77,0.6629
16,Pathardi Road,3,0,rain,12,0.1522
19,MIDC Road,23,3,fog,37,0.3536
19,MIDC Road,18,5,rain,48,0.5608
17,Dwarka-CBS Road,10,6,rain,52,0.5746
6,College Road,2,5,clear,11,0.1079
12,Mhasrul Road,22,6,clear,24,0.2115
28,Trimbak Road,21,6,clear,14,0.1471
17,Dwarka-CBS Road,15,2,rain,6,0.1669
3,CBS-Canada Road,0,6,clear,15,0.1137
18,Ambad Link Road,3,2,fog,19,0.164
5,Panchavati Road,4,2,fog,17,0.1884
5,Panchavati Road,2,3,clear,24,0.1926
18,Ambad Link Road,9,1,clear,88,0.7104
22,Nashik-Mumbai Road,13,1,rain,55,0.6105
18,Ambad Link Road,9,1,clear,81,0.6375
7,Gangapur Road,17,1,clear,90,0.7437
29,Pathardi Road,19,0,clear,94,0.8035
4,Old Pune Road,18,2,rain,70,0.8829
10,Nashik Phata Road,23,4,clear,24,0.2553
2,Sharanpur Road,8,4,rain,65,0.7729
7,Gangapur Road,6,3,clear,53,0.4036
11,Trimbak Road,13,3,clear,42,0.419
27,Sharanpur Road,3,3,rain,14,0.1892
6,College Road,10,6,clear,52,0.4372
13,Nashik Phata Road,12,5,clear,37,0.3118
20,Industrial Road,9,1,clear,60,0.5801
29,Pathardi Road,1,2,fog,24,0.2253
20,Industrial Road,8,3,fog,63,0.656
15,Cidco Road,19,1,rain,89,1.0
20,Industrial Road,0,2,clear,15,0.1348
12,Mhasrul Road,10,5,clear,54,0.4336
27,Sharanpur Road,18,3,rain,81,0.8749
20,Industrial Road,19,0,rain,96,1.0
7,Gangapur Road,13,5,clear,35,0.2669
19,MIDC Road,7,0,fog,48,0.4377
6,College Road,20,6,clear,61,0.5017
7,Gangapur Road,8,0,fog,88,0.8274
11,Trimbak Road,4,6,clear,7,0.1109
17,Dwarka-CBS Road,4,2,clear,8,0.1379
24,Pathardi Road,10,4,clear,87,0.7107
15,Cidco Road,1,5,clear,7,0.0854
16,Pathardi Road,8,0,rain,86,0.9308
4,Old Pune Road,8,2,rain,98,0.9828
7,Gangapur Road,5,0,rain,5,0.1418
27,Sharanpur Road,16,2,clear,12,0.1167
16,Pathardi Road,3,1,clear,21,0.1807
7,Gangapur Road,14,1,clear,41,0.3752
1,MG Road,20,0,clear,71,0.6518
25,Agra Road,18,2,rain,87,0.94
29,Pathardi Road,0,6,clear,5,0.1188
25,Agra Road,15,6,rain,12,0.1187
9,Commissioner Office Road,22,3,rain,35,0.3407
23,Deolali Road,20,1,clear,85,0.7179
22,Nashik-Mumbai Road,14,4,clear,45,0.4183
29,Pathardi Road,3,6,clear,3,0.0963
11,Trimbak Road,5,6,clear,10,0.121
19,MIDC Road,6,5,clear,24,0.2353
28,Trimbak Road,20,6,clear,61,0.5269
23,Deolali Road,19,5,clear,49,0.4463
3,CBS-Canada Road,18,4,rain,95,0.9793
8,Indira Nagar Road,14,6,clear,29,0.2685
7,Gangapur Road,7,1,fog,51,0.4461
27,Sharanpur Road,9,3,rain,88,0.9126
3,CBS-Canada Road,15,6,rain,5,0.1139
9,Commissioner Office Road,15,4,clear,11,0.1023
3,CBS-Canada Road,10,3,clear,69,0.6503
15,Cidco Road,22,5,clear,16,0.1654
27,Sharanpur Road,2,4,rain,12,0.194
3,CBS-Canada Road,5,6,clear,14,0.125
27,Sharanpur Road,20,0,clear,74,0.6355
18,Ambad Link Road,12,5,clear,44,0.3293
4,Old Pune Road,15,2,clear,9,0.1124
13,Nashik Phata Road,12,2,clear,44,0.4146
24,Pathardi Road,10,0,rain,62,0.7571
20,Industrial Road,2,1,clear,5,0.1283
27,Sharanpur Road,11,0,clear,7,0.0853
6,College Road,9,5,clear,63,0.4979
26,Mhasrul Link,7,5,fog,31,0.281
3,CBS-Canada Road,11,6,clear,11,0.0921
16,Pathardi Road,17,0,clear,81,0.6968
20,Industrial Road,3,2,fog,21,0.2001
30,Agra Road,20,3,clear,94,0.7144
25,Agra Road,20,0,rain,77,0.8558
17,Dwarka-CBS Road,22,2,clear,24,0.2411
22,Nashik-Mumbai Road,22,5,clear,12,0.1372
21,Ambad-Phata Road,8,5,clear,52,0.4454
20,Industrial Road,6,4,fog,52,0.484
2,Sharanpur Road,6,1,rain,32,0.3718
26,Mhasrul Link,2,3,clear,10,0.1087
23,Deolali Road,21,5,clear,21,0.1775
17,Dwarka-CBS Road,18,2,rain,81,0.9083
12,Mhasrul Road,9,1,rain,85,0.94
18,Ambad Link Road,20,3,fog,95,0.9195
18,Ambad Link Road,23,4,rain,19,0.2465
25,Agra Road,13,0,clear,65,0.4851
16,Pathardi Road,11,3,clear,23,0.2204
18,Ambad Link Road,2,1,clear,7,0.1356
19,MIDC Road,21,3,clear,23,0.2328
29,Pathardi Road,10,1,clear,90,0.7218
5,Panchavati Road,13,6,rain,42,0.4343
12,Mhasrul Road,3,4,rain,11,0.15
1,MG Road,8,6,clear,64,0.4769
1,MG Road,8,6,clear,39,0.3414
5,Panchavati Road,13,5,clear,32,0.2704
15,Cidco Road,20,6,clear,51,0.4286
3,CBS-Canada Road,4,3,clear,9,0.163
7,Gangapur Road,2,4,clear,8,0.1212
30,Agra Road,0,2,clear,20,0.162
3,CBS-Canada Road,17,4,clear,90,0.7562
28,Trimbak Road,20,0,rain,76,0.8961
19,MIDC Road,5,6,fog,14,0.1689
16,Pathardi Road,15,6,fog,4,0.0815
20,Industrial Road,4,2,clear,19,0.1547
4,Old Pune Road,14,0,rain,62,0.67
21,Ambad-Phata Road,6,4,clear,49,0.3755
28,Trimbak Road,19,4,clear,91,0.7522
27,Sharanpur Road,20,0,clear,97,0.7574
1,MG Road,11,5,rain,5,0.1052
18,Ambad Link Road,16,2,fog,13,0.1887
22,Nashik-Mumbai Road,7,2,clear,37,0.3297
4,Old Pune Road,1,3,clear,14,0.1723
15,Cidco Road,21,2,clear,34,0.2664
16,Pathardi Road,7,6,rain,31,0.2877
30,Agra Road,14,1,clear,59,0.4873
22,Nashik-Mumbai Road,15,5,fog,5,0.1304
10,Nashik Phata Road,22,3,rain,38,0.3496
18,Ambad Link Road,6,3,clear,39,0.347
3,CBS-Canada Road,13,4,clear,68,0.5089
17,Dwarka-CBS Road,5,6,clear,7,0.1222
1,MG Road,3,0,clear,8,0.1346
6,College Road,7,0,fog,30,0.3538
25,Agra Road,5,4,rain,9,0.1327
1,MG Road,6,5,clear,34,0.2532
8,Indira Nagar Road,7,2,clear,49,0.4133
9,Commissioner Office Road,13,0,clear,68,0.5257
1,MG Road,18,1,clear,75,0.6129
2,Sharanpur Road,7,5,clear,24,0.2482
7,Gangapur Road,1,6,clear,14,0.1529
5,Panchavati Road,15,4,clear,9,0.1109
6,College Road,10,6,clear,63,0.495
20,Industrial Road,5,0,rain,22,0.2589
5,Panchavati Road,19,2,clear,91,0.7132
3,CBS-Canada Road,4,6,rain,10,0.1134
28,Trimbak Road,0,6,clear,13,0.1477
24,Pathardi Road,14,3,clear,43,0.3639
5,Panchavati Road,8,0,clear,89,0.71
27,Sharanpur Road,13,2,clear,50,0.4585
18,Ambad Link Road,5,4,clear,11,0.1143
12,Mhasrul Road,7,0,clear,47,0.3464
15,Cidco Road,19,6,rain,49,0.5755
4,Old Pune Road,2,2,clear,19,0.1635
18,Ambad Link Road,4,4,clear,23,0.1651
22,Nashik-Mumbai Road,23,6,rain,13,0.2072
26,Mhasrul Link,19,2,clear,67,0.662
15,Cidco Road,6,4,rain,46,0.5337
12,Mhasrul Road,12,1,clear,50,0.4615
25,Agra Road,3,1,clear,8,0.1331
12,Mhasrul Road,5,3,rain,23,0.2548
12,Mhasrul Road,6,0,rain,49,0.5037
15,Cidco Road,9,2,clear,66,0.5827
2,Sharanpur Road,18,1,clear,90,0.7607
30,Agra Road,11,6,rain,13,0.1648
3,CBS-Canada Road,14,0,clear,46,0.4282
26,Mhasrul Link,17,5,fog,64,0.5817
30,Agra Road,19,5,rain,46,0.5514
14,Satpur Road,15,2,clear,19,0.1509
25,Agra Road,16,3,clear,22,0.2211
15,Cidco Road,22,4,clear,16,0.1842
5,Panchavati Road,1,1,clear,14,0.1523
25,Agra Road,14,1,fog,47,0.4863
23,Deolali Road,19,0,clear,93,0.7429
27,Sharanpur Road,11,0,rain,8,0.1457
26,Mhasrul Link,21,1,clear,16,0.1926
26,Mhasrul Link,8,3,rain,86,0.8736
5,Panchavati Road,4,1,rain,5,0.1215
15,Cidco Road,23,4,clear,37,0.2599
14,Satpur Road,10,3,rain,93,1.0
1,MG Road,13,1,clear,62,0.4953
4,Old Pune Road,12,1,clear,51,0.4294
28,Trimbak Road,6,0,rain,50,0.5524
7,Gangapur Road,12,4,rain,57,0.5876
13,Nashik Phata Road,12,4,clear,51,0.4477
21,Ambad-Phata Road,20,5,clear,52,0.4582
8,Indira Nagar Road,14,4,rain,56,0.5618
30,Agra Road,10,5,clear,54,0.4432
27,Sharanpur Road,2,1,clear,18,0.1792
6,College Road,23,6,clear,11,0.1539
8,Indira Nagar Road,20,4,rain,95,1.0
16,Pathardi Road,10,6,clear,55,0.4428
12,Mhasrul Road,1,2,rain,13,0.1862
5,Panchavati Road,11,2,clear,23,0.1872
19,MIDC Road,17,2,fog,77,0.7919
23,Deolali Road,11,0,rain,5,0.13
11,Trimbak Road,16,2,rain,18,0.2
5,Panchavati Road,1,6,clear,13,0.1046
7,Gangapur Road,16,2,fog,16,0.1596
15,Cidco Road,1,5,rain,15,0.1529
23,Deolali Road,19,6,clear,46,0.3998
22,Nashik-Mumbai Road,12,0,rain,62,0.6306
24,Pathardi Road,18,0,clear,72,0.6497
19,MIDC Road,14,4,clear,47,0.4285
20,Industrial Road,23,2,clear,35,0.3037
6,College Road,0,5,clear,8,0.0976
27,Sharanpur Road,22,1,rain,15,0.2464
6,College Road,4,0,clear,6,0.0971
22,Nashik-Mumbai Road,13,3,fog,42,0.4366
23,Deolali Road,11,6,clear,8,0.0846
15,Cidco Road,7,2,clear,33,0.349
10,Nashik Phata Road,20,0,clear,70,0.6748
18,Ambad Link Road,8,5,clear,49,0.4105
22,Nashik-Mumbai Road,20,3,clear,80,0.6828
7,Gangapur Road,1,4,rain,16,0.2042
5,Panchavati Road,12,5,clear,31,0.3022
4,Old Pune Road,1,3,rain,8,0.1446
27,Sharanpur Road,9,1,clear,60,0.5658
27,Sharanpur Road,16,5,rain,15,0.1425
17,Dwarka-CBS Road,2,0,fog,9,0.1533
7,Gangapur Road,17,1,rain,74,0.8864
1,MG Road,1,3,fog,5,0.1458
18,Ambad Link Road,17,5,fog,60,0.594
29,Pathardi Road,4,0,rain,9,0.155
26,Mhasrul Link,23,2,clear,23,0.2132
11,Trimbak Road,1,0,rain,9,0.1837
5,Panchavati Road,8,0,fog,69,0.7475
13,Nashik Phata Road,23,4,clear,18,0.1866
24,Pathardi Road,6,2,clear,36,0.3328
8,Indira Nagar Road,9,5,clear,41,0.3995
16,Pathardi Road,14,1,clear,59,0.4812
15,Cidco Road,21,3,fog,25,0.2948
23,Deolali Road,1,6,rain,13,0.1412
29,Pathardi Road,21,3,clear,36,0.2858
21,Ambad-Phata Road,21,4,clear,34,0.2613
22,Nashik-Mumbai Road,14,5,clear,32,0.2984
24,Pathardi Road,9,5,clear,62,0.504
14,Satpur Road,5,3,rain,14,0.1836
18,Ambad Link Road,6,5,clear,31,0.2485
1,MG Road,0,6,clear,7,0.1167
14,Satpur Road,16,0,clear,10,0.14
26,Mhasrul Link,7,4,rain,46,0.4872
11,Trimbak Road,12,3,rain,64,0.6847
9,Commissioner Office Road,10,3,rain,79,0.9309
8,Indira Nagar Road,6,3,rain,34,0.4601
2,Sharanpur Road,16,0,clear,6,0.1144
18,Ambad Link Road,21,2,rain,27,0.3219
21,Ambad-Phata Road,9,2,clear,72,0.6141
20,Industrial Road,8,3,rain,83,0.9581
14,Satpur Road,16,2,clear,21,0.1716
1,MG Road,17,6,clear,45,0.4388
12,Mhasrul Road,13,5,rain,31,0.3797
26,Mhasrul Link,22,3,clear,27,0.2557
20,Industrial Road,18,6,rain,46,0.5519
30,Agra Road,9,1,rain,88,0.9834
9,Commissioner Office Road,5,4,clear,12,0.1296
17,Dwarka-CBS Road,3,3,clear,18,0.1697
29,Pathardi Road,16,1,clear,15,0.1837
20,Industrial Road,15,5,clear,14,0.1085
19,MIDC Road,2,3,clear,9,0.1504
9,Commissioner Office Road,12,1,clear,47,0.4074
4,Old Pune Road,8,5,rain,53,0.6052
30,Agra Road,6,3,fog,33,0.3861
22,Nashik-Mumbai Road,20,3,clear,82,0.653
10,Nashik Phata Road,10,6,clear,62,0.508
5,Panchavati Road,18,5,clear,50,0.4426
3,CBS-Canada Road,20,6,rain,43,0.5571
25,Agra Road,8,3,clear,60,0.5888
8,Indira Nagar Road,23,5,clear,22,0.1661
21,Ambad-Phata Road,9,0,rain,89,0.9487
11,Trimbak Road,9,4,fog,80,0.7793
6,College Road,9,2,clear,63,0.5814
20,Industrial Road,9,5,clear,63,0.5077
3,CBS-Canada Road,4,5,clear,14,0.1026
5,Panchavati Road,4,0,fog,17,0.2116
1,MG Road,10,4,rain,97,1.0
30,Agra Road,14,5,fog,40,0.4074
11,Trimbak Road,3,4,rain,24,0.2208
25,Agra Road,8,6,clear,55,0.4758
26,Mhasrul Link,22,0,rain,35,0.3477
16,Pathardi Road,17,5,rain,58,0.6616
9,Commissioner Office Road,4,6,rain,15,0.1722
13,Nashik Phata Road,12,0,rain,61,0.6328
14,Satpur Road,20,5,rain,44,0.5091
13,Nashik Phata Road,3,1,fog,6,0.1243
20,Industrial Road,5,1,clear,11,0.1562
14,Satpur Road,21,1,clear,15,0.2065
2,Sharanpur Road,15,3,rain,15,0.2037
2,Sharanpur Road,0,6,clear,3,0.0901
19,MIDC Road,2,2,clear,21,0.1918
25,Agra Road,20,1,rain,81,0.9074
22,Nashik-Mumbai Road,1,6,clear,3,0.1022
15,Cidco Road,4,0,clear,13,0.1617
16,Pathardi Road,15,5,clear,14,0.1256
25,Agra Road,18,5,rain,42,0.5287
1,MG Road,23,1,clear,28,0.2519
3,CBS-Canada Road,20,5,clear,61,0.5008
11,Trimbak Road,22,3,rain,24,0.3089
6,College Road,10,4,clear,62,0.617
24,Pathardi Road,21,6,clear,20,0.1712
19,MIDC Road,20,0,rain,82,0.909
22,Nashik-Mumbai Road,17,4,rain,69,0.8683
30,Agra Road,23,6,fog,22,0.2006
18,Ambad Link Road,12,6,rain,35,0.4095
10,Nashik Phata Road,18,2,fog,82,0.8036
30,Agra Road,18,4,fog,99,0.9218
24,Pathardi Road,15,4,fog,10,0.1366
18,Ambad Link Road,2,6,clear,5,0.0933
29,Pathardi Road,15,4,rain,20,0.2121
8,Indira Nagar Road,2,6,clear,9,0.0944
20,Industrial Road,0,0,clear,20,0.2002
4,Old Pune Road,18,4,clear,75,0.6622
8,Indira Nagar Road,23,1,clear,25,0.2133
5,Panchavati Road,17,5,fog,59,0.5391
22,Nashik-Mumbai Road,3,0,rain,23,0.2428
7,Gangapur Road,8,0,clear,78,0.6643
25,Agra Road,19,4,clear,92,0.7207
5,Panchavati Road,2,6,rain,9,0.1398
25,Agra Road,16,2,clear,22,0.1613
20,Industrial Road,12,2,fog,49,0.4866
7,Gangapur Road,20,6,clear,55,0.473
14,Satpur Road,10,0,clear,66,0.6105
19,MIDC Road,5,1,rain,20,0.2037
9,Commissioner Office Road,22,1,fog,32,0.3157
8,Indira Nagar Road,1,1,rain,23,0.2598
8,Indira Nagar Road,18,0,rain,67,0.8204
22,Nashik-Mumbai Road,15,5,fog,13,0.1236
29,Pathardi Road,17,5,clear,43,0.4053
18,Ambad Link Road,15,4,rain,18,0.1955
9,Commissioner Office Road,5,5,rain,5,0.0874
4,Old Pune Road,1,1,clear,21,0.2039
17,Dwarka-CBS Road,21,5,clear,13,0.1569
14,Satpur Road,19,3,clear,89,0.7464
27,Sharanpur Road,13,6,rain,34,0.356
28,Trimbak Road,14,5,rain,39,0.4439
23,Deolali Road,4,3,clear,10,0.1367
6,College Road,12,6,fog,44,0.3958
17,Dwarka-CBS Road,12,6,rain,29,0.371
30,Agra Road,15,6,clear,3,0.0697
12,Mhasrul Road,2,0,clear,10,0.1619
27,Sharanpur Road,2,6,clear,9,0.0889
11,Trimbak Road,7,4,clear,39,0.3411
19,MIDC Road,20,3,fog,77,0.7922
14,Satpur Road,4,5,clear,6,0.0827
12,Mhasrul Road,15,5,fog,15,0.1639
12,Mhasrul Road,17,0,clear,66,0.5867
20,Industrial Road,6,6,fog,23,0.2338
1,MG Road,2,1,fog,8,0.1587
5,Panchavati Road,14,4,rain,67,0.66
7,Gangapur Road,22,2,clear,39,0.3058
1,MG Road,9,4,rain,88,0.9057
11,Trimbak Road,22,0,clear,21,0.2054
14,Satpur Road,0,1,rain,13,0.1544
16,Pathardi Road,2,2,fog,11,0.1232
23,Deolali Road,16,4,clear,6,0.0858
3,CBS-Canada Road,13,2,fog,48,0.514
1,MG Road,8,0,fog,60,0.7116
14,Satpur Road,9,0,clear,81,0.6451
21,Ambad-Phata Road,10,5,clear,55,0.4286
5,Panchavati Road,0,2,clear,19,0.2006
22,Nashik-Mumbai Road,12,3,clear,43,0.4364
13,Nashik Phata Road,1,3,clear,6,0.1146
13,Nashik Phata Road,5,0,clear,22,0.1828
20,Industrial Road,10,1,fog,97,0.8912
3,CBS-Canada Road,3,3,clear,7,0.1308
13,Nashik Phata Road,13,6,clear,35,0.2929
10,Nashik Phata Road,6,4,fog,42,0.441
9,Commissioner Office Road,19,4,fog,80,0.8344
10,Nashik Phata Road,10,6,clear,61,0.4704
9,Commissioner Office Road,1,3,fog,20,0.2252
16,Pathardi Road,5,5,clear,9,0.0869
19,MIDC Road,1,5,clear,6,0.1073
22,Nashik-Mumbai Road,13,3,fog,61,0.5345
23,Deolali Road,14,0,clear,49,0.397
21,Ambad-Phata Road,21,0,rain,17,0.2541
12,Mhasrul Road,20,6,clear,62,0.4772
18,Ambad Link Road,16,2,fog,21,0.2344
12,Mhasrul Road,12,2,clear,67,0.5178
2,Sharanpur Road,11,3,clear,23,0.2086
12,Mhasrul Road,2,3,clear,17,0.169
3,CBS-Canada Road,0,6,rain,4,0.0959
28,Trimbak Road,4,4,clear,12,0.1337
16,Pathardi Road,21,4,rain,17,0.2543
27,Sharanpur Road,3,0,clear,15,0.1666
25,Agra Road,9,0,fog,69,0.7704
8,Indira Nagar Road,0,1,clear,10,0.1364
9,Commissioner Office Road,4,4,fog,12,0.1841
17,Dwarka-CBS Road,8,1,clear,80,0.669
23,Deolali Road,18,6,clear,58,0.4914
19,MIDC Road,16,4,rain,22,0.2412
4,Old Pune Road,1,2,fog,11,0.1567
5,Panchavati Road,18,1,clear,93,0.7533
13,Nashik Phata Road,13,5,rain,39,0.4024
19,MIDC Road,16,6,clear,9,0.1018
29,Pathardi Road,2,2,rain,24,0.2686
23,Deolali Road,21,3,clear,32,0.2716
21,Ambad-Phata Road,2,0,clear,21,0.1665
7,Gangapur Road,2,6,rain,13,0.141
28,Trimbak Road,15,5,clear,14,0.1308
24,Pathardi Road,13,4,clear,57,0.454
13,Nashik Phata Road,1,0,rain,5,0.1412
20,Industrial Road,18,5,rain,48,0.5764
30,Agra Road,15,1,clear,5,0.1274
27,Sharanpur Road,5,5,rain,11,0.1504
14,Satpur Road,7,0,clear,35,0.3372
2,Sharanpur Road,5,0,clear,24,0.2017
21,Ambad-Phata Road,11,1,rain,21,0.2485
8,Indira Nagar Road,20,3,clear,77,0.7089
17,Dwarka-CBS Road,15,0,clear,21,0.1628
30,Agra Road,5,0,fog,13,0.1925
21,Ambad-Phata Road,21,5,fog,11,0.1707
9,Commissioner Office Road,5,2,rain,18,0.2447
9,Commissioner Office Road,18,5,fog,59,0.5593
3,CBS-Canada Road,2,5,clear,15,0.1269
16,Pathardi Road,2,4,rain,14,0.2243
27,Sharanpur Road,0,3,clear,23,0.1918
16,Pathardi Road,6,1,rain,46,0.4932
17,Dwarka-CBS Road,4,0,clear,19,0.1844
24,Pathardi Road,14,5,fog,38,0.3726
28,Trimbak Road,5,6,clear,10,0.1026
4,Old Pune Road,16,0,clear,9,0.1139
23,Deolali Road,10,6,clear,61,0.4567
22,Nashik-Mumbai Road,14,0,fog,57,0.5081
25,Agra Road,17,3,fog,67,0.7462
12,Mhasrul Road,11,2,rain,9,0.1362
9,Commissioner Office Road,21,2,rain,24,0.2993
18,Ambad Link Road,9,6,rain,60,0.6151
27,Sharanpur Road,2,4,clear,22,0.1867
1,MG Road,3,3,clear,6,0.1195
9,Commissioner Office Road,6,4,clear,41,0.322
1,MG Road,8,1,clear,75,0.6724
25,Agra Road,17,4,clear,88,0.7165
23,Deolali Road,9,5,rain,47,0.5707
6,College Road,14,5,clear,29,0.2709
8,Indira Nagar Road,4,2,clear,24,0.2019
2,Sharanpur Road,16,6,clear,4,0.0837
29,Pathardi Road,2,1,rain,7,0.1704
9,Commissioner Office Road,21,5,clear,10,0.1461
12,Mhasrul Road,18,2,rain,90,0.9664
20,Industrial Road,10,6,clear,57,0.4599
7,Gangapur Road,8,3,clear,69,0.5902
30,Agra Road,0,5,clear,12,0.1109
13,Nashik Phata Road,5,4,rain,16,0.2371
22,Nashik-Mumbai Road,13,6,fog,39,0.3779
30,Agra Road,12,4,clear,68,0.4909
6,College Road,11,5,rain,4,0.1187
29,Pathardi Road,2,4,fog,8,0.1518
18,Ambad Link Road,9,5,clear,54,0.4701
29,Pathardi Road,17,2,rain,66,0.8117
16,Pathardi Road,9,2,clear,91,0.7026
26,Mhasrul Link,0,4,clear,22,0.1848
15,Cidco Road,4,4,fog,6,0.0993
5,Panchavati Road,5,1,clear,5,0.1156
15,Cidco Road,2,6,rain,13,0.1283
24,Pathardi Road,5,3,rain,7,0.1351
27,Sharanpur Road,21,5,rain,18,0.1947
24,Pathardi Road,5,1,rain,13,0.1699
26,Mhasrul Link,22,5,rain,24,0.2703
25,Agra Road,10,6,clear,46,0.3941
2,Sharanpur Road,13,6,fog,31,0.3234
6,College Road,8,0,fog,76,0.7371
23,Deolali Road,21,3,fog,21,0.2338
30,Agra Road,1,2,fog,16,0.1797
19,MIDC Road,4,4,rain,6,0.112
13,Nashik Phata Road,22,4,rain,22,0.2917
28,Trimbak Road,0,6,clear,6,0.1249
20,Industrial Road,6,2,clear,47,0.3668
18,Ambad Link Road,12,3,clear,53,0.4324
29,Pathardi Road,8,1,clear,79,0.682
23,Deolali Road,17,6,clear,57,0.4894
22,Nashik-Mumbai Road,19,4,clear,81,0.717
27,Sharanpur Road,13,5,clear,31,0.2919
14,Satpur Road,7,2,clear,43,0.3504
8,Indira Nagar Road,4,3,fog,17,0.1855
9,Commissioner Office Road,19,5,rain,55,0.6393
13,Nashik Phata Road,0,5,clear,7,0.0864
8,Indira Nagar Road,1,1,clear,10,0.1295
27,Sharanpur Road,21,6,rain,11,0.2083
1,MG Road,13,2,clear,43,0.3959
15,Cidco Road,3,5,rain,6,0.1396
15,Cidco Road,15,1,clear,15,0.1772
14,Satpur Road,5,1,rain,14,0.1923
17,Dwarka-CBS Road,8,6,clear,40,0.3967
5,Panchavati Road,7,5,fog,20,0.2585
19,MIDC Road,6,2,clear,43,0.3741
18,Ambad Link Road,6,6,clear,26,0.2521
27,Sharanpur Road,22,5,clear,17,0.1759
15,Cidco Road,15,4,clear,24,0.187
30,Agra Road,2,6,clear,14,0.123
23,Deolali Road,11,2,clear,11,0.1682
16,Pathardi Road,13,0,rain,48,0.5498
10,Nashik Phata Road,9,0,fog,90,0.8703
10,Nashik Phata Road,21,6,fog,18,0.1742
16,Pathardi Road,22,4,clear,22,0.208
23,Deolali Road,17,6,clear,46,0.4202
17,Dwarka-CBS Road,5,3,clear,24,0.1834
15,Cidco Road,1,2,clear,16,0.1647
24,Pathardi Road,22,2,fog,18,0.2502
8,Indira Nagar Road,21,0,clear,24,0.2456
18,Ambad Link Road,11,0,clear,23,0.224
28,Trimbak Road,16,4,fog,10,0.1278
9,Commissioner Office Road,9,4,clear,67,0.5673
27,Sharanpur Road,6,1,clear,36,0.334
1,MG Road,4,2,clear,15,0.1222
2,Sharanpur Road,8,1,clear,85,0.7321
23,Deolali Road,9,4,clear,69,0.6285
4,Old Pune Road,9,5,clear,62,0.4827
22,Nashik-Mumbai Road,22,4,clear,29,0.2533
21,Ambad-Phata Road,19,4,fog,69,0.8215
26,Mhasrul Link,19,3,clear,84,0.7179
7,Gangapur Road,1,3,clear,5,0.1289
8,Indira Nagar Road,10,4,fog,99,0.8906
5,Panchavati Road,18,2,rain,92,0.9526
14,Satpur Road,10,6,clear,44,0.4002
14,Satpur Road,19,3,fog,91,0.8368
4,Old Pune Road,4,1,fog,11,0.1816
13,Nashik Phata Road,17,3,clear,69,0.6865
6,College Road,5,2,clear,21,0.1866
2,Sharanpur Road,8,2,rain,98,0.9704
10,Nashik Phata Road,16,2,clear,5,0.1277
10,Nashik Phata Road,0,2,fog,17,0.1717
6,College Road,10,0,rain,79,0.9254
22,Nashik-Mumbai Road,14,6,fog,42,0.3716
6,College Road,18,3,rain,98,0.9855
15,Cidco Road,16,0,rain,6,0.1065
26,Mhasrul Link,13,1,clear,59,0.4728
6,College Road,21,2,fog,37,0.3102
19,MIDC Road,2,3,clear,10,0.1548
28,Trimbak Road,12,5,clear,36,0.324
25,Agra Road,7,6,fog,21,0.2145
5,Panchavati Road,21,5,clear,16,0.1495
21,Ambad-Phata Road,4,3,fog,14,0.166
29,Pathardi Road,14,0,clear,54,0.4398
23,Deolali Road,1,4,clear,10,0.132
28,Trimbak Road,8,4,clear,66,0.6349
4,Old Pune Road,1,0,fog,18,0.1795
19,MIDC Road,10,0,clear,81,0.6879
29,Pathardi Road,17,3,clear,66,0.649
29,Pathardi Road,17,0,rain,97,1.0
13,Nashik Phata Road,10,3,fog,86,0.8054
26,Mhasrul Link,15,4,clear,23,0.1864
23,Deolali Road,3,5,rain,7,0.1384
19,MIDC Road,3,0,fog,11,0.1443
30,Agra Road,22,4,fog,38,0.3683
27,Sharanpur Road,0,3,fog,18,0.1933
12,Mhasrul Road,9,1,rain,63,0.7626
14,Satpur Road,2,2,fog,13,0.1937
24,Pathardi Road,22,4,clear,29,0.2724
20,Industrial Road,23,3,clear,31,0.2391
19,MIDC Road,8,1,fog,95,0.8532
12,Mhasrul Road,19,3,clear,94,0.7435
22,Nashik-Mumbai Road,4,3,clear,13,0.1313
24,Pathardi Road,9,2,rain,70,0.8693
24,Pathardi Road,13,4,clear,42,0.4198
26,Mhasrul Link,12,5,clear,39,0.2916
23,Deolali Road,15,5,fog,6,0.1362
3,CBS-Canada Road,18,0,clear,83,0.7048
13,Nashik Phata Road,21,6,fog,14,0.1897
9,Commissioner Office Road,8,6,fog,40,0.452
24,Pathardi Road,1,0,clear,16,0.1414
21,Ambad-Phata Road,17,1,fog,87,0.8427
21,Ambad-Phata Road,22,4,clear,37,0.2873
8,Indira Nagar Road,21,6,clear,12,0.1327
26,Mhasrul Link,18,1,fog,75,0.7779
13,Nashik Phata Road,6,0,rain,39,0.4395
29,Pathardi Road,15,2,clear,8,0.1228
10,Nashik Phata Road,3,6,clear,9,0.0985
25,Agra Road,18,4,fog,88,0.8489
22,Nashik-Mumbai Road,13,1,clear,69,0.4839
16,Pathardi Road,13,1,rain,51,0.5246
1,MG Road,16,5,rain,12,0.1395
21,Ambad-Phata Road,12,5,clear,40,0.3243
4,Old Pune Road,15,0,fog,24,0.2113
11,Trimbak Road,23,4,clear,18,0.1834
13,Nashik Phata Road,23,3,rain,36,0.3587
10,Nashik Phata Road,15,3,rain,7,0.1229
21,Ambad-Phata Road,19,6,clear,64,0.5138
6,College Road,12,5,clear,35,0.2972
24,Pathardi Road,6,3,clear,43,0.3537
18,Ambad Link Road,8,0,clear,66,0.6669
15,Cidco Road,21,0,clear,37,0.2688
22,Nashik-Mumbai Road,11,0,clear,16,0.1388
5,Panchavati Road,11,3,clear,24,0.1799
22,Nashik-Mumbai Road,11,1,clear,20,0.1943
28,Trimbak Road,4,5,clear,3,0.0649
10,Nashik Phata Road,7,1,rain,31,0.4046
12,Mhasrul Road,19,4,clear,69,0.6527
4,Old Pune Road,2,0,clear,13,0.1488
24,Pathardi Road,5,4,rain,16,0.2029
16,Pathardi Road,2,3,clear,11,0.1096
14,Satpur Road,22,4,rain,32,0.3584
5,Panchavati Road,21,2,rain,36,0.3979
29,Pathardi Road,23,3,rain,34,0.3459
5,Panchavati Road,1,0,rain,7,0.1678
9,Commissioner Office Road,5,1,fog,13,0.1704
13,Nashik Phata Road,21,3,rain,25,0.3043
28,Trimbak Road,5,5,clear,15,0.123
7,Gangapur Road,23,1,fog,20,0.2599
15,Cidco Road,3,1,rain,5,0.1284
17,Dwarka-CBS Road,9,0,fog,64,0.7027
25,Agra Road,19,4,rain,92,0.9621
29,Pathardi Road,3,6,clear,13,0.116
24,Pathardi Road,14,2,rain,63,0.6187
9,Commissioner Office Road,6,2,rain,52,0.5343
20,Industrial Road,18,2,fog,89,0.8682
17,Dwarka-CBS Road,23,0,clear,32,0.2866
17,Dwarka-CBS Road,1,5,clear,12,0.1031
11,Trimbak Road,1,4,rain,16,0.1896
12,Mhasrul Road,1,5,clear,10,0.0976
8,Indira Nagar Road,19,1,clear,73,0.6335
28,Trimbak Road,11,6,clear,3,0.1068
20,Industrial Road,19,1,clear,93,0.7052
22,Nashik-Mumbai Road,23,2,clear,28,0.271
20,Industrial Road,10,4,rain,86,0.8985
2,Sharanpur Road,8,2,rain,80,0.8418
12,Mhasrul Road,0,1,rain,11,0.1828
13,Nashik Phata Road,1,2,rain,24,0.271
4,Old Pune Road,10,6,clear,39,0.3769
23,Deolali Road,20,4,clear,87,0.6818
22,Nashik-Mumbai Road,10,0,clear,99,0.7546
13,Nashik Phata Road,22,0,rain,33,0.3266
29,Pathardi Road,15,5,clear,8,0.1168
11,Trimbak Road,23,3,fog,21,0.2358
19,MIDC Road,17,0,clear,92,0.7115
17,Dwarka-CBS Road,14,0,rain,66,0.6679
18,Ambad Link Road,10,4,rain,80,0.8765
28,Trimbak Road,16,1,clear,16,0.1516
25,Agra Road,6,0,rain,43,0.4962
13,Nashik Phata Road,23,4,clear,39,0.2734
22,Nashik-Mumbai Road,18,0,clear,70,0.6118
17,Dwarka-CBS Road,2,0,fog,11,0.188
15,Cidco Road,3,5,rain,11,0.1451
30,Agra Road,10,1,rain,71,0.8447
27,Sharanpur Road,23,6,clear,9,0.1057
12,Mhasrul Road,12,6,rain,42,0.4326
20,Industrial Road,7,5,clear,22,0.1902
25,Agra Road,20,6,rain,49,0.5639
20,Industrial Road,14,4,clear,49,0.4471
12,Mhasrul Road,0,4,clear,13,0.1483
10,Nashik Phata Road,11,2,fog,9,0.1176
13,Nashik Phata Road,7,0,rain,53,0.5544
2,Sharanpur Road,4,2,fog,6,0.1277
24,Pathardi Road,13,1,rain,62,0.6319
4,Old Pune Road,12,4,clear,51,0.4676
7,Gangapur Road,11,6,clear,7,0.091
19,MIDC Road,6,5,clear,27,0.2415
18,Ambad Link Road,6,3,rain,34,0.4076
28,Trimbak Road,6,4,rain,42,0.4757
15,Cidco Road,17,6,rain,59,0.6587
12,Mhasrul Road,6,4,rain,50,0.5552
11,Trimbak Road,15,1,rain,22,0.2453
6,College Road,8,5,rain,64,0.6589
23,Deolali Road,10,1,clear,60,0.5934
18,Ambad Link Road,21,1,clear,28,0.2534
4,Old Pune Road,21,5,clear,22,0.1674
7,Gangapur Road,22,2,clear,28,0.2687
9,Commissioner Office Road,7,2,clear,47,0.3887
2,Sharanpur Road,23,4,clear,21,0.2329
29,Pathardi Road,11,2,rain,11,0.1812
4,Old Pune Road,5,5,rain,4,0.0972
21,Ambad-Phata Road,15,2,rain,20,0.1859
22,Nashik-Mumbai Road,7,4,clear,34,0.296
13,Nashik Phata Road,20,1,clear,76,0.7215
9,Commissioner Office Road,22,1,clear,24,0.2567
21,Ambad-Phata Road,7,2,clear,33,0.3111
24,Pathardi Road,4,1,fog,7,0.1023
3,CBS-Canada Road,16,2,fog,15,0.1864
12,Mhasrul Road,23,2,clear,28,0.2811
24,Pathardi Road,10,6,rain,62,0.6512
10,Nashik Phata Road,17,1,clear,77,0.6738
16,Pathardi Road,18,1,rain,80,0.9011
10,Nashik Phata Road,4,3,clear,23,0.1872
7,Gangapur Road,23,6,clear,20,0.1667
2,Sharanpur Road,18,4,fog,78,0.8308
18,Ambad Link Road,1,3,clear,21,0.1694
24,Pathardi Road,1,5,rain,9,0.1228
22,Nashik-Mumbai Road,18,4,clear,99,0.7973
28,Trimbak Road,11,0,clear,20,0.1578
26,Mhasrul Link,8,4,clear,95,0.7382
10,Nashik Phata Road,22,5,clear,25,0.2063
2,Sharanpur Road,1,0,rain,10,0.1274
9,Commissioner Office Road,18,4,fog,80,0.8715
15,Cidco Road,22,2,fog,23,0.2654
27,Sharanpur Road,22,5,clear,11,0.1298
24,Pathardi Road,17,4,rain,96,1.0
9,Commissioner Office Road,6,5,clear,25,0.2053
21,Ambad-Phata Road,10,4,rain,60,0.7346
10,Nashik Phata Road,1,3,clear,6,0.1025
30,Agra Road,23,1,rain,28,0.2956
14,Satpur Road,12,1,clear,48,0.4587
12,Mhasrul Road,5,2,clear,23,0.2217
24,Pathardi Road,23,2,rain,34,0.368
3,CBS-Canada Road,0,0,fog,22,0.2167
20,Industrial Road,10,5,clear,47,0.4009
17,Dwarka-CBS Road,7,1,fog,44,0.4499
27,Sharanpur Road,10,3,clear,75,0.6305
10,Nashik Phata Road,18,1,rain,68,0.8345
1,MG Road,7,1,clear,37,0.3157
7,Gangapur Road,13,3,rain,42,0.4988
8,Indira Nagar Road,1,5,clear,6,0.1085
1,MG Road,7,0,clear,52,0.4064
24,Pathardi Road,18,4,fog,80,0.817
22,Nashik-Mumbai Road,2,0,fog,18,0.1815
10,Nashik Phata Road,2,2,clear,6,0.1258
4,Old Pune Road,10,1,fog,83,0.8003
4,Old Pune Road,2,0,clear,5,0.1407
13,Nashik Phata Road,8,2,clear,95,0.7585
9,Commissioner Office Road,16,1,rain,21,0.2335
25,Agra Road,9,4,rain,76,0.8711
23,Deolali Road,12,1,clear,42,0.3841
15,Cidco Road,19,1,fog,92,0.8688
14,Satpur Road,0,3,clear,14,0.1637
19,MIDC Road,8,2,fog,68,0.7739
13,Nashik Phata Road,12,6,clear,41,0.2872
20,Industrial Road,12,4,rain,68,0.6952
20,Industrial Road,22,2,clear,30,0.2571
22,Nashik-Mumbai Road,20,1,rain,90,0.9827
3,CBS-Canada Road,19,0,clear,94,0.7387
13,Nashik Phata Road,0,6,clear,7,0.0774
1,MG Road,14,3,fog,45,0.4559
30,Agra Road,15,2,clear,16,0.1402
20,Industrial Road,10,1,clear,86,0.6926
3,CBS-Canada Road,20,0,fog,68,0.7579
25,Agra Road,7,3,clear,36,0.3035
29,Pathardi Road,17,6,clear,57,0.4967
19,MIDC Road,17,5,clear,55,0.4607
11,Trimbak Road,18,1,clear,99,0.7527
28,Trimbak Road,20,3,rain,68,0.8669
29,Pathardi Road,15,3,clear,9,0.1216
30,Agra Road,10,1,clear,65,0.6108
4,Old Pune Road,8,1,fog,69,0.7189
7,Gangapur Road,11,2,clear,13,0.1426
27,Sharanpur Road,15,6,clear,5,0.0928
13,Nashik Phata Road,17,4,fog,75,0.7497
19,MIDC Road,19,1,rain,73,0.9224
13,Nashik Phata Road,23,3,clear,19,0.2096
1,MG Road,17,6,clear,46,0.4
25,Agra Road,10,5,clear,40,0.3775
21,Ambad-Phata Road,20,2,rain,82,0.9161
20,Industrial Road,13,2,clear,53,0.419
30,Agra Road,5,1,clear,20,0.1988
25,Agra Road,1,4,clear,16,0.1457
19,MIDC Road,7,4,fog,41,0.4291
23,Deolali Road,3,6,clear,10,0.117
17,Dwarka-CBS Road,7,6,clear,33,0.2482
21,Ambad-Phata Road,6,5,clear,20,0.1809
15,Cidco Road,15,1,clear,11,0.153
23,Deolali Road,12,0,clear,49,0.4069
13,Nashik Phata Road,0,6,rain,13,0.1663
11,Trimbak Road,1,6,clear,8,0.0928
16,Pathardi Road,23,1,rain,16,0.2405
2,Sharanpur Road,3,6,clear,5,0.0926
3,CBS-Canada Road,18,3,rain,91,0.9981
8,Indira Nagar Road,1,6,clear,12,0.1019
17,Dwarka-CBS Road,13,4,fog,63,0.5777
24,Pathardi Road,14,4,clear,53,0.4152
24,Pathardi Road,14,2,clear,66,0.4825
26,Mhasrul Link,4,5,rain,7,0.1061
19,MIDC Road,15,3,clear,8,0.1428
9,Commissioner Office Road,3,5,clear,4,0.091
5,Panchavati Road,0,2,clear,21,0.1578
24,Pathardi Road,19,4,fog,77,0.7886
24,Pathardi Road,22,0,rain,20,0.296
25,Agra Road,10,6,rain,57,0.6182
15,Cidco Road,16,6,clear,3,0.0978
22,Nashik-Mumbai Road,14,2,clear,46,0.3987
27,Sharanpur Road,11,4,clear,11,0.1617
17,Dwarka-CBS Road,8,4,clear,71,0.6234
1,MG Road,9,2,fog,78,0.75
22,Nashik-Mumbai Road,12,6,clear,26,0.2768
14,Satpur Road,4,3,rain,5,0.1187
5,Panchavati Road,3,2,clear,24,0.1711
30,Agra Road,19,6,rain,57,0.6392
15,Cidco Road,17,5,rain,54,0.6484
8,Indira Nagar Road,14,0,clear,65,0.4631
26,Mhasrul Link,2,5,rain,11,0.1544
11,Trimbak Road,20,5,rain,46,0.5571
22,Nashik-Mumbai Road,3,3,rain,8,0.1584
8,Indira Nagar Road,20,4,fog,85,0.8188
29,Pathardi Road,15,5,rain,14,0.1686
11,Trimbak Road,1,4,rain,20,0.2297
13,Nashik Phata Road,4,2,clear,11,0.1353
2,Sharanpur Road,7,5,clear,25,0.2247
8,Indira Nagar Road,15,4,clear,21,0.1908
15,Cidco Road,6,3,clear,33,0.3099
27,Sharanpur Road,5,1,clear,19,0.1824
19,MIDC Road,15,5,rain,8,0.1081
8,Indira Nagar Road,6,5,fog,26,0.2882
19,MIDC Road,6,5,rain,31,0.3497
25,Agra Road,23,0,clear,38,0.2679
22,Nashik-Mumbai Road,5,5,clear,9,0.1161
10,Nashik Phata Road,14,0,rain,61,0.6334
11,Trimbak Road,10,5,rain,57,0.6028
26,Mhasrul Link,4,6,clear,8,0.1262
27,Sharanpur Road,18,6,fog,47,0.497
15,Cidco Road,19,0,rain,89,1.0
5,Panchavati Road,13,5,clear,28,0.2825
10,Nashik Phata Road,0,5,clear,9,0.1131
2,Sharanpur Road,22,3,clear,17,0.2035
16,Pathardi Road,9,5,clear,45,0.415
6,College Road,7,5,clear,20,0.2349
6,College Road,7,6,clear,26,0.2432
19,MIDC Road,23,4,rain,39,0.4098
24,Pathardi Road,12,4,rain,41,0.4521
6,College Road,6,5,rain,29,0.3024
7,Gangapur Road,15,3,clear,6,0.1042
2,Sharanpur Road,5,3,fog,10,0.1627
15,Cidco Road,23,1,rain,29,0.3162
18,Ambad Link Road,4,0,rain,16,0.1808
9,Commissioner Office Road,19,4,clear,90,0.7259
25,Agra Road,19,1,fog,75,0.744
3,CBS-Canada Road,6,2,fog,52,0.4709
30,Agra Road,18,5,clear,56,0.4348
8,Indira Nagar Road,11,0,clear,16,0.1836
1,MG Road,17,0,clear,87,0.6826
28,Trimbak Road,3,1,rain,18,0.2019
6,College Road,8,3,rain,73,0.8324
13,Nashik Phata Road,20,0,clear,86,0.7093
12,Mhasrul Road,3,3,fog,21,0.2195
29,Pathardi Road,7,6,clear,19,0.1963
27,Sharanpur Road,10,1,fog,84,0.836
14,Satpur Road,0,4,clear,17,0.1977
29,Pathardi Road,5,0,clear,21,0.1708
16,Pathardi Road,6,4,clear,38,0.3766
27,Sharanpur Road,7,3,fog,52,0.5001
2,Sharanpur Road,20,6,clear,58,0.4594
13,Nashik Phata Road,22,5,clear,14,0.1524
17,Dwarka-CBS Road,5,2,clear,21,0.1736
20,Industrial Road,9,6,rain,40,0.4866
14,Satpur Road,6,2,clear,49,0.3862
22,Nashik-Mumbai Road,3,0,clear,19,0.1766
28,Trimbak Road,23,0,clear,30,0.2258
14,Satpur Road,7,2,fog,39,0.3886
19,MIDC Road,21,5,clear,24,0.1652
21,Ambad-Phata Road,13,5,clear,30,0.2824
30,Agra Road,4,1,clear,18,0.1607
8,Indira Nagar Road,5,0,fog,19,0.1648
19,MIDC Road,6,4,rain,39,0.429
30,Agra Road,10,5,clear,61,0.478
27,Sharanpur Road,22,6,clear,19,0.1901
1,MG Road,9,4,clear,76,0.7058
14,Satpur Road,11,3,rain,5,0.1525
7,Gangapur Road,14,0,rain,66,0.6557
7,Gangapur Road,16,2,rain,18,0.2043
8,Indira Nagar Road,23,2,rain,20,0.2617
5,Panchavati Road,18,4,clear,95,0.7248
19,MIDC Road,22,4,clear,33,0.2738
6,College Road,12,4,clear,43,0.4215
3,CBS-Canada Road,19,1,rain,79,0.9764
18,Ambad Link Road,0,5,rain,6,0.1108
9,Commissioner Office Road,8,6,rain,49,0.583
11,Trimbak Road,15,6,rain,13,0.1553
19,MIDC Road,19,6,fog,48,0.5025
14,Satpur Road,15,5,clear,9,0.1228
17,Dwarka-CBS Road,9,0,clear,83,0.7066
10,Nashik Phata Road,23,4,clear,27,0.2446
25,Agra Road,10,1,fog,72,0.7948
26,Mhasrul Link,19,6,fog,45,0.4735
5,Panchavati Road,15,5,rain,10,0.1235
3,CBS-Canada Road,15,6,clear,8,0.0983
9,Commissioner Office Road,9,1,clear,63,0.5768
6,College Road,14,3,fog,41,0.5039
28,Trimbak Road,3,3,rain,14,0.2317
30,Agra Road,9,3,clear,86,0.7403
2,Sharanpur Road,20,5,fog,46,0.4961
13,Nashik Phata Road,20,2,clear,72,0.6639
22,Nashik-Mumbai Road,15,3,clear,18,0.1596
5,Panchavati Road,21,0,clear,33,0.2434
15,Cidco Road,7,3,clear,53,0.4083
24,Pathardi Road,10,5,rain,61,0.6377
29,Pathardi Road,3,4,fog,9,0.1791
19,MIDC Road,17,1,clear,79,0.7175
22,Nashik-Mumbai Road,8,6,clear,60,0.4773
2,Sharanpur Road,11,5,clear,13,0.1168
25,Agra Road,21,1,clear,28,0.2346
21,Ambad-Phata Road,9,6,clear,50,0.4172
6,College Road,5,2,fog,9,0.1332
19,MIDC Road,7,6,clear,22,0.2012
24,Pathardi Road,18,3,rain,68,0.7904
5,Panchavati Road,3,4,clear,11,0.1144
15,Cidco Road,19,3,clear,83,0.7493
27,Sharanpur Road,4,4,clear,17,0.164
24,Pathardi Road,13,5,clear,31,0.2421
11,Trimbak Road,6,6,rain,35,0.3368
3,CBS-Canada Road,23,3,clear,32,0.2501
1,MG Road,5,0,clear,12,0.1197
21,Ambad-Phata Road,9,6,clear,50,0.4103
21,Ambad-Phata Road,16,1,rain,21,0.2764
26,Mhasrul Link,7,6,clear,35,0.2458
21,Ambad-Phata Road,5,3,clear,11,0.1188
7,Gangapur Road,6,0,fog,39,0.4469
13,Nashik Phata Road,5,2,rain,19,0.2112
8,Indira Nagar Road,10,2,rain,82,0.9071
27,Sharanpur Road,16,3,rain,22,0.2435
22,Nashik-Mumbai Road,9,1,clear,95,0.7502
19,MIDC Road,5,2,clear,23,0.179
25,Agra Road,21,6,rain,11,0.1569
16,Pathardi Road,15,1,clear,9,0.1096
26,Mhasrul Link,3,0,clear,18,0.1605
20,Industrial Road,20,6,fog,51,0.518
22,Nashik-Mumbai Road,5,4,clear,22,0.1902
7,Gangapur Road,8,1,clear,79,0.6893
2,Sharanpur Road,9,2,rain,81,0.9033
6,College Road,8,5,fog,59,0.5388
26,Mhasrul Link,23,0,rain,25,0.3392
8,Indira Nagar Road,20,0,clear,96,0.7662
16,Pathardi Road,23,5,clear,19,0.1994
22,Nashik-Mumbai Road,18,2,clear,85,0.7403
19,MIDC Road,5,1,clear,19,0.1586
14,Satpur Road,12,0,rain,52,0.5674
10,Nashik Phata Road,3,5,clear,6,0.0819
9,Commissioner Office Road,9,3,clear,88,0.7031
12,Mhasrul Road,12,3,clear,69,0.526
9,Commissioner Office Road,9,0,rain,89,0.9232
13,Nashik Phata Road,16,3,clear,21,0.192
10,Nashik Phata Road,1,5,fog,14,0.1706
18,Ambad Link Road,19,5,clear,45,0.4376
9,Commissioner Office Road,10,3,rain,73,0.9028
15,Cidco Road,17,4,fog,83,0.8094
1,MG Road,11,5,clear,8,0.1159
24,Pathardi Road,0,3,clear,9,0.153
17,Dwarka-CBS Road,11,6,clear,11,0.1191
11,Trimbak Road,17,4,fog,90,0.8677
21,Ambad-Phata Road,10,2,fog,70,0.73
9,Commissioner Office Road,2,3,rain,14,0.1789
12,Mhasrul Road,13,3,clear,67,0.5127
7,Gangapur Road,13,2,clear,66,0.5215
2,Sharanpur Road,4,2,clear,13,0.1626
7,Gangapur Road,18,0,fog,67,0.7245
14,Satpur Road,7,1,clear,36,0.311
11,Trimbak Road,18,5,clear,51,0.4251
15,Cidco Road,21,6,clear,20,0.1797
27,Sharanpur Road,2,5,clear,13,0.1305
9,Commissioner Office Road,3,5,clear,7,0.069
6,College Road,13,5,clear,35,0.2674
20,Industrial Road,16,3,clear,12,0.1748
30,Agra Road,12,3,clear,60,0.4537
7,Gangapur Road,19,4,clear,82,0.6985
27,Sharanpur Road,6,3,clear,46,0.3665
3,CBS-Canada Road,2,4,clear,14,0.1338
7,Gangapur Road,6,6,clear,27,0.2211
7,Gangapur Road,9,6,clear,57,0.4696
21,Ambad-Phata Road,5,4,fog,14,0.1753
6,College Road,3,1,clear,9,0.1427
2,Sharanpur Road,12,1,rain,69,0.7199
3,CBS-Canada Road,1,5,fog,15,0.1612
16,Pathardi Road,5,5,clear,7,0.0889
26,Mhasrul Link,16,2,clear,20,0.1608
6,College Road,16,1,clear,8,0.1117
30,Agra Road,3,2,clear,12,0.1531
26,Mhasrul Link,6,0,clear,32,0.3374
26,Mhasrul Link,15,5,clear,8,0.1338
23,Deolali Road,11,0,clear,16,0.1848
12,Mhasrul Road,4,3,clear,19,0.1997
4,Old Pune Road,22,2,rain,21,0.2586
15,Cidco Road,5,2,clear,10,0.1555
3,CBS-Canada Road,1,5,rain,7,0.0999
18,Ambad Link Road,2,2,rain,5,0.1037
10,Nashik Phata Road,1,1,rain,22,0.2259
11,Trimbak Road,16,5,clear,10,0.1166
8,Indira Nagar Road,7,3,clear,37,0.3553
17,Dwarka-CBS Road,18,1,clear,68,0.6485
28,Trimbak Road,21,5,rain,13,0.1632
7,Gangapur Road,13,5,clear,39,0.3009
2,Sharanpur Road,2,1,clear,14,0.1291
9,Commissioner Office Road,12,5,clear,26,0.261
17,Dwarka-CBS Road,4,0,clear,15,0.1262
15,Cidco Road,2,6,clear,10,0.0957
19,MIDC Road,4,3,clear,16,0.1503
17,Dwarka-CBS Road,6,2,clear,50,0.3776
21,Ambad-Phata Road,1,5,rain,9,0.1576
14,Satpur Road,10,5,clear,55,0.4767
28,Trimbak Road,18,1,rain,98,1.0
4,Old Pune Road,9,3,fog,68,0.7366
11,Trimbak Road,12,4,clear,64,0.4725
8,Indira Nagar Road,5,1,clear,21,0.2109
19,MIDC Road,19,3,clear,81,0.7067
9,Commissioner Office Road,1,5,rain,12,0.1356
7,Gangapur Road,15,2,clear,19,0.1584
19,MIDC Road,22,2,clear,21,0.2223
2,Sharanpur Road,23,1,fog,22,0.2566
6,College Road,3,5,clear,8,0.0948
8,Indira Nagar Road,16,5,fog,4,0.0736
27,Sharanpur Road,1,6,rain,3,0.1251
3,CBS-Canada Road,1,0,clear,7,0.1112
24,Pathardi Road,5,5,clear,14,0.153
21,Ambad-Phata Road,12,3,fog,68,0.5588
1,MG Road,2,3,clear,10,0.1654
29,Pathardi Road,9,5,rain,46,0.5365
30,Agra Road,16,1,clear,22,0.1973
5,Panchavati Road,2,0,clear,10,0.1532
17,Dwarka-CBS Road,1,4,clear,18,0.1543
5,Panchavati Road,16,4,clear,23,0.1912
11,Trimbak Road,5,4,clear,9,0.1263
11,Trimbak Road,8,1,clear,94,0.7201
5,Panchavati Road,15,5,clear,13,0.1421
9,Commissioner Office Road,14,3,clear,43,0.4016
4,Old Pune Road,1,2,clear,6,0.1024
8,Indira Nagar Road,9,1,fog,87,0.8112
7,Gangapur Road,7,0,clear,48,0.371
23,Deolali Road,23,1,clear,18,0.2079
8,Indira Nagar Road,9,6,clear,61,0.4376
7,Gangapur Road,11,0,clear,5,0.1014
8,Indira Nagar Road,12,4,clear,61,0.469
24,Pathardi Road,20,4,clear,72,0.6748
1,MG Road,14,6,rain,27,0.3187
12,Mhasrul Road,3,5,clear,11,0.1418
3,CBS-Canada Road,20,6,rain,58,0.6209
23,Deolali Road,17,2,rain,72,0.8677
11,Trimbak Road,7,5,clear,19,0.2016
25,Agra Road,1,4,fog,24,0.2475
26,Mhasrul Link,14,6,clear,43,0.3223
2,Sharanpur Road,19,4,clear,88,0.6966
28,Trimbak Road,0,1,rain,8,0.1612
9,Commissioner Office Road,14,4,clear,40,0.3719
6,College Road,4,4,rain,8,0.1167
23,Deolali Road,13,2,clear,49,0.416
27,Sharanpur Road,8,1,clear,66,0.6068
8,Indira Nagar Road,23,3,rain,27,0.2941
19,MIDC Road,2,0,rain,19,0.2403
26,Mhasrul Link,14,0,clear,43,0.3735
4,Old Pune Road,7,3,rain,33,0.4137
10,Nashik Phata Road,10,1,clear,78,0.6729
16,Pathardi Road,2,1,fog,10,0.1449
13,Nashik Phata Road,7,0,clear,36,0.3342
26,Mhasrul Link,9,4,fog,71,0.8079
18,Ambad Link Road,4,5,fog,13,0.1478
20,Industrial Road,13,3,rain,53,0.5825
20,Industrial Road,6,6,clear,28,0.2281
15,Cidco Road,23,1,clear,39,0.2907
16,Pathardi Road,4,4,clear,14,0.1274
29,Pathardi Road,10,2,rain,86,0.9052
28,Trimbak Road,3,4,fog,23,0.2069
23,Deolali Road,17,3,clear,78,0.7095
28,Trimbak Road,11,0,clear,14,0.1646
25,Agra Road,6,2,rain,45,0.4817
3,CBS-Canada Road,19,3,clear,73,0.6815
11,Trimbak Road,15,2,clear,14,0.1436
21,Ambad-Phata Road,4,6,clear,13,0.1404
20,Industrial Road,19,6,rain,55,0.5981
7,Gangapur Road,16,6,rain,3,0.0977
30,Agra Road,2,5,clear,13,0.1083
30,Agra Road,10,1,clear,99,0.7862
15,Cidco Road,22,0,clear,31,0.2782
18,Ambad Link Road,22,1,clear,26,0.2501
9,Commissioner Office Road,8,1,clear,73,0.6635
28,Trimbak Road,13,2,rain,56,0.6315
18,Ambad Link Road,1,3,rain,12,0.1865
13,Nashik Phata Road,1,5,rain,6,0.1167
18,Ambad Link Road,13,1,fog,54,0.5378
15,Cidco Road,10,1,rain,77,0.8267
27,Sharanpur Road,2,3,fog,10,0.1663
12,Mhasrul Road,11,2,clear,18,0.1791
10,Nashik Phata Road,10,1,clear,75,0.6419
1,MG Road,21,1,fog,37,0.3721
12,Mhasrul Road,22,0,clear,25,0.21
17,Dwarka-CBS Road,5,2,fog,11,0.1535
26,Mhasrul Link,16,5,clear,8,0.0826
5,Panchavati Road,11,5,fog,10,0.1456
30,Agra Road,17,4,clear,73,0.6866
11,Trimbak Road,3,0,rain,16,0.2422
10,Nashik Phata Road,8,0,rain,72,0.8675
23,Deolali Road,22,6,clear,22,0.1831
11,Trimbak Road,12,6,rain,29,0.3545
22,Nashik-Mumbai Road,12,5,fog,39,0.386
11,Trimbak Road,1,2,clear,6,0.0742
20,Industrial Road,16,3,clear,11,0.128
16,Pathardi Road,11,0,clear,16,0.1458
17,Dwarka-CBS Road,11,3,clear,21,0.1679
18,Ambad Link Road,19,1,clear,73,0.6502
16,Pathardi Road,12,6,rain,26,0.3003
24,Pathardi Road,16,4,clear,14,0.1509
10,Nashik Phata Road,1,2,clear,8,0.107
5,Panchavati Road,7,1,rain,54,0.5609
29,Pathardi Road,3,4,clear,22,0.1534
5,Panchavati Road,11,1,fog,22,0.2103
22,Nashik-Mumbai Road,11,6,clear,7,0.09
20,Industrial Road,14,6,rain,39,0.3989
3,CBS-Canada Road,23,4,fog,33,0.2858
23,Deolali Road,6,4,clear,54,0.4113
18,Ambad Link Road,2,5,clear,3,0.111
12,Mhasrul Road,17,5,clear,46,0.4279
7,Gangapur Road,10,6,fog,63,0.6057
3,CBS-Canada Road,15,3,clear,17,0.1807
28,Trimbak Road,2,3,rain,15,0.2298
9,Commissioner Office Road,18,1,clear,76,0.6229
23,Deolali Road,2,3,clear,6,0.1208
15,Cidco Road,13,1,clear,68,0.4985
20,Industrial Road,14,5,clear,31,0.2589
25,Agra Road,0,6,fog,10,0.1147
1,MG Road,5,6,clear,4,0.0979
6,College Road,7,3,rain,46,0.4442
9,Commissioner Office Road,15,1,rain,20,0.1943
17,Dwarka-CBS Road,5,2,fog,18,0.2029
16,Pathardi Road,6,3,fog,35,0.3903
25,Agra Road,21,3,fog,22,0.2394
22,Nashik-Mumbai Road,6,3,fog,54,0.4919
12,Mhasrul Road,18,2,clear,75,0.6389
22,Nashik-Mumbai Road,15,1,rain,22,0.2583
30,Agra Road,14,1,clear,43,0.4203
14,Satpur Road,10,2,fog,91,0.8374
10,Nashik Phata Road,6,3,rain,31,0.3781
15,Cidco Road,21,2,rain,26,0.3321
19,MIDC Road,16,0,clear,19,0.1724
11,Trimbak Road,15,0,rain,5,0.1218
28,Trimbak Road,8,3,clear,62,0.5829
9,Commissioner Office Road,12,5,clear,35,0.2846
5,Panchavati Road,13,2,clear,42,0.3753
19,MIDC Road,5,2,clear,18,0.1714
10,Nashik Phata Road,9,4,rain,94,0.9845
26,Mhasrul Link,19,5,clear,44,0.422
13,Nashik Phata Road,8,3,clear,99,0.7241
15,Cidco Road,13,2,clear,58,0.4594
30,Agra Road,6,3,clear,50,0.3584
7,Gangapur Road,10,4,fog,96,0.9129
20,Industrial Road,14,5,clear,39,0.3143
24,Pathardi Road,14,3,clear,45,0.4282
17,Dwarka-CBS Road,3,2,clear,17,0.1867
20,Industrial Road,22,1,clear,34,0.2672
17,Dwarka-CBS Road,9,2,clear,87,0.6999
12,Mhasrul Road,16,2,clear,18,0.1436
21,Ambad-Phata Road,5,5,clear,15,0.1339
1,MG Road,18,2,fog,98,0.9681
22,Nashik-Mumbai Road,20,0,clear,93,0.7673
28,Trimbak Road,12,6,fog,42,0.4075
17,Dwarka-CBS Road,11,6,clear,14,0.1203
11,Trimbak Road,7,3,clear,52,0.401
7,Gangapur Road,15,5,clear,13,0.1225
25,Agra Road,14,2,rain,60,0.6073
6,College Road,19,4,fog,73,0.8034
8,Indira Nagar Road,15,3,clear,23,0.2017
15,Cidco Road,11,5,clear,8,0.1095
28,Trimbak Road,12,4,rain,46,0.5606
1,MG Road,5,4,clear,10,0.1135
24,Pathardi Road,13,6,rain,42,0.4211
25,Agra Road,20,2,clear,68,0.6718
28,Trimbak Road,22,5,clear,23,0.2006
21,Ambad-Phata Road,12,5,clear,32,0.2772
10,Nashik Phata Road,0,3,clear,12,0.1543
17,Dwarka-CBS Road,8,5,clear,61,0.4644
5,Panchavati Road,16,4,clear,12,0.1499
4,Old Pune Road,19,3,rain,67,0.8651
23,Deolali Road,4,4,fog,10,0.1471
22,Nashik-Mumbai Road,0,2,fog,22,0.1995
21,Ambad-Phata Road,21,1,clear,34,0.2758
5,Panchavati Road,3,2,clear,9,0.14
24,Pathardi Road,20,6,rain,55,0.5807
29,Pathardi Road,19,5,clear,48,0.4598
13,Nashik Phata Road,21,5,rain,17,0.1882
26,Mhasrul Link,19,4,clear,79,0.6754
18,Ambad Link Road,14,3,clear,48,0.4427
10,Nashik Phata Road,10,1,clear,84,0.6734
5,Panchavati Road,13,3,clear,66,0.4807
15,Cidco Road,1,3,clear,14,0.1561
14,Satpur Road,12,4,clear,49,0.4015
11,Trimbak Road,18,0,rain,68,0.8404
9,Commissioner Office Road,17,3,fog,97,0.9265
3,CBS-Canada Road,22,5,rain,20,0.1966
28,Trimbak Road,12,5,rain,35,0.3925
1,MG Road,17,4,fog,81,0.8056
30,Agra Road,10,5,fog,43,0.4483
19,MIDC Road,11,4,clear,22,0.1613
3,CBS-Canada Road,8,2,fog,99,0.9308
3,CBS-Canada Road,2,6,fog,9,0.1243
22,Nashik-Mumbai Road,1,6,clear,5,0.0886
20,Industrial Road,16,2,clear,22,0.1908
25,Agra Road,4,1,clear,24,0.207
28,Trimbak Road,10,0,rain,78,0.9235
10,Nashik Phata Road,6,4,clear,33,0.3065
17,Dwarka-CBS Road,16,0,rain,6,0.1292
19,MIDC Road,8,3,rain,78,0.9159
6,College Road,11,4,fog,19,0.2055
25,Agra Road,23,4,clear,28,0.2382
27,Sharanpur Road,14,3,clear,45,0.3673
21,Ambad-Phata Road,13,6,fog,37,0.3491
11,Trimbak Road,19,4,clear,90,0.7668
25,Agra Road,13,0,fog,69,0.5746
8,Indira Nagar Road,15,1,clear,13,0.1462
14,Satpur Road,17,4,clear,79,0.6845
23,Deolali Road,0,0,clear,17,0.1785
1,MG Road,10,4,clear,68,0.6028
11,Trimbak Road,2,0,clear,13,0.141
25,Agra Road,16,1,clear,12,0.1339
25,Agra Road,7,0,clear,34,0.2935
6,College Road,9,5,fog,39,0.4261
13,Nashik Phata Road,11,0,clear,10,0.1113
5,Panchavati Road,0,1,rain,9,0.1271
2,Sharanpur Road,8,4,clear,84,0.677
18,Ambad Link Road,19,1,clear,72,0.6916
23,Deolali Road,3,0,clear,18,0.1513
23,Deolali Road,18,3,clear,73,0.6754
9,Commissioner Office Road,11,5,rain,13,0.1512
14,Satpur Road,16,2,rain,20,0.2463
14,Satpur Road,15,1,fog,7,0.1083
22,Nashik-Mumbai Road,3,2,clear,6,0.1102
11,Trimbak Road,16,4,clear,18,0.154
20,Industrial Road,20,1,clear,94,0.76
1,MG Road,0,3,clear,9,0.1301
8,Indira Nagar Road,23,1,rain,37,0.3515
28,Trimbak Road,22,3,clear,30,0.2757
23,Deolali Road,10,2,clear,92,0.7131
19,MIDC Road,4,3,fog,10,0.1201
27,Sharanpur Road,13,0,fog,60,0.5625
14,Satpur Road,7,1,clear,42,0.3495
24,Pathardi Road,15,4,fog,19,0.1863
30,Agra Road,3,0,clear,21,0.1729
22,Nashik-Mumbai Road,9,0,clear,63,0.6412
13,Nashik Phata Road,2,2,fog,23,0.2197
10,Nashik Phata Road,22,5,clear,14,0.1717
8,Indira Nagar Road,10,1,rain,92,0.9599
26,Mhasrul Link,19,0,clear,82,0.7162
9,Commissioner Office Road,6,1,rain,35,0.3844
29,Pathardi Road,15,2,rain,20,0.2417
23,Deolali Road,15,4,clear,15,0.1684
28,Trimbak Road,3,3,rain,10,0.1361
23,Deolali Road,23,5,clear,21,0.164
14,Satpur Road,10,5,clear,58,0.457
19,MIDC Road,9,4,clear,72,0.6591
26,Mhasrul Link,18,3,clear,71,0.6556
9,Commissioner Office Road,15,1,rain,7,0.1347
23,Deolali Road,22,5,clear,21,0.1962
12,Mhasrul Road,7,5,rain,29,0.2996
12,Mhasrul Road,8,3,clear,70,0.623
3,CBS-Canada Road,15,5,fog,6,0.1178
3,CBS-Canada Road,11,3,clear,15,0.1594
28,Trimbak Road,13,6,clear,39,0.3108
17,Dwarka-CBS Road,8,2,clear,72,0.675
22,Nashik-Mumbai Road,3,3,clear,13,0.1357
20,Industrial Road,2,3,clear,8,0.1109
17,Dwarka-CBS Road,7,2,clear,53,0.4227
16,Pathardi Road,20,3,clear,80,0.6725
6,College Road,5,1,clear,13,0.1225
28,Trimbak Road,15,6,rain,12,0.1676
26,Mhasrul Link,10,5,clear,47,0.3961
14,Satpur Road,5,6,fog,7,0.1104
7,Gangapur Road,7,0,clear,30,0.3065
27,Sharanpur Road,16,3,fog,23,0.2011
17,Dwarka-CBS Road,6,0,clear,44,0.34
13,Nashik Phata Road,6,6,clear,26,0.2387
4,Old Pune Road,17,5,clear,64,0.5252
2,Sharanpur Road,11,6,rain,3,0.0826
1,MG Road,20,6,clear,44,0.4124
3,CBS-Canada Road,23,6,clear,11,0.1478
30,Agra Road,9,2,clear,89,0.7125
16,Pathardi Road,1,4,clear,24,0.1705
4,Old Pune Road,4,4,rain,23,0.2565
13,Nashik Phata Road,8,0,clear,83,0.7018
26,Mhasrul Link,16,1,fog,12,0.1659
13,Nashik Phata Road,16,4,clear,19,0.1561
18,Ambad Link Road,12,3,rain,55,0.6287
23,Deolali Road,13,6,rain,31,0.3239
26,Mhasrul Link,16,2,clear,21,0.1698
17,Dwarka-CBS Road,15,6,rain,5,0.1346
17,Dwarka-CBS Road,23,0,clear,15,0.2001
5,Panchavati Road,0,5,clear,5,0.091
24,Pathardi Road,23,6,rain,16,0.2089
24,Pathardi Road,6,5,rain,32,0.3672
2,Sharanpur Road,15,4,rain,19,0.1966
7,Gangapur Road,3,0,fog,19,0.2034
30,Agra Road,6,0,clear,40,0.3301
13,Nashik Phata Road,12,1,clear,58,0.4504
10,Nashik Phata Road,8,2,rain,90,0.9664
5,Panchavati Road,17,5,clear,64,0.4917
16,Pathardi Road,16,6,clear,15,0.1506
9,Commissioner Office Road,16,0,clear,5,0.1168
21,Ambad-Phata Road,4,6,rain,13,0.1713
19,MIDC Road,12,4,fog,58,0.5391
14,Satpur Road,9,3,fog,75,0.7244
17,Dwarka-CBS Road,3,5,clear,9,0.113
28,Trimbak Road,6,3,clear,39,0.3486
20,Industrial Road,5,5,rain,15,0.1607
21,Ambad-Phata Road,19,1,rain,73,0.9161
7,Gangapur Road,9,6,clear,39,0.3769
26,Mhasrul Link,7,2,clear,41,0.3109
27,Sharanpur Road,14,3,rain,69,0.7101
25,Agra Road,19,3,fog,98,0.9239
6,College Road,0,2,clear,11,0.1152
6,College Road,14,5,clear,35,0.2998
17,Dwarka-CBS Road,17,3,clear,84,0.7409
25,Agra Road,2,6,clear,7,0.1139
15,Cidco Road,12,4,rain,64,0.6337
29,Pathardi Road,11,1,clear,7,0.1304
22,Nashik-Mumbai Road,6,1,rain,47,0.5122
28,Trimbak Road,5,5,clear,13,0.1392
21,Ambad-Phata Road,14,6,rain,44,0.4301
10,Nashik Phata Road,0,1,rain,19,0.2301
14,Satpur Road,8,4,clear,91,0.7466
20,Industrial Road,22,5,fog,20,0.2268
7,Gangapur Road,5,4,rain,24,0.2759
27,Sharanpur Road,7,6,clear,22,0.2
18,Ambad Link Road,23,4,rain,21,0.2675
10,Nashik Phata Road,14,5,clear,44,0.315
21,Ambad-Phata Road,8,5,clear,42,0.3915
19,MIDC Road,5,2,clear,13,0.1119
30,Agra Road,22,2,fog,35,0.2902
24,Pathardi Road,17,3,rain,84,0.9466
5,Panchavati Road,7,3,rain,52,0.5245
30,Agra Road,3,3,fog,19,0.1888
2,Sharanpur Road,7,5,clear,24,0.2438
1,MG Road,23,2,clear,25,0.2387
6,College Road,12,3,clear,44,0.3695
12,Mhasrul Road,17,5,clear,46,0.3922
29,Pathardi Road,3,1,rain,12,0.1662
30,Agra Road,9,5,rain,55,0.6068
22,Nashik-Mumbai Road,8,2,clear,89,0.6778
23,Deolali Road,19,5,rain,57,0.6397
20,Industrial Road,23,5,rain,25,0.2408
20,Industrial Road,12,4,fog,68,0.59
17,Dwarka-CBS Road,15,0,clear,5,0.1068
24,Pathardi Road,1,6,fog,11,0.1075
16,Pathardi Road,10,2,clear,90,0.7224
9,Commissioner Office Road,22,5,clear,15,0.1439
28,Trimbak Road,10,3,fog,79,0.7709
30,Agra Road,17,1,clear,76,0.7178
21,Ambad-Phata Road,6,1,clear,35,0.3249
5,Panchavati Road,9,1,rain,66,0.814
4,Old Pune Road,15,1,clear,18,0.188
8,Indira Nagar Road,16,1,rain,17,0.1994
6,College Road,11,4,clear,8,0.1323
15,Cidco Road,5,3,clear,9,0.1493
5,Panchavati Road,2,5,clear,5,0.067
24,Pathardi Road,21,0,rain,30,0.3608
16,Pathardi Road,22,0,clear,38,0.2944
28,Trimbak Road,22,3,clear,34,0.2551
18,Ambad Link Road,12,0,clear,60,0.4675
25,Agra Road,19,4,clear,93,0.7598
6,College Road,0,5,clear,7,0.106
24,Pathardi Road,14,0,fog,54,0.5017
28,Trimbak Road,15,6,clear,10,0.1124
25,Agra Road,17,1,clear,84,0.7138
18,Ambad Link Road,18,6,fog,63,0.5702
12,Mhasrul Road,13,6,clear,40,0.3002
1,MG Road,14,4,rain,52,0.5536
8,Indira Nagar Road,15,3,clear,10,0.1172
23,Deolali Road,14,0,clear,51,0.4537
8,Indira Nagar Road,6,5,clear,29,0.2483
16,Pathardi Road,15,6,clear,11,0.1303
7,Gangapur Road,19,1,fog,82,0.8667
16,Pathardi Road,3,2,clear,13,0.1504
28,Trimbak Road,23,1,rain,25,0.3124
1,MG Road,21,0,rain,24,0.2681
29,Pathardi Road,0,1,clear,7,0.1402
30,Agra Road,17,2,fog,66,0.7559
20,Industrial Road,1,1,clear,17,0.1605
18,Ambad Link Road,10,0,fog,79,0.8164
2,Sharanpur Road,17,5,clear,48,0.4395
4,Old Pune Road,0,1,clear,14,0.1329
30,Agra Road,2,6,fog,15,0.1446
28,Trimbak Road,8,2,clear,99,0.765
1,MG Road,15,3,clear,13,0.1429
5,Panchavati Road,0,0,rain,19,0.2532
1,MG Road,11,6,rain,5,0.0926
2,Sharanpur Road,17,1,clear,97,0.8016
21,Ambad-Phata Road,13,6,clear,39,0.3084
23,Deolali Road,20,1,clear,80,0.7146
10,Nashik Phata Road,10,4,clear,93,0.728
28,Trimbak Road,9,4,clear,70,0.619
4,Old Pune Road,4,3,clear,14,0.1249
19,MIDC Road,4,2,clear,5,0.0912
13,Nashik Phata Road,4,1,rain,6,0.1209
10,Nashik Phata Road,10,0,fog,69,0.687
6,College Road,8,0,rain,93,0.9623
27,Sharanpur Road,3,3,rain,20,0.2576
6,College Road,1,6,fog,9,0.0896
14,Satpur Road,7,5,fog,32,0.3045
25,Agra Road,3,3,fog,10,0.1276
9,Commissioner Office Road,15,5,rain,8,0.1251
30,Agra Road,6,4,clear,33,0.2824
3,CBS-Canada Road,1,0,clear,8,0.1364
27,Sharanpur Road,2,6,clear,11,0.1046
9,Commissioner Office Road,23,3,clear,35,0.2562
10,Nashik Phata Road,2,0,fog,12,0.1591
14,Satpur Road,21,6,rain,22,0.226
9,Commissioner Office Road,16,6,fog,3,0.0793
3,CBS-Canada Road,9,0,rain,62,0.7806
4,Old Pune Road,16,5,rain,7,0.0956
3,CBS-Canada Road,20,5,clear,56,0.4731
2,Sharanpur Road,5,6,clear,9,0.1001
7,Gangapur Road,4,4,clear,13,0.1317
10,Nashik Phata Road,1,1,clear,15,0.1308
20,Industrial Road,22,1,rain,15,0.2568
21,Ambad-Phata Road,23,4,clear,38,0.3208
26,Mhasrul Link,7,5,clear,19,0.1895
20,Industrial Road,12,1,rain,42,0.5588
4,Old Pune Road,1,4,rain,13,0.1664
8,Indira Nagar Road,17,0,rain,99,1.0
5,Panchavati Road,16,2,fog,7,0.1522
22,Nashik-Mumbai Road,7,5,rain,25,0.2976
3,CBS-Canada Road,3,4,rain,6,0.1172
25,Agra Road,1,5,fog,8,0.1208
7,Gangapur Road,22,1,clear,29,0.2678
11,Trimbak Road,0,5,clear,3,0.057
8,Indira Nagar Road,12,3,rain,60,0.6318
28,Trimbak Road,21,6,fog,13,0.1846
12,Mhasrul Road,13,1,rain,55,0.5849
30,Agra Road,1,2,clear,18,0.1603
4,Old Pune Road,12,5,clear,37,0.2912
28,Trimbak Road,0,4,clear,13,0.1689
7,Gangapur Road,22,0,clear,23,0.2399
25,Agra Road,7,0,clear,51,0.368
8,Indira Nagar Road,1,3,rain,12,0.1738
16,Pathardi Road,6,5,fog,35,0.3169
18,Ambad Link Road,22,4,rain,24,0.2855
18,Ambad Link Road,14,6,clear,34,0.2937
18,Ambad Link Road,8,2,rain,71,0.877
3,CBS-Canada Road,8,4,rain,72,0.8236
3,CBS-Canada Road,19,0,clear,77,0.6997
14,Satpur Road,3,0,fog,18,0.178
29,Pathardi Road,23,5,rain,11,0.1604
20,Industrial Road,11,1,clear,20,0.1828
6,College Road,1,0,clear,22,0.2078
10,Nashik Phata Road,17,6,clear,54,0.4755
26,Mhasrul Link,21,5,fog,12,0.1464
9,Commissioner Office Road,9,3,clear,65,0.6471
3,CBS-Canada Road,12,3,clear,49,0.4042
25,Agra Road,4,2,rain,16,0.2062
2,Sharanpur Road,16,0,rain,23,0.2551
4,Old Pune Road,14,1,clear,51,0.4326
7,Gangapur Road,19,4,clear,81,0.6648
14,Satpur Road,13,4,clear,56,0.4197
16,Pathardi Road,18,5,clear,45,0.4118
9,Commissioner Office Road,17,0,clear,94,0.7966
26,Mhasrul Link,23,0,clear,15,0.1552
18,Ambad Link Road,5,4,rain,19,0.1978
8,Indira Nagar Road,4,4,clear,10,0.119
9,Commissioner Office Road,9,6,clear,53,0.421
8,Indira Nagar Road,6,3,clear,40,0.3903
1,MG Road,3,5,rain,14,0.1834
4,Old Pune Road,3,1,clear,22,0.2097
17,Dwarka-CBS Road,4,2,fog,6,0.1608
25,Agra Road,17,2,fog,94,0.8675
30,Agra Road,5,4,rain,8,0.1629
24,Pathardi Road,23,4,clear,36,0.2495
3,CBS-Canada Road,13,5,clear,43,0.3099
26,Mhasrul Link,0,1,clear,17,0.1574
25,Agra Road,7,1,clear,53,0.3706
30,Agra Road,20,6,clear,52,0.4353
13,Nashik Phata Road,8,1,clear,93,0.6965
22,Nashik-Mumbai Road,9,1,clear,63,0.5978
20,Industrial Road,4,3,clear,23,0.223
19,MIDC Road,3,5,fog,8,0.1398
4,Old Pune Road,8,0,rain,67,0.7942
10,Nashik Phata Road,20,2,clear,75,0.6485
29,Pathardi Road,5,1,clear,23,0.1932
5,Panchavati Road,11,2,clear,16,0.174
15,Cidco Road,10,1,clear,77,0.6801
8,Indira Nagar Road,9,6,rain,51,0.5278
5,Panchavati Road,6,5,rain,27,0.3321
16,Pathardi Road,13,6,clear,33,0.2461
8,Indira Nagar Road,12,4,clear,66,0.4681
17,Dwarka-CBS Road,2,3,clear,8,0.0894
1,MG Road,11,4,fog,21,0.2158
13,Nashik Phata Road,2,2,rain,9,0.1296
10,Nashik Phata Road,9,3,fog,77,0.7584
18,Ambad Link Road,2,2,clear,14,0.1431
11,Trimbak Road,13,0,rain,61,0.6406
26,Mhasrul Link,20,3,clear,70,0.6486
11,Trimbak Road,17,0,clear,75,0.6824
10,Nashik Phata Road,22,3,fog,17,0.1909
24,Pathardi Road,20,0,rain,87,0.9959
23,Deolali Road,18,6,fog,58,0.5344
26,Mhasrul Link,12,1,clear,69,0.5017
26,Mhasrul Link,12,2,clear,55,0.4374
13,Nashik Phata Road,21,1,rain,33,0.3287
23,Deolali Road,8,6,clear,52,0.4379
2,Sharanpur Road,0,1,clear,18,0.1498
7,Gangapur Road,17,3,clear,88,0.7384
11,Trimbak Road,8,0,clear,62,0.6189
27,Sharanpur Road,9,5,rain,42,0.5522
27,Sharanpur Road,12,1,clear,44,0.4024
24,Pathardi Road,6,4,fog,46,0.4542
30,Agra Road,17,4,fog,74,0.7677
12,Mhasrul Road,23,3,clear,24,0.2434
30,Agra Road,8,5,fog,64,0.5434
3,CBS-Canada Road,13,3,clear,58,0.4523
6,College Road,20,3,clear,87,0.7312
13,Nashik Phata Road,14,3,fog,46,0.4499
9,Commissioner Office Road,22,6,fog,14,0.2064
13,Nashik Phata Road,1,0,clear,15,0.131
26,Mhasrul Link,5,1,clear,5,0.1292
22,Nashik-Mumbai Road,2,4,rain,14,0.1766
26,Mhasrul Link,17,5,clear,44,0.3955
1,MG Road,8,2,clear,78,0.7132
20,Industrial Road,6,4,clear,48,0.3625
7,Gangapur Road,4,6,clear,11,0.0918
16,Pathardi Road,19,0,clear,95,0.8021
9,Commissioner Office Road,12,1,fog,41,0.4264
16,Pathardi Road,12,2,rain,62,0.6557
24,Pathardi Road,20,0,rain,94,1.0
18,Ambad Link Road,2,6,clear,9,0.1002
7,Gangapur Road,13,4,clear,65,0.5027
19,MIDC Road,16,0,rain,10,0.1519
28,Trimbak Road,21,5,clear,24,0.1797
24,Pathardi Road,3,3,clear,22,0.1967
9,Commissioner Office Road,22,0,clear,32,0.2723
2,Sharanpur Road,6,0,clear,46,0.3952
5,Panchavati Road,11,4,fog,21,0.2169
29,Pathardi Road,11,5,clear,9,0.1053
8,Indira Nagar Road,13,2,clear,52,0.4265
25,Agra Road,15,1,clear,12,0.1221
13,Nashik Phata Road,16,3,clear,13,0.1315
10,Nashik Phata Road,20,2,clear,81,0.7395
27,Sharanpur Road,11,1,rain,7,0.1716
11,Trimbak Road,21,3,rain,27,0.3012
8,Indira Nagar Road,6,4,fog,48,0.4347
6,College Road,23,4,clear,17,0.2263
13,Nashik Phata Road,5,1,clear,17,0.126
13,Nashik Phata Road,9,6,clear,54,0.4709
19,MIDC Road,4,5,clear,11,0.1235
19,MIDC Road,10,5,rain,63,0.6355
19,MIDC Road,3,2,clear,18,0.1638
16,Pathardi Road,8,4,rain,85,0.8742
28,Trimbak Road,5,5,clear,11,0.1416
10,Nashik Phata Road,4,4,clear,18,0.1846
28,Trimbak Road,15,2,clear,21,0.2148
15,Cidco Road,19,1,clear,74,0.6528
15,Cidco Road,17,3,rain,72,0.9349
8,Indira Nagar Road,14,2,rain,44,0.5299
21,Ambad-Phata Road,8,6,clear,62,0.4886
26,Mhasrul Link,17,5,clear,44,0.4133
25,Agra Road,8,4,fog,95,0.8899
7,Gangapur Road,13,5,rain,27,0.338
7,Gangapur Road,14,3,rain,69,0.6603
16,Pathardi Road,0,6,clear,13,0.1117
20,Industrial Road,13,6,clear,27,0.2436
22,Nashik-Mumbai Road,4,3,clear,16,0.13
4,Old Pune Road,23,3,clear,21,0.2257
13,Nashik Phata Road,3,0,clear,17,0.1423
18,Ambad Link Road,1,4,fog,6,0.14
18,Ambad Link Road,15,3,clear,6,0.1166
24,Pathardi Road,3,6,fog,11,0.1144
30,Agra Road,7,0,rain,48,0.5116
1,MG Road,9,4,clear,64,0.5779
29,Pathardi Road,18,3,fog,75,0.8162
29,Pathardi Road,11,3,clear,23,0.2247
9,Commissioner Office Road,11,4,rain,5,0.1145
25,Agra Road,15,3,clear,21,0.1795
4,Old Pune Road,7,1,fog,45,0.4353
29,Pathardi Road,15,4,rain,10,0.1542
23,Deolali Road,9,5,rain,61,0.6282
17,Dwarka-CBS Road,18,1,clear,75,0.6674
6,College Road,13,6,clear,28,0.2752
6,College Road,13,3,clear,50,0.4346
29,Pathardi Road,22,2,clear,31,0.2503
7,Gangapur Road,12,0,clear,46,0.4286
2,Sharanpur Road,17,5,rain,46,0.5164
16,Pathardi Road,20,0,rain,79,0.896
11,Trimbak Road,19,3,clear,92,0.7222
26,Mhasrul Link,2,4,clear,12,0.1386
17,Dwarka-CBS Road,6,0,clear,33,0.3488
14,Satpur Road,13,3,clear,55,0.4602
24,Pathardi Road,12,1,clear,43,0.3951
12,Mhasrul Road,3,5,fog,3,0.0814
25,Agra Road,20,5,clear,61,0.4968
7,Gangapur Road,1,6,rain,10,0.133
24,Pathardi Road,15,1,fog,23,0.1812
29,Pathardi Road,7,2,rain,50,0.5417
20,Industrial Road,23,2,clear,17,0.2275
13,Nashik Phata Road,10,4,fog,62,0.741
25,Agra Road,0,5,clear,7,0.1023
13,Nashik Phata Road,11,3,clear,11,0.1519
14,Satpur Road,20,5,clear,43,0.4009
22,Nashik-Mumbai Road,8,5,fog,52,0.5316
29,Pathardi Road,21,5,clear,15,0.1485
1,MG Road,21,6,fog,16,0.1841
27,Sharanpur Road,16,3,rain,9,0.1423
5,Panchavati Road,23,0,clear,29,0.2272
14,Satpur Road,5,1,clear,9,0.1247
10,Nashik Phata Road,2,4,clear,8,0.1414
27,Sharanpur Road,20,4,fog,88,0.9078
2,Sharanpur Road,19,4,fog,70,0.7417
5,Panchavati Road,4,3,clear,17,0.1453
16,Pathardi Road,19,1,clear,87,0.6884
13,Nashik Phata Road,17,4,clear,70,0.6691
14,Satpur Road,3,3,clear,24,0.1919
11,Trimbak Road,13,0,rain,53,0.5609
15,Cidco Road,0,3,rain,18,0.1846
28,Trimbak Road,15,6,rain,7,0.1155
20,Industrial Road,2,3,rain,18,0.2192
21,Ambad-Phata Road,4,2,clear,6,0.0866
21,Ambad-Phata Road,1,0,fog,16,0.1756
16,Pathardi Road,16,0,clear,18,0.1856
19,MIDC Road,23,4,rain,26,0.313
3,CBS-Canada Road,6,3,fog,39,0.4055
7,Gangapur Road,20,0,fog,97,0.9421
3,CBS-Canada Road,12,4,fog,49,0.4702
26,Mhasrul Link,12,3,fog,46,0.4616
14,Satpur Road,19,4,clear,85,0.6908
4,Old Pune Road,9,5,fog,39,0.4698
18,Ambad Link Road,15,2,rain,20,0.2117
12,Mhasrul Road,21,3,clear,29,0.2709
10,Nashik Phata Road,18,6,clear,48,0.4258
27,Sharanpur Road,10,1,rain,67,0.7887
14,Satpur Road,21,0,clear,17,0.1821
30,Agra Road,19,4,rain,90,0.9587
3,CBS-Canada Road,20,1,rain,71,0.8756
7,Gangapur Road,17,3,clear,76,0.6893
1,MG Road,14,0,fog,57,0.5163
26,Mhasrul Link,0,3,clear,15,0.139
25,Agra Road,1,2,fog,10,0.1481
26,Mhasrul Link,23,1,rain,27,0.3321
9,Commissioner Office Road,11,5,clear,12,0.1047
12,Mhasrul Road,11,3,clear,5,0.0959
14,Satpur Road,16,5,clear,14,0.1126
26,Mhasrul Link,2,0,clear,19,0.1583
10,Nashik Phata Road,21,6,clear,20,0.1714
5,Panchavati Road,6,2,clear,37,0.3407
17,Dwarka-CBS Road,8,3,rain,68,0.7803
27,Sharanpur Road,12,2,fog,41,0.4935
3,CBS-Canada Road,20,0,fog,68,0.7919
26,Mhasrul Link,12,4,clear,46,0.4306
12,Mhasrul Road,12,0,rain,41,0.534
4,Old Pune Road,13,4,clear,40,0.425
30,Agra Road,13,2,clear,43,0.3875
13,Nashik Phata Road,11,2,clear,19,0.1521
10,Nashik Phata Road,20,5,clear,44,0.3947
30,Agra Road,1,0,fog,9,0.1807
21,Ambad-Phata Road,2,2,clear,22,0.1697
17,Dwarka-CBS Road,7,5,clear,25,0.22
4,Old Pune Road,12,4,clear,58,0.4733
30,Agra Road,4,3,clear,13,0.1769
11,Trimbak Road,8,4,clear,89,0.6763
11,Trimbak Road,20,5,clear,50,0.4462
4,Old Pune Road,21,4,fog,25,0.3021
9,Commissioner Office Road,11,6,clear,9,0.1082
14,Satpur Road,10,1,clear,71,0.6253
11,Trimbak Road,0,3,rain,23,0.252
25,Agra Road,10,2,clear,91,0.7513
4,Old Pune Road,15,5,rain,12,0.1292
8,Indira Nagar Road,23,4,rain,28,0.3026
15,Cidco Road,20,5,clear,44,0.3956
12,Mhasrul Road,0,1,clear,24,0.1722
21,Ambad-Phata Road,16,2,clear,22,0.181
12,Mhasrul Road,3,4,rain,16,0.2195
8,Indira Nagar Road,23,6,clear,11,0.1229
17,Dwarka-CBS Road,11,0,fog,12,0.1657
7,Gangapur Road,17,1,clear,85,0.7145
27,Sharanpur Road,7,1,rain,49,0.5392
30,Agra Road,7,5,clear,30,0.2448
21,Ambad-Phata Road,13,6,clear,27,0.2356
7,Gangapur Road,6,5,fog,27,0.2602
22,Nashik-Mumbai Road,9,1,clear,68,0.6107
1,MG Road,2,2,clear,23,0.1762
1,MG Road,2,1,clear,5,0.1011
7,Gangapur Road,12,0,clear,49,0.4499
14,Satpur Road,10,4,clear,82,0.6725
23,Deolali Road,9,1,fog,66,0.7455
28,Trimbak Road,23,3,clear,27,0.2474
2,Sharanpur Road,9,5,clear,48,0.4162
12,Mhasrul Road,21,6,clear,11,0.117
23,Deolali Road,5,0,clear,21,0.2003
18,Ambad Link Road,7,0,fog,47,0.4512
16,Pathardi Road,15,3,rain,17,0.2331
21,Ambad-Phata Road,8,1,fog,94,0.8365
9,Commissioner Office Road,23,1,rain,28,0.324
30,Agra Road,14,4,clear,51,0.4043
20,Industrial Road,2,3,clear,19,0.1509
18,Ambad Link Road,7,4,clear,49,0.4053
10,Nashik Phata Road,0,3,clear,22,0.1631
18,Ambad Link Road,4,1,rain,11,0.1808
7,Gangapur Road,20,6,rain,62,0.6771
1,MG Road,20,3,clear,90,0.7325
2,Sharanpur Road,17,5,fog,43,0.4669
6,College Road,1,6,rain,14,0.1575
29,Pathardi Road,6,4,clear,39,0.3025
13,Nashik Phata Road,21,1,clear,22,0.2133
8,Indira Nagar Road,15,6,rain,11,0.1598
7,Gangapur Road,12,2,clear,58,0.4506
16,Pathardi Road,9,3,fog,61,0.7025
24,Pathardi Road,23,6,clear,13,0.1467
8,Indira Nagar Road,17,4,fog,74,0.7871
1,MG Road,6,6,fog,26,0.2565
2,Sharanpur Road,10,3,clear,96,0.751
25,Agra Road,1,6,clear,10,0.1376
4,Old Pune Road,17,4,clear,96,0.8121
5,Panchavati Road,19,2,clear,80,0.7097
25,Agra Road,16,2,rain,10,0.1741
29,Pathardi Road,21,0,clear,37,0.3091
12,Mhasrul Road,6,4,rain,51,0.5536
29,Pathardi Road,0,2,clear,7,0.1413
24,Pathardi Road,17,3,rain,95,1.0
5,Panchavati Road,10,4,clear,69,0.6499
25,Agra Road,15,4,clear,5,0.1273
2,Sharanpur Road,14,5,fog,35,0.3653
22,Nashik-Mumbai Road,18,2,clear,99,0.787
7,Gangapur Road,11,4,fog,13,0.173
13,Nashik Phata Road,14,4,clear,51,0.4698
8,Indira Nagar Road,18,5,clear,50,0.4187
13,Nashik Phata Road,11,4,clear,21,0.1752
16,Pathardi Road,19,6,fog,48,0.5134
27,Sharanpur Road,7,2,rain,39,0.4871
12,Mhasrul Road,23,4,fog,31,0.2996
5,Panchavati Road,10,1,clear,99,0.7597
17,Dwarka-CBS Road,11,6,rain,6,0.139
7,Gangapur Road,16,2,rain,18,0.1971
7,Gangapur Road,4,2,fog,11,0.1846
15,Cidco Road,23,4,rain,34,0.3736
4,Old Pune Road,2,6,rain,3,0.0612
6,College Road,4,2,clear,9,0.1
17,Dwarka-CBS Road,9,1,clear,71,0.6746
7,Gangapur Road,12,0,rain,44,0.5068
12,Mhasrul Road,7,4,clear,40,0.3534
20,Industrial Road,0,0,clear,24,0.181
13,Nashik Phata Road,9,5,rain,42,0.4814
19,MIDC Road,19,6,clear,55,0.4637
5,Panchavati Road,20,2,clear,80,0.6849
29,Pathardi Road,6,6,rain,22,0.2735
12,Mhasrul Road,18,2,clear,69,0.613
24,Pathardi Road,5,4,clear,8,0.1223
21,Ambad-Phata Road,20,5,clear,48,0.4305
15,Cidco Road,7,2,clear,39,0.3319
12,Mhasrul Road,16,2,clear,16,0.1877
22,Nashik-Mumbai Road,9,2,rain,73,0.8861
27,Sharanpur Road,1,1,rain,6,0.1393
20,Industrial Road,3,1,clear,7,0.1186
7,Gangapur Road,21,6,clear,17,0.153
16,Pathardi Road,18,3,clear,96,0.7397
7,Gangapur Road,14,1,fog,43,0.437
24,Pathardi Road,20,2,clear,99,0.7615
6,College Road,3,4,clear,12,0.1412
8,Indira Nagar Road,12,2,clear,54,0.4368
19,MIDC Road,9,3,clear,99,0.7792
5,Panchavati Road,10,6,rain,63,0.6175
30,Agra Road,18,3,clear,79,0.7426
5,Panchavati Road,11,5,fog,10,0.1328
20,Industrial Road,11,4,clear,21,0.1492
26,Mhasrul Link,4,5,clear,13,0.114
10,Nashik Phata Road,15,4,rain,12,0.1797
11,Trimbak Road,19,2,clear,96,0.732
25,Agra Road,17,0,clear,93,0.774
7,Gangapur Road,2,4,fog,5,0.1263
14,Satpur Road,6,6,rain,33,0.357
29,Pathardi Road,12,1,clear,43,0.3987
5,Panchavati Road,9,5,clear,41,0.4047
11,Trimbak Road,14,1,clear,56,0.4398
7,Gangapur Road,1,2,rain,13,0.1685
15,Cidco Road,0,4,clear,7,0.0929
20,Industrial Road,12,6,fog,36,0.3703
28,Trimbak Road,1,1,clear,20,0.1828
19,MIDC Road,5,1,clear,9,0.1424
13,Nashik Phata Road,14,2,clear,43,0.3905
26,Mhasrul Link,12,6,clear,29,0.238
18,Ambad Link Road,22,6,clear,9,0.142
13,Nashik Phata Road,18,2,fog,95,0.9212
23,Deolali Road,8,1,fog,96,0.8887
29,Pathardi Road,6,3,rain,35,0.3858
3,CBS-Canada Road,9,5,rain,57,0.6091
4,Old Pune Road,10,3,clear,83,0.7237
18,Ambad Link Road,2,6,clear,11,0.1341
10,Nashik Phata Road,5,0,clear,17,0.1834
16,Pathardi Road,1,2,fog,19,0.219
1,MG Road,18,1,clear,80,0.6614
25,Agra Road,9,0,rain,80,0.8837
19,MIDC Road,17,1,clear,99,0.7697
2,Sharanpur Road,0,0,clear,23,0.1744
4,Old Pune Road,21,5,rain,16,0.2065
3,CBS-Canada Road,18,2,fog,65,0.7297
30,Agra Road,9,1,clear,99,0.7358
12,Mhasrul Road,17,2,clear,76,0.662
21,Ambad-Phata Road,14,1,fog,63,0.589
19,MIDC Road,13,6,clear,44,0.3227
22,Nashik-Mumbai Road,9,3,rain,89,0.967
15,Cidco Road,13,0,clear,58,0.419
13,Nashik Phata Road,17,3,fog,68,0.801
12,Mhasrul Road,22,2,clear,24,0.1942
25,Agra Road,13,2,clear,41,0.3551
15,Cidco Road,18,6,rain,59,0.6421
27,Sharanpur Road,5,2,clear,13,0.121
3,CBS-Canada Road,12,5,rain,42,0.3993
22,Nashik-Mumbai Road,17,2,rain,68,0.839
17,Dwarka-CBS Road,6,6,clear,33,0.2471
1,MG Road,12,0,rain,65,0.6196
25,Agra Road,4,5,clear,4,0.0863
18,Ambad Link Road,22,0,clear,16,0.1867
4,Old Pune Road,4,0,clear,14,0.1335
1,MG Road,17,6,clear,57,0.4422
7,Gangapur Road,23,4,clear,35,0.2873
28,Trimbak Road,19,0,rain,73,0.8308
30,Agra Road,15,2,clear,23,0.173
10,Nashik Phata Road,21,1,rain,22,0.3017
15,Cidco Road,18,5,clear,50,0.4404
22,Nashik-Mumbai Road,22,2,rain,29,0.3599
22,Nashik-Mumbai Road,23,4,rain,20,0.2759
10,Nashik Phata Road,9,6,clear,47,0.421
28,Trimbak Road,14,0,rain,63,0.6715
6,College Road,6,3,clear,52,0.4439
11,Trimbak Road,6,5,rain,33,0.3639
21,Ambad-Phata Road,10,4,fog,62,0.7297
25,Agra Road,1,3,clear,5,0.0798
17,Dwarka-CBS Road,6,1,clear,38,0.3552
26,Mhasrul Link,21,1,rain,33,0.3679
19,MIDC Road,7,5,clear,27,0.2444
12,Mhasrul Road,6,5,clear,24,0.1982
21,Ambad-Phata Road,22,0,fog,30,0.3156
21,Ambad-Phata Road,18,0,rain,65,0.8621
13,Nashik Phata Road,6,1,rain,42,0.4887
19,MIDC Road,9,5,clear,40,0.3471
25,Agra Road,0,3,clear,17,0.1611
15,Cidco Road,13,4,clear,45,0.3766
26,Mhasrul Link,18,2,clear,79,0.6311
30,Agra Road,21,3,clear,15,0.1826
3,CBS-Canada Road,13,4,clear,42,0.3825
6,College Road,0,2,clear,14,0.154
29,Pathardi Road,0,0,clear,16,0.1949
28,Trimbak Road,3,5,clear,14,0.1571
18,Ambad Link Road,23,4,clear,33,0.2608
26,Mhasrul Link,22,6,rain,24,0.2627
19,MIDC Road,6,4,clear,53,0.3802
6,College Road,23,5,fog,22,0.209
22,Nashik-Mumbai Road,11,4,clear,21,0.1473
5,Panchavati Road,16,3,clear,22,0.1628
11,Trimbak Road,7,4,clear,51,0.4202
30,Agra Road,16,1,clear,19,0.1822
28,Trimbak Road,6,0,clear,45,0.372
16,Pathardi Road,6,6,rain,24,0.2867
15,Cidco Road,20,1,clear,74,0.6099
18,Ambad Link Road,10,2,rain,72,0.8236
14,Satpur Road,9,5,rain,53,0.6091
27,Sharanpur Road,6,2,clear,47,0.4148
14,Satpur Road,8,3,clear,87,0.7384
12,Mhasrul Road,21,5,clear,13,0.1593
6,College Road,15,6,clear,4,0.0878
12,Mhasrul Road,21,1,clear,22,0.2384
11,Trimbak Road,16,5,clear,3,0.0746
21,Ambad-Phata Road,21,1,rain,34,0.3624
24,Pathardi Road,14,5,rain,31,0.3659
18,Ambad Link Road,8,4,fog,78,0.7994
7,Gangapur Road,12,6,clear,29,0.2377
10,Nashik Phata Road,8,3,clear,83,0.7053
25,Agra Road,5,0,clear,8,0.1318
13,Nashik Phata Road,6,6,rain,27,0.3068
3,CBS-Canada Road,12,1,clear,43,0.3783
29,Pathardi Road,2,6,clear,7,0.0874
17,Dwarka-CBS Road,21,3,clear,32,0.2612
22,Nashik-Mumbai Road,16,4,rain,7,0.143
22,Nashik-Mumbai Road,6,6,clear,29,0.2758
22,Nashik-Mumbai Road,13,6,rain,41,0.3933
4,Old Pune Road,6,5,fog,28,0.2653
7,Gangapur Road,17,0,clear,72,0.6563
19,MIDC Road,19,2,rain,82,0.9531
21,Ambad-Phata Road,21,2,rain,30,0.3667
2,Sharanpur Road,2,6,clear,7,0.0779
13,Nashik Phata Road,21,1,fog,38,0.3559
2,Sharanpur Road,9,6,fog,55,0.5202
22,Nashik-Mumbai Road,0,6,clear,9,0.0865
4,Old Pune Road,10,0,fog,88,0.8764
4,Old Pune Road,23,2,rain,24,0.2586
27,Sharanpur Road,21,5,rain,13,0.1923
18,Ambad Link Road,2,5,clear,11,0.1302
27,Sharanpur Road,15,2,rain,15,0.201
22,Nashik-Mumbai Road,14,4,clear,43,0.3526
1,MG Road,0,2,rain,5,0.1159
26,Mhasrul Link,15,0,clear,10,0.1472
3,CBS-Canada Road,18,4,clear,87,0.7295
25,Agra Road,9,0,clear,93,0.7313
22,Nashik-Mumbai Road,15,5,rain,3,0.1091
25,Agra Road,11,6,clear,3,0.0856
29,Pathardi Road,1,3,clear,21,0.2067
30,Agra Road,12,4,clear,44,0.3821
23,Deolali Road,0,6,rain,4,0.0957
27,Sharanpur Road,14,3,clear,58,0.4882
17,Dwarka-CBS Road,8,1,clear,82,0.6908
5,Panchavati Road,22,1,clear,20,0.209
18,Ambad Link Road,17,6,clear,50,0.4382
21,Ambad-Phata Road,4,2,clear,8,0.1349
11,Trimbak Road,1,1,clear,16,0.1404
29,Pathardi Road,16,0,clear,15,0.1664
14,Satpur Road,17,5,clear,54,0.4695
29,Pathardi Road,12,0,clear,50,0.4321
10,Nashik Phata Road,21,4,fog,19,0.2204
18,Ambad Link Road,21,2,fog,22,0.27
23,Deolali Road,2,4,rain,18,0.2116
14,Satpur Road,9,1,clear,99,0.7551
10,Nashik Phata Road,16,4,clear,11,0.1431
5,Panchavati Road,4,6,clear,7,0.1057
29,Pathardi Road,9,0,fog,95,0.8834
29,Pathardi Road,1,1,clear,19,0.1872
11,Trimbak Road,6,2,clear,53,0.3926
24,Pathardi Road,9,3,clear,61,0.5557
9,Commissioner Office Road,17,6,clear,57,0.4351
8,Indira Nagar Road,7,0,rain,48,0.505
1,MG Road,20,6,clear,42,0.4047
6,College Road,7,6,clear,32,0.2649
5,Panchavati Road,23,6,clear,13,0.1274
27,Sharanpur Road,20,5,clear,42,0.402
6,College Road,20,4,clear,79,0.6648
8,Indira Nagar Road,10,2,clear,90,0.6962
21,Ambad-Phata Road,15,3,clear,8,0.1463
18,Ambad Link Road,15,3,clear,5,0.1059
3,CBS-Canada Road,0,5,fog,14,0.174
28,Trimbak Road,0,6,clear,8,0.1137
17,Dwarka-CBS Road,14,6,rain,42,0.4323
6,College Road,19,0,clear,88,0.7187
24,Pathardi Road,2,5,clear,13,0.1159
28,Trimbak Road,2,2,rain,10,0.1645
11,Trimbak Road,23,0,rain,17,0.2487
14,Satpur Road,9,5,clear,41,0.3835
12,Mhasrul Road,2,6,fog,5,0.1208
6,College Road,12,6,clear,35,0.2723
28,Trimbak Road,7,6,rain,24,0.2867
29,Pathardi Road,19,4,clear,88,0.7179
22,Nashik-Mumbai Road,10,6,rain,48,0.5578
4,Old Pune Road,20,6,fog,55,0.5576
24,Pathardi Road,16,2,fog,5,0.1068
28,Trimbak Road,16,6,clear,4,0.0907
29,Pathardi Road,3,5,rain,7,0.1176
3,CBS-Canada Road,17,2,rain,92,0.9611
3,CBS-Canada Road,8,3,rain,99,0.9632
7,Gangapur Road,6,0,clear,50,0.4376
17,Dwarka-CBS Road,9,6,fog,52,0.5326
26,Mhasrul Link,3,6,clear,3,0.0958
18,Ambad Link Road,1,4,rain,13,0.1772
2,Sharanpur Road,1,4,clear,7,0.1413
17,Dwarka-CBS Road,7,5,fog,32,0.2936
25,Agra Road,9,4,clear,91,0.6766
26,Mhasrul Link,18,4,rain,99,0.9953
8,Indira Nagar Road,11,5,clear,13,0.1318
2,Sharanpur Road,8,6,rain,50,0.5554
20,Industrial Road,23,0,rain,18,0.3026
4,Old Pune Road,18,5,clear,46,0.4272
19,MIDC Road,0,2,clear,9,0.1455
27,Sharanpur Road,7,0,clear,32,0.2862
12,Mhasrul Road,23,3,rain,32,0.3279
2,Sharanpur Road,6,1,rain,31,0.4186
26,Mhasrul Link,2,0,clear,15,0.158
15,Cidco Road,22,0,rain,31,0.2976
17,Dwarka-CBS Road,0,5,clear,9,0.1308
28,Trimbak Road,2,0,fog,23,0.2331
14,Satpur Road,13,2,rain,64,0.6533
4,Old Pune Road,4,4,clear,19,0.1742
30,Agra Road,16,6,fog,5,0.0732
18,Ambad Link Road,8,3,clear,75,0.6846
6,College Road,5,5,rain,5,0.1054
1,MG Road,20,4,rain,96,1.0
17,Dwarka-CBS Road,8,4,rain,60,0.8402
14,Satpur Road,23,5,clear,16,0.1765
17,Dwarka-CBS Road,10,1,fog,63,0.6737
26,Mhasrul Link,2,3,rain,9,0.1545
8,Indira Nagar Road,23,1,rain,35,0.3488
16,Pathardi Road,17,0,fog,68,0.7712
11,Trimbak Road,19,2,clear,68,0.6602
3,CBS-Canada Road,23,5,clear,13,0.1716
13,Nashik Phata Road,9,3,clear,70,0.6209
20,Industrial Road,5,3,rain,18,0.2353
19,MIDC Road,9,1,clear,69,0.6174
11,Trimbak Road,6,3,rain,40,0.4724
29,Pathardi Road,3,2,rain,22,0.2429
4,Old Pune Road,22,3,rain,20,0.2576
10,Nashik Phata Road,6,2,clear,52,0.3916
5,Panchavati Road,10,3,clear,92,0.7081
19,MIDC Road,6,6,clear,26,0.2005
7,Gangapur Road,10,2,clear,91,0.7495
23,Deolali Road,10,6,fog,47,0.4907
25,Agra Road,15,1,fog,21,0.187
20,Industrial Road,17,4,clear,91,0.7739
5,Panchavati Road,20,1,clear,80,0.6952
27,Sharanpur Road,5,4,clear,20,0.1582
30,Agra Road,22,3,fog,21,0.2294
15,Cidco Road,12,2,clear,41,0.4329
18,Ambad Link Road,18,6,clear,52,0.4521
22,Nashik-Mumbai Road,19,4,clear,68,0.6562
16,Pathardi Road,7,1,clear,35,0.3055
29,Pathardi Road,20,1,clear,66,0.6163
6,College Road,0,0,clear,12,0.1412
20,Industrial Road,7,1,rain,48,0.4879
6,College Road,20,1,fog,87,0.8677
16,Pathardi Road,19,2,clear,71,0.6938
27,Sharanpur Road,1,3,clear,6,0.1128
6,College Road,5,5,rain,13,0.1698
27,Sharanpur Road,2,1,clear,8,0.1571
25,Agra Road,8,6,rain,53,0.5977
9,Commissioner Office Road,4,4,rain,7,0.1571
3,CBS-Canada Road,6,6,clear,22,0.201
15,Cidco Road,5,4,fog,10,0.1412
7,Gangapur Road,12,0,clear,61,0.4759
14,Satpur Road,14,0,clear,43,0.379
8,Indira Nagar Road,21,3,clear,27,0.2251
21,Ambad-Phata Road,23,2,rain,30,0.3497
26,Mhasrul Link,21,4,rain,15,0.2279
16,Pathardi Road,12,4,clear,63,0.4772
5,Panchavati Road,16,5,fog,11,0.1449
25,Agra Road,10,4,clear,67,0.643
13,Nashik Phata Road,22,4,fog,20,0.2693
26,Mhasrul Link,13,0,clear,48,0.4146
20,Industrial Road,8,3,rain,60,0.7599
20,Industrial Road,4,4,clear,7,0.1288
15,Cidco Road,23,4,rain,21,0.2509
23,Deolali Road,13,5,clear,33,0.2563
19,MIDC Road,2,5,clear,11,0.1004
10,Nashik Phata Road,10,3,fog,94,0.8905
1,MG Road,18,2,clear,72,0.6452
17,Dwarka-CBS Road,20,5,clear,50,0.4402
20,Industrial Road,12,3,clear,56,0.4427
29,Pathardi Road,23,6,clear,20,0.1813
9,Commissioner Office Road,4,0,clear,6,0.0859
25,Agra Road,11,6,rain,3,0.0852
17,Dwarka-CBS Road,4,6,fog,3,0.0914
22,Nashik-Mumbai Road,1,1,clear,24,0.1939
2,Sharanpur Road,3,1,clear,22,0.1812
8,Indira Nagar Road,10,6,clear,52,0.426
19,MIDC Road,2,1,rain,19,0.2182
21,Ambad-Phata Road,13,6,clear,34,0.2884
5,Panchavati Road,14,3,clear,56,0.4465
10,Nashik Phata Road,11,1,clear,9,0.1096
20,Industrial Road,22,4,rain,32,0.3454
15,Cidco Road,3,3,clear,19,0.1587
22,Nashik-Mumbai Road,6,4,clear,39,0.3289
15,Cidco Road,3,2,clear,9,0.1136
2,Sharanpur Road,20,1,clear,99,0.779
29,Pathardi Road,1,5,clear,15,0.1178
6,College Road,0,4,clear,8,0.1334
15,Cidco Road,10,4,clear,62,0.577
17,Dwarka-CBS Road,13,6,clear,41,0.3414
4,Old Pune Road,19,4,rain,86,0.9713
28,Trimbak Road,9,0,rain,60,0.7726
26,Mhasrul Link,1,1,clear,14,0.1258
15,Cidco Road,6,2,clear,52,0.4314
25,Agra Road,18,1,fog,65,0.748
22,Nashik-Mumbai Road,7,5,rain,20,0.2822
15,Cidco Road,10,1,clear,77,0.6987
14,Satpur Road,6,6,clear,31,0.2334
12,Mhasrul Road,17,6,rain,61,0.6437
11,Trimbak Road,0,1,clear,20,0.2052
16,Pathardi Road,20,3,clear,84,0.7219
2,Sharanpur Road,12,4,rain,69,0.6569
12,Mhasrul Road,22,2,fog,30,0.2748
12,Mhasrul Road,16,4,rain,21,0.2126
15,Cidco Road,18,6,clear,64,0.518
15,Cidco Road,22,2,clear,15,0.1735
26,Mhasrul Link,20,3,fog,79,0.7946
24,Pathardi Road,20,6,clear,55,0.4563
4,Old Pune Road,7,6,rain,27,0.3225
15,Cidco Road,19,2,clear,95,0.7026
23,Deolali Road,4,4,clear,12,0.1657
8,Indira Nagar Road,6,5,clear,32,0.2525
29,Pathardi Road,2,4,rain,12,0.1686
13,Nashik Phata Road,9,5,clear,45,0.4201
15,Cidco Road,4,6,clear,5,0.0761
23,Deolali Road,7,4,rain,31,0.4595
2,Sharanpur Road,13,2,clear,61,0.4504
25,Agra Road,9,4,clear,88,0.6963
17,Dwarka-CBS Road,7,1,clear,40,0.3688
24,Pathardi Road,10,2,clear,97,0.8033
22,Nashik-Mumbai Road,16,3,fog,6,0.1389
13,Nashik Phata Road,15,0,clear,24,0.2003
26,Mhasrul Link,12,2,rain,62,0.6616
9,Commissioner Office Road,0,1,clear,7,0.1148
24,Pathardi Road,11,3,clear,17,0.1417
6,College Road,5,2,fog,18,0.2134
29,Pathardi Road,7,3,clear,47,0.3795
20,Industrial Road,5,4,rain,10,0.1793
7,Gangapur Road,8,6,fog,56,0.5465
5,Panchavati Road,23,6,clear,14,0.1221
11,Trimbak Road,16,5,rain,13,0.1558
18,Ambad Link Road,0,4,clear,16,0.1383
5,Panchavati Road,21,3,clear,20,0.2035
29,Pathardi Road,13,6,fog,37,0.3791
6,College Road,11,0,clear,14,0.1481
28,Trimbak Road,13,2,clear,65,0.4906
5,Panchavati Road,19,4,clear,88,0.7072
25,Agra Road,7,0,clear,42,0.3305
30,Agra Road,6,0,clear,48,0.3827
2,Sharanpur Road,4,4,clear,15,0.1431
19,MIDC Road,2,5,clear,3,0.0569
11,Trimbak Road,23,1,rain,38,0.355
23,Deolali Road,15,3,rain,18,0.2143
12,Mhasrul Road,18,4,rain,81,0.8854
1,MG Road,19,0,clear,66,0.6188
1,MG Road,11,4,clear,16,0.1774
19,MIDC Road,14,6,rain,28,0.3541
8,Indira Nagar Road,18,3,clear,72,0.6219
29,Pathardi Road,8,1,clear,70,0.5972
20,Industrial Road,18,1,clear,73,0.6178
24,Pathardi Road,21,1,clear,26,0.2409
29,Pathardi Road,23,5,clear,11,0.1543
6,College Road,2,3,fog,5,0.1426
22,Nashik-Mumbai Road,13,4,clear,54,0.4358
3,CBS-Canada Road,11,5,clear,15,0.1098
3,CBS-Canada Road,14,0,fog,59,0.5525
28,Trimbak Road,2,4,fog,6,0.1427
4,Old Pune Road,14,5,clear,44,0.3296
27,Sharanpur Road,12,6,rain,36,0.3697
20,Industrial Road,16,5,clear,9,0.0959
22,Nashik-Mumbai Road,7,5,clear,30,0.2357
30,Agra Road,12,3,clear,58,0.4238
21,Ambad-Phata Road,19,2,rain,83,0.9603
13,Nashik Phata Road,20,3,clear,94,0.7195
22,Nashik-Mumbai Road,16,0,rain,20,0.2538
18,Ambad Link Road,2,3,clear,21,0.1478
21,Ambad-Phata Road,23,4,fog,36,0.3629
30,Agra Road,1,4,rain,9,0.1332
6,College Road,9,0,fog,64,0.6905
27,Sharanpur Road,19,2,fog,75,0.767
16,Pathardi Road,17,3,clear,75,0.6574
6,College Road,10,5,rain,42,0.496
28,Trimbak Road,8,6,fog,56,0.5225
27,Sharanpur Road,23,0,fog,28,0.2726
14,Satpur Road,20,3,fog,82,0.8122
17,Dwarka-CBS Road,20,1,rain,97,1.0
9,Commissioner Office Road,2,4,fog,14,0.1556
27,Sharanpur Road,20,0,rain,65,0.876
3,CBS-Canada Road,22,1,clear,26,0.2293
5,Panchavati Road,16,2,clear,21,0.1657
28,Trimbak Road,20,3,clear,73,0.6619
21,Ambad-Phata Road,1,5,clear,11,0.0959
28,Trimbak Road,4,3,clear,14,0.1629
1,MG Road,19,6,rain,51,0.5842
1,MG Road,6,5,clear,33,0.2591
12,Mhasrul Road,14,3,clear,51,0.4617
19,MIDC Road,12,6,rain,32,0.3536
1,MG Road,0,4,clear,12,0.1444
13,Nashik Phata Road,4,0,clear,14,0.1618
6,College Road,10,3,fog,77,0.8192
2,Sharanpur Road,8,1,clear,76,0.6585
10,Nashik Phata Road,7,3,clear,42,0.3376
29,Pathardi Road,19,5,rain,63,0.6632
13,Nashik Phata Road,17,2,clear,68,0.6267
23,Deolali Road,6,2,fog,54,0.4735
10,Nashik Phata Road,12,5,rain,31,0.3744
17,Dwarka-CBS Road,8,1,clear,95,0.7405
18,Ambad Link Road,5,1,clear,15,0.1504
3,CBS-Canada Road,17,3,fog,96,0.8843
1,MG Road,1,1,clear,5,0.1206
10,Nashik Phata Road,16,1,clear,21,0.1883
29,Pathardi Road,8,1,clear,64,0.5885
17,Dwarka-CBS Road,6,5,rain,32,0.3246
19,MIDC Road,0,1,rain,8,0.1939
11,Trimbak Road,23,5,rain,24,0.2738
24,Pathardi Road,18,1,clear,93,0.7649
24,Pathardi Road,11,6,clear,4,0.0625
23,Deolali Road,6,2,clear,41,0.353
21,Ambad-Phata Road,8,0,clear,80,0.7101
6,College Road,5,4,clear,12,0.1648
14,Satpur Road,4,6,clear,12,0.0883
11,Trimbak Road,22,3,clear,24,0.2228
8,Indira Nagar Road,7,0,rain,49,0.5084
14,Satpur Road,20,6,clear,54,0.4445
11,Trimbak Road,1,3,rain,18,0.2191
22,Nashik-Mumbai Road,4,3,clear,7,0.1038
17,Dwarka-CBS Road,8,2,fog,64,0.7259
11,Trimbak Road,18,4,clear,88,0.6976
3,CBS-Canada Road,9,3,clear,86,0.7245
29,Pathardi Road,7,0,clear,49,0.3817
23,Deolali Road,12,4,clear,65,0.4894
5,Panchavati Road,4,3,clear,20,0.1804
27,Sharanpur Road,2,1,clear,7,0.1326
12,Mhasrul Road,15,1,rain,24,0.2891
7,Gangapur Road,3,3,rain,18,0.2058
23,Deolali Road,1,5,clear,5,0.0771
6,College Road,8,5,clear,45,0.3671
21,Ambad-Phata Road,9,4,rain,81,0.8699
16,Pathardi Road,5,5,clear,8,0.0878
17,Dwarka-CBS Road,0,1,clear,7,0.1053
23,Deolali Road,11,4,clear,10,0.1183
13,Nashik Phata Road,10,5,clear,62,0.4464
21,Ambad-Phata Road,14,6,clear,32,0.2981
30,Agra Road,21,0,clear,32,0.2725
26,Mhasrul Link,19,2,fog,69,0.7785
11,Trimbak Road,3,0,clear,8,0.1337
10,Nashik Phata Road,2,4,rain,12,0.1697
26,Mhasrul Link,18,4,clear,91,0.7444
26,Mhasrul Link,3,2,clear,19,0.1739
12,Mhasrul Road,23,3,clear,26,0.2675
11,Trimbak Road,1,5,fog,3,0.0625
21,Ambad-Phata Road,23,3,clear,39,0.3135
7,Gangapur Road,15,3,clear,12,0.128
23,Deolali Road,7,0,clear,54,0.4299
18,Ambad Link Road,8,0,fog,65,0.7537
22,Nashik-Mumbai Road,5,0,fog,11,0.1634
23,Deolali Road,12,5,rain,29,0.3403
23,Deolali Road,16,0,clear,7,0.1428
23,Deolali Road,0,3,rain,9,0.166
4,Old Pune Road,21,6,clear,12,0.1616
21,Ambad-Phata Road,12,2,rain,59,0.5945
6,College Road,7,1,rain,30,0.3777
2,Sharanpur Road,16,6,clear,11,0.1012
2,Sharanpur Road,10,0,fog,93,0.9117
5,Panchavati Road,22,5,rain,24,0.2747
16,Pathardi Road,8,6,clear,44,0.4338
22,Nashik-Mumbai Road,5,5,clear,4,0.0685
8,Indira Nagar Road,7,0,fog,44,0.4554
28,Trimbak Road,6,1,clear,53,0.4162
3,CBS-Canada Road,5,5,rain,11,0.1343
14,Satpur Road,18,6,rain,57,0.6182
14,Satpur Road,23,2,rain,26,0.301
24,Pathardi Road,12,1,clear,56,0.4655
22,Nashik-Mumbai Road,5,2,clear,21,0.1907
23,Deolali Road,0,0,clear,15,0.164
18,Ambad Link Road,11,4,rain,13,0.1742
23,Deolali Road,20,4,clear,76,0.6976
30,Agra Road,9,5,rain,51,0.5703
20,Industrial Road,8,1,rain,97,1.0
14,Satpur Road,2,0,rain,12,0.1718
20,Industrial Road,9,0,clear,66,0.6079
3,CBS-Canada Road,23,3,clear,31,0.2384
2,Sharanpur Road,13,3,clear,53,0.4261
23,Deolali Road,7,6,clear,27,0.2313
12,Mhasrul Road,9,6,clear,55,0.4664
23,Deolali Road,11,3,fog,9,0.1412
7,Gangapur Road,12,5,clear,26,0.2601
2,Sharanpur Road,7,3,clear,34,0.3348
21,Ambad-Phata Road,12,6,fog,35,0.357
12,Mhasrul Road,19,6,rain,46,0.5234
2,Sharanpur Road,5,2,fog,14,0.1503
9,Commissioner Office Road,20,0,rain,68,0.8466
11,Trimbak Road,20,0,clear,67,0.6599
11,Trimbak Road,16,2,clear,10,0.1662
11,Trimbak Road,6,4,rain,43,0.4449
8,Indira Nagar Road,20,0,clear,71,0.637
8,Indira Nagar Road,4,0,clear,23,0.1955
5,Panchavati Road,6,1,clear,51,0.4187
21,Ambad-Phata Road,6,4,clear,36,0.3152
9,Commissioner Office Road,16,1,rain,17,0.2126
20,Industrial Road,5,4,rain,23,0.2261
13,Nashik Phata Road,19,5,clear,46,0.4205
8,Indira Nagar Road,11,0,clear,11,0.1544
30,Agra Road,4,2,rain,12,0.1803
17,Dwarka-CBS Road,13,0,fog,42,0.4417
6,College Road,13,5,rain,44,0.423
23,Deolali Road,14,5,fog,35,0.3218
28,Trimbak Road,4,6,fog,11,0.1248
1,MG Road,19,3,fog,77,0.8262
14,Satpur Road,11,6,clear,15,0.1231
22,Nashik-Mumbai Road,14,5,rain,39,0.4068
4,Old Pune Road,17,0,clear,92,0.7527
24,Pathardi Road,10,0,rain,96,0.9741
29,Pathardi Road,3,3,clear,22,0.1962
27,Sharanpur Road,15,1,clear,5,0.1034
10,Nashik Phata Road,1,1,clear,5,0.1244
12,Mhasrul Road,0,5,rain,4,0.1087
16,Pathardi Road,11,0,clear,10,0.144
2,Sharanpur Road,9,2,clear,67,0.6373
30,Agra Road,12,6,clear,31,0.278
15,Cidco Road,15,3,rain,14,0.2017
23,Deolali Road,16,1,clear,8,0.1161
4,Old Pune Road,17,5,clear,56,0.4916
27,Sharanpur Road,13,0,clear,42,0.3668
1,MG Road,18,3,clear,76,0.6524
1,MG Road,2,6,rain,12,0.169
10,Nashik Phata Road,10,3,clear,77,0.6849
16,Pathardi Road,1,3,clear,18,0.1505
15,Cidco Road,19,2,rain,95,1.0
17,Dwarka-CBS Road,10,2,rain,67,0.837
18,Ambad Link Road,6,5,clear,20,0.2214
22,Nashik-Mumbai Road,2,4,clear,14,0.1536
26,Mhasrul Link,7,6,clear,30,0.2465
2,Sharanpur Road,19,2,clear,98,0.7779
30,Agra Road,5,0,clear,22,0.2113
16,Pathardi Road,11,4,clear,11,0.1477
19,MIDC Road,4,2,clear,22,0.1887
25,Agra Road,8,0,clear,97,0.7549
18,Ambad Link Road,11,3,fog,9,0.1432
17,Dwarka-CBS Road,22,6,clear,13,0.1662
3,CBS-Canada Road,23,3,clear,37,0.2825
1,MG Road,16,6,rain,13,0.1781
18,Ambad Link Road,3,0,clear,16,0.1504
21,Ambad-Phata Road,0,4,clear,16,0.1658
2,Sharanpur Road,0,3,rain,21,0.2339
6,College Road,11,3,clear,19,0.1605
17,Dwarka-CBS Road,13,2,fog,52,0.5232
30,Agra Road,2,3,rain,22,0.223
26,Mhasrul Link,16,3,clear,15,0.1602
4,Old Pune Road,10,0,rain,80,0.8539
5,Panchavati Road,7,2,fog,38,0.3974
16,Pathardi Road,2,1,clear,12,0.1186
12,Mhasrul Road,20,4,clear,83,0.6882
26,Mhasrul Link,12,5,rain,42,0.421
10,Nashik Phata Road,5,4,clear,6,0.1111
19,MIDC Road,18,0,rain,84,0.9041
5,Panchavati Road,17,4,clear,83,0.7192
13,Nashik Phata Road,22,0,clear,16,0.2062
13,Nashik Phata Road,21,2,clear,37,0.2776
26,Mhasrul Link,2,1,clear,13,0.1422
28,Trimbak Road,23,2,clear,21,0.2158
24,Pathardi Road,1,4,clear,19,0.1803
15,Cidco Road,7,1,rain,42,0.4985
1,MG Road,11,4,clear,22,0.1951
22,Nashik-Mumbai Road,10,4,fog,72,0.7013
14,Satpur Road,22,0,clear,29,0.2193
18,Ambad Link Road,6,5,clear,27,0.2432
21,Ambad-Phata Road,3,3,clear,12,0.1743
9,Commissioner Office Road,12,5,clear,39,0.3095
6,College Road,23,1,fog,29,0.3022
13,Nashik Phata Road,11,0,clear,11,0.1196
23,Deolali Road,18,5,rain,59,0.6816
4,Old Pune Road,16,6,rain,5,0.1397
21,Ambad-Phata Road,15,6,clear,14,0.1212
21,Ambad-Phata Road,8,3,rain,95,1.0
28,Trimbak Road,12,0,clear,47,0.3906
25,Agra Road,10,4,clear,81,0.6778
19,MIDC Road,12,2,clear,41,0.3764
6,College Road,1,4,clear,8,0.1215
17,Dwarka-CBS Road,19,3,rain,90,1.0
24,Pathardi Road,8,1,clear,90,0.6988
30,Agra Road,20,2,rain,99,1.0
6,College Road,6,1,clear,50,0.417
15,Cidco Road,0,2,clear,21,0.1604
8,Indira Nagar Road,10,3,clear,80,0.6434
10,Nashik Phata Road,9,0,rain,61,0.8387
2,Sharanpur Road,15,5,rain,4,0.0924
30,Agra Road,11,6,clear,9,0.0979
21,Ambad-Phata Road,2,0,rain,16,0.1937
24,Pathardi Road,19,2,clear,70,0.6241
9,Commissioner Office Road,20,3,clear,83,0.6978
25,Agra Road,10,4,rain,71,0.8437
24,Pathardi Road,23,5,rain,14,0.1664
4,Old Pune Road,16,3,clear,17,0.1528
9,Commissioner Office Road,21,2,clear,35,0.2789
8,Indira Nagar Road,5,1,rain,15,0.2363
14,Satpur Road,18,0,clear,85,0.6863
14,Satpur Road,4,3,clear,6,0.1193
14,Satpur Road,2,5,fog,8,0.136
29,Pathardi Road,1,3,clear,14,0.1674
26,Mhasrul Link,22,5,clear,13,0.1293
9,Commissioner Office Road,11,2,clear,16,0.1431
6,College Road,10,1,fog,70,0.7704
20,Industrial Road,22,0,rain,32,0.358
8,Indira Nagar Road,3,2,clear,12,0.1325
27,Sharanpur Road,12,5,fog,30,0.3207
23,Deolali Road,6,3,clear,37,0.3155
25,Agra Road,9,5,clear,52,0.4197
29,Pathardi Road,6,4,clear,40,0.3382
26,Mhasrul Link,3,2,clear,5,0.0893
4,Old Pune Road,22,0,rain,16,0.2456
4,Old Pune Road,5,2,rain,13,0.1734
18,Ambad Link Road,22,5,clear,24,0.213
10,Nashik Phata Road,20,5,clear,43,0.4021
17,Dwarka-CBS Road,12,2,clear,61,0.4863
16,Pathardi Road,18,5,rain,61,0.639
20,Industrial Road,15,3,clear,22,0.2201
1,MG Road,23,6,rain,17,0.239
27,Sharanpur Road,23,5,clear,22,0.16
25,Agra Road,13,0,rain,44,0.5532
27,Sharanpur Road,2,5,clear,3,0.1036
21,Ambad-Phata Road,18,4,clear,96,0.7518
1,MG Road,23,1,clear,30,0.2567
23,Deolali Road,17,4,fog,83,0.8222
8,Indira Nagar Road,23,1,clear,35,0.279
4,Old Pune Road,2,0,rain,21,0.2324
13,Nashik Phata Road,8,0,clear,78,0.6696
4,Old Pune Road,6,0,clear,37,0.3311
29,Pathardi Road,16,5,rain,3,0.0879
5,Panchavati Road,13,2,rain,53,0.5381
4,Old Pune Road,8,1,fog,98,0.8394
25,Agra Road,14,1,clear,47,0.3765
5,Panchavati Road,13,0,rain,58,0.6088
3,CBS-Canada Road,0,3,clear,18,0.1886
14,Satpur Road,13,4,clear,69,0.5192
10,Nashik Phata Road,11,6,rain,5,0.1383
14,Satpur Road,13,2,fog,59,0.5848
7,Gangapur Road,23,5,rain,18,0.2068
8,Indira Nagar Road,23,5,clear,24,0.2149
3,CBS-Canada Road,11,3,clear,17,0.1583
14,Satpur Road,12,0,clear,58,0.4377
5,Panchavati Road,8,2,fog,60,0.6916
30,Agra Road,1,2,clear,22,0.1907
14,Satpur Road,10,6,clear,41,0.4101
11,Trimbak Road,1,1,clear,6,0.1012
8,Indira Nagar Road,6,0,fog,48,0.4058
13,Nashik Phata Road,15,5,clear,7,0.1088
1,MG Road,15,0,clear,6,0.1269
5,Panchavati Road,17,2,fog,90,0.9054
5,Panchavati Road,18,0,fog,76,0.7801
13,Nashik Phata Road,17,5,clear,55,0.4497
27,Sharanpur Road,3,0,clear,9,0.1341
7,Gangapur Road,3,1,clear,19,0.1672
20,Industrial Road,23,1,clear,37,0.2711
14,Satpur Road,17,3,clear,72,0.6374
12,Mhasrul Road,15,1,rain,11,0.1589
8,Indira Nagar Road,15,3,fog,20,0.2099
2,Sharanpur Road,10,3,clear,72,0.671
6,College Road,13,2,clear,61,0.4351
25,Agra Road,13,4,clear,45,0.3674
28,Trimbak Road,6,6,clear,20,0.1977
27,Sharanpur Road,1,3,clear,6,0.1119
8,Indira Nagar Road,16,5,clear,5,0.0775
11,Trimbak Road,0,5,rain,3,0.1027
6,College Road,5,4,clear,9,0.1126
6,College Road,4,1,clear,17,0.1399
4,Old Pune Road,12,1,clear,46,0.448
8,Indira Nagar Road,11,1,rain,24,0.2731
8,Indira Nagar Road,13,3,clear,49,0.4059
24,Pathardi Road,2,1,fog,13,0.1529
16,Pathardi Road,13,3,clear,47,0.42
9,Commissioner Office Road,11,4,clear,12,0.1427
28,Trimbak Road,15,1,rain,8,0.1703
24,Pathardi Road,0,4,clear,15,0.1482
26,Mhasrul Link,5,2,rain,11,0.1894
19,MIDC Road,17,3,fog,88,0.8408
17,Dwarka-CBS Road,20,0,rain,98,1.0
4,Old Pune Road,11,2,clear,10,0.1148
2,Sharanpur Road,12,6,clear,27,0.286
11,Trimbak Road,2,3,clear,20,0.2007
12,Mhasrul Road,9,1,clear,64,0.6246
17,Dwarka-CBS Road,0,6,rain,9,0.1555
4,Old Pune Road,3,3,rain,8,0.1765
30,Agra Road,13,2,fog,52,0.5581
2,Sharanpur Road,19,1,clear,71,0.6645
30,Agra Road,19,0,clear,80,0.7091
29,Pathardi Road,9,5,clear,56,0.4699
27,Sharanpur Road,1,2,clear,16,0.1779
13,Nashik Phata Road,14,1,fog,40,0.4138
9,Commissioner Office Road,23,0,clear,37,0.271
28,Trimbak Road,23,4,rain,34,0.3767
4,Old Pune Road,9,6,clear,53,0.4533
3,CBS-Canada Road,16,6,clear,3,0.0931
25,Agra Road,6,2,clear,33,0.3197
19,MIDC Road,14,2,clear,50,0.4064
15,Cidco Road,3,0,clear,16,0.1247
26,Mhasrul Link,19,3,clear,87,0.7031
20,Industrial Road,21,0,fog,17,0.2237
27,Sharanpur Road,14,3,fog,48,0.5261
9,Commissioner Office Road,15,5,clear,11,0.1075
23,Deolali Road,8,0,clear,72,0.5996
13,Nashik Phata Road,23,1,rain,21,0.253
3,CBS-Canada Road,12,6,rain,39,0.3947
6,College Road,9,1,clear,80,0.6744
26,Mhasrul Link,0,0,clear,13,0.1226
4,Old Pune Road,3,0,rain,21,0.2356
25,Agra Road,19,5,rain,50,0.5727
9,Commissioner Office Road,4,0,fog,9,0.1438
19,MIDC Road,20,5,clear,51,0.4249
23,Deolali Road,2,4,clear,23,0.2051
12,Mhasrul Road,23,2,rain,38,0.3633
18,Ambad Link Road,21,5,clear,12,0.1433
13,Nashik Phata Road,4,6,fog,5,0.1124
23,Deolali Road,11,3,rain,13,0.2038
24,Pathardi Road,7,6,clear,26,0.2309
17,Dwarka-CBS Road,18,4,clear,88,0.7324
22,Nashik-Mumbai Road,8,0,clear,91,0.7063
12,Mhasrul Road,9,1,rain,96,0.9873
24,Pathardi Road,17,1,fog,82,0.8457
12,Mhasrul Road,7,5,clear,20,0.2157
28,Trimbak Road,16,6,rain,11,0.1325
23,Deolali Road,6,5,rain,22,0.3007
3,CBS-Canada Road,9,0,clear,85,0.6929
4,Old Pune Road,19,4,clear,73,0.6508
13,Nashik Phata Road,0,4,clear,10,0.1148
24,Pathardi Road,7,0,rain,53,0.5089
30,Agra Road,11,5,rain,14,0.1785
25,Agra Road,14,0,rain,44,0.5599
24,Pathardi Road,2,3,clear,7,0.1273
2,Sharanpur Road,0,4,clear,22,0.1928
1,MG Road,14,0,clear,40,0.3503
29,Pathardi Road,4,2,clear,16,0.1774
17,Dwarka-CBS Road,16,3,clear,7,0.1264
7,Gangapur Road,9,0,rain,99,1.0
24,Pathardi Road,9,2,clear,62,0.621
13,Nashik Phata Road,23,2,fog,37,0.337
25,Agra Road,19,3,clear,86,0.7304
18,Ambad Link Road,19,5,fog,47,0.4901
26,Mhasrul Link,0,0,clear,22,0.1569
22,Nashik-Mumbai Road,11,4,rain,11,0.1732
5,Panchavati Road,5,0,clear,6,0.1051
14,Satpur Road,8,3,clear,76,0.6778
11,Trimbak Road,2,5,clear,7,0.0828
30,Agra Road,23,6,clear,14,0.1296
17,Dwarka-CBS Road,2,0,clear,21,0.1966
10,Nashik Phata Road,0,1,clear,23,0.1965
22,Nashik-Mumbai Road,0,5,fog,11,0.1359
2,Sharanpur Road,5,0,clear,16,0.1669
11,Trimbak Road,19,5,fog,59,0.551
26,Mhasrul Link,0,4,fog,18,0.1732
2,Sharanpur Road,22,1,clear,22,0.2184
7,Gangapur Road,4,5,rain,9,0.1431
13,Nashik Phata Road,3,1,clear,23,0.1794
21,Ambad-Phata Road,22,5,clear,25,0.2211
22,Nashik-Mumbai Road,15,2,rain,18,0.2242
29,Pathardi Road,16,5,clear,9,0.1016
28,Trimbak Road,11,3,rain,21,0.222
5,Panchavati Road,5,0,fog,7,0.1475
8,Indira Nagar Road,15,4,clear,6,0.1264
14,Satpur Road,4,5,fog,3,0.1057
16,Pathardi Road,20,4,clear,83,0.6827
20,Industrial Road,7,1,fog,49,0.4669
28,Trimbak Road,9,5,rain,55,0.5785
22,Nashik-Mumbai Road,5,6,rain,9,0.1006
22,Nashik-Mumbai Road,13,3,rain,45,0.5768
24,Pathardi Road,4,6,clear,13,0.1342
9,Commissioner Office Road,10,3,clear,98,0.7708
19,MIDC Road,21,5,clear,16,0.1417
19,MIDC Road,6,4,rain,33,0.4295
28,Trimbak Road,14,2,clear,54,0.442
5,Panchavati Road,14,1,clear,47,0.4262
15,Cidco Road,13,0,fog,43,0.4694
1,MG Road,10,1,clear,82,0.6969
10,Nashik Phata Road,4,5,rain,5,0.1293
29,Pathardi Road,4,4,fog,9,0.1191
20,Industrial Road,22,5,fog,22,0.2138
5,Panchavati Road,22,5,clear,13,0.1277
21,Ambad-Phata Road,11,0,clear,11,0.1462
22,Nashik-Mumbai Road,22,6,clear,15,0.174
7,Gangapur Road,23,3,clear,31,0.2911
25,Agra Road,22,5,rain,20,0.2141
28,Trimbak Road,11,2,clear,11,0.1636
7,Gangapur Road,3,6,clear,14,0.116
28,Trimbak Road,0,2,clear,6,0.1029
11,Trimbak Road,13,5,clear,40,0.2848
10,Nashik Phata Road,22,3,rain,19,0.3086
21,Ambad-Phata Road,0,5,fog,11,0.1235
24,Pathardi Road,11,4,fog,24,0.224
14,Satpur Road,11,4,clear,7,0.1338
16,Pathardi Road,5,2,clear,23,0.2138
11,Trimbak Road,19,3,clear,87,0.7235
24,Pathardi Road,7,0,clear,30,0.2741
1,MG Road,21,4,clear,17,0.1629
15,Cidco Road,3,2,rain,24,0.265
7,Gangapur Road,3,5,clear,9,0.1011
18,Ambad Link Road,9,6,rain,54,0.605
16,Pathardi Road,5,4,clear,12,0.1519
20,Industrial Road,0,2,clear,18,0.1795
28,Trimbak Road,6,0,clear,49,0.4104
29,Pathardi Road,7,2,clear,42,0.3248
14,Satpur Road,6,2,clear,38,0.3131
17,Dwarka-CBS Road,7,5,rain,32,0.3473
17,Dwarka-CBS Road,6,5,rain,27,0.2876
9,Commissioner Office Road,4,2,rain,16,0.2109
26,Mhasrul Link,12,3,clear,52,0.4258
26,Mhasrul Link,18,4,clear,77,0.7356
26,Mhasrul Link,23,2,fog,21,0.2452
10,Nashik Phata Road,8,3,rain,88,0.9119
26,Mhasrul Link,5,5,clear,9,0.0977
17,Dwarka-CBS Road,20,5,clear,54,0.4411
3,CBS-Canada Road,22,0,clear,31,0.2491
9,Commissioner Office Road,12,6,rain,42,0.4246
7,Gangapur Road,0,1,clear,18,0.1775
9,Commissioner Office Road,14,3,clear,66,0.4945
6,College Road,14,6,clear,27,0.2481
23,Deolali Road,12,2,clear,57,0.4478
30,Agra Road,10,5,clear,39,0.3492
21,Ambad-Phata Road,18,6,fog,59,0.5785
30,Agra Road,12,6,clear,35,0.2967
12,Mhasrul Road,7,6,clear,32,0.2373
10,Nashik Phata Road,6,6,fog,29,0.2489
30,Agra Road,22,2,clear,37,0.3169
4,Old Pune Road,19,4,rain,66,0.7898
24,Pathardi Road,0,6,clear,6,0.1173
21,Ambad-Phata Road,14,5,clear,37,0.3079
25,Agra Road,14,0,clear,43,0.3708
12,Mhasrul Road,22,3,clear,35,0.2793
28,Trimbak Road,2,2,clear,9,0.1468
20,Industrial Road,21,5,rain,10,0.1895
2,Sharanpur Road,12,0,rain,47,0.5555
20,Industrial Road,0,4,rain,13,0.2001
28,Trimbak Road,5,2,rain,14,0.1619
28,Trimbak Road,17,2,clear,76,0.7049
7,Gangapur Road,2,0,clear,14,0.1658
4,Old Pune Road,19,0,clear,80,0.6714
29,Pathardi Road,2,3,clear,18,0.1403
20,Industrial Road,14,6,rain,37,0.3972
7,Gangapur Road,2,0,clear,10,0.1329
6,College Road,21,1,rain,26,0.3193
20,Industrial Road,20,5,rain,52,0.6131
26,Mhasrul Link,16,2,clear,12,0.1356
21,Ambad-Phata Road,14,2,rain,41,0.5211
23,Deolali Road,3,6,clear,7,0.0803
27,Sharanpur Road,3,6,rain,5,0.0869
28,Trimbak Road,9,0,clear,68,0.5786
18,Ambad Link Road,23,6,clear,18,0.1764
11,Trimbak Road,3,6,rain,15,0.1568
17,Dwarka-CBS Road,8,0,clear,82,0.669
23,Deolali Road,21,1,rain,15,0.2487
15,Cidco Road,6,1,rain,41,0.4353
3,CBS-Canada Road,1,1,fog,16,0.162
7,Gangapur Road,19,2,fog,91,0.8204
14,Satpur Road,18,3,clear,73,0.6516
26,Mhasrul Link,0,2,clear,9,0.1087
13,Nashik Phata Road,15,4,rain,8,0.1453
11,Trimbak Road,17,0,clear,65,0.5916
4,Old Pune Road,5,1,clear,9,0.1362
6,College Road,16,4,clear,7,0.1334
30,Agra Road,23,0,clear,24,0.2553
13,Nashik Phata Road,15,3,clear,21,0.1665
12,Mhasrul Road,5,2,clear,9,0.1356
18,Ambad Link Road,11,1,clear,8,0.1141
4,Old Pune Road,23,2,clear,29,0.263
24,Pathardi Road,5,6,clear,10,0.1035
15,Cidco Road,18,4,fog,78,0.8539
3,CBS-Canada Road,13,1,clear,48,0.3961
9,Commissioner Office Road,9,5,fog,49,0.4884
18,Ambad Link Road,4,4,fog,13,0.1267
18,Ambad Link Road,10,1,clear,95,0.7427
5,Panchavati Road,1,2,clear,9,0.1207
12,Mhasrul Road,21,4,clear,27,0.2633
17,Dwarka-CBS Road,4,5,clear,14,0.1146
17,Dwarka-CBS Road,8,0,clear,77,0.6715
14,Satpur Road,2,3,rain,9,0.1865
15,Cidco Road,10,4,fog,70,0.7458
23,Deolali Road,17,0,clear,93,0.7107
22,Nashik-Mumbai Road,6,1,clear,49,0.3707
24,Pathardi Road,1,2,clear,6,0.1457
20,Industrial Road,4,1,clear,22,0.164
13,Nashik Phata Road,8,0,clear,68,0.6189
10,Nashik Phata Road,9,5,rain,59,0.6224
24,Pathardi Road,12,5,rain,33,0.3847
11,Trimbak Road,8,2,clear,71,0.6369
22,Nashik-Mumbai Road,3,0,clear,23,0.182
26,Mhasrul Link,11,3,clear,23,0.1734
14,Satpur Road,22,0,rain,26,0.3022
20,Industrial Road,11,6,clear,14,0.1485
11,Trimbak Road,14,4,rain,47,0.5286
10,Nashik Phata Road,5,5,rain,11,0.1551
25,Agra Road,14,6,clear,32,0.2925
17,Dwarka-CBS Road,9,5,fog,62,0.5551
7,Gangapur Road,19,2,clear,74,0.6806
5,Panchavati Road,4,5,clear,5,0.1126
21,Ambad-Phata Road,2,4,rain,8,0.132
26,Mhasrul Link,16,3,clear,9,0.1232
9,Commissioner Office Road,15,0,clear,18,0.1962
10,Nashik Phata Road,11,4,clear,13,0.1516
19,MIDC Road,14,6,clear,35,0.3144
7,Gangapur Road,9,4,fog,63,0.7368
17,Dwarka-CBS Road,19,0,fog,72,0.7861
28,Trimbak Road,17,6,fog,56,0.557
4,Old Pune Road,8,2,clear,72,0.6842
1,MG Road,22,2,clear,21,0.2223
17,Dwarka-CBS Road,1,0,clear,20,0.1983
15,Cidco Road,20,1,fog,89,0.8536
15,Cidco Road,17,5,fog,64,0.5647
14,Satpur Road,1,5,fog,13,0.1104
16,Pathardi Road,7,5,fog,27,0.309
17,Dwarka-CBS Road,21,4,clear,30,0.2509
30,Agra Road,20,1,clear,82,0.7367
25,Agra Road,15,1,fog,21,0.2038
26,Mhasrul Link,5,1,rain,17,0.187
10,Nashik Phata Road,22,5,clear,17,0.147
17,Dwarka-CBS Road,10,3,clear,82,0.6799
27,Sharanpur Road,3,6,clear,14,0.109
21,Ambad-Phata Road,8,2,rain,80,0.8728
9,Commissioner Office Road,2,1,rain,7,0.1401
7,Gangapur Road,1,0,clear,7,0.1226
30,Agra Road,0,3,fog,24,0.2638
11,Trimbak Road,15,0,fog,22,0.2387
24,Pathardi Road,7,5,clear,22,0.2092
19,MIDC Road,19,4,clear,78,0.6767
19,MIDC Road,10,6,rain,61,0.6322
4,Old Pune Road,23,2,fog,28,0.2762
20,Industrial Road,21,1,fog,37,0.3488
27,Sharanpur Road,8,3,fog,94,0.835
26,Mhasrul Link,11,3,clear,12,0.1307
6,College Road,22,1,clear,32,0.2454
3,CBS-Canada Road,19,3,clear,86,0.6709
2,Sharanpur Road,8,2,clear,93,0.7604
17,Dwarka-CBS Road,8,2,rain,67,0.81
19,MIDC Road,3,1,clear,11,0.1238
3,CBS-Canada Road,6,6,clear,24,0.2036
25,Agra Road,8,4,rain,76,0.8189
29,Pathardi Road,14,1,fog,42,0.4857
22,Nashik-Mumbai Road,9,0,clear,83,0.6618
16,Pathardi Road,2,4,clear,10,0.1253
17,Dwarka-CBS Road,6,1,clear,47,0.3908
23,Deolali Road,16,4,clear,11,0.1492
21,Ambad-Phata Road,15,6,clear,11,0.0942
19,MIDC Road,10,0,rain,82,0.8913
5,Panchavati Road,7,1,clear,50,0.395
3,CBS-Canada Road,21,5,rain,13,0.169
22,Nashik-Mumbai Road,14,1,fog,43,0.4688
13,Nashik Phata Road,20,5,rain,46,0.597
5,Panchavati Road,2,1,clear,14,0.1322
1,MG Road,9,1,clear,80,0.6843
18,Ambad Link Road,6,1,clear,53,0.3968
7,Gangapur Road,19,6,rain,61,0.6337
27,Sharanpur Road,23,4,clear,17,0.1765
6,College Road,1,5,clear,9,0.1234
15,Cidco Road,10,2,clear,97,0.7243
25,Agra Road,21,4,clear,22,0.2131
12,Mhasrul Road,5,5,rain,14,0.1536
16,Pathardi Road,18,6,rain,49,0.588
3,CBS-Canada Road,13,6,clear,36,0.3109
15,Cidco Road,14,0,clear,46,0.4195
17,Dwarka-CBS Road,2,0,rain,21,0.2132
22,Nashik-Mumbai Road,15,1,clear,11,0.1081
7,Gangapur Road,1,2,clear,11,0.1129
12,Mhasrul Road,14,4,clear,54,0.4609
7,Gangapur Road,8,0,fog,95,0.8743
29,Pathardi Road,23,2,fog,34,0.3027
28,Trimbak Road,16,6,rain,14,0.1468
5,Panchavati Road,20,4,clear,88,0.7572
18,Ambad Link Road,20,3,rain,96,0.9737
19,MIDC Road,19,6,clear,50,0.4196
15,Cidco Road,10,1,clear,78,0.6892
12,Mhasrul Road,23,0,rain,35,0.3899
3,CBS-Canada Road,15,1,fog,13,0.1428
11,Trimbak Road,1,2,clear,9,0.159
23,Deolali Road,18,2,clear,83,0.702
28,Trimbak Road,10,1,clear,68,0.5789
21,Ambad-Phata Road,15,1,fog,13,0.1477
23,Deolali Road,13,3,clear,59,0.4731
17,Dwarka-CBS Road,11,4,clear,11,0.1765
21,Ambad-Phata Road,17,5,clear,55,0.4738
4,Old Pune Road,4,6,clear,9,0.0786
3,CBS-Canada Road,0,2,clear,20,0.1642
30,Agra Road,14,6,clear,44,0.3206
26,Mhasrul Link,8,6,clear,50,0.3949
24,Pathardi Road,14,3,clear,63,0.4938
23,Deolali Road,11,0,rain,24,0.2678
18,Ambad Link Road,4,5,clear,9,0.09
2,Sharanpur Road,13,3,fog,66,0.601
2,Sharanpur Road,15,5,rain,7,0.0976
1,MG Road,4,5,clear,14,0.1462
1,MG Road,19,2,clear,71,0.6989
7,Gangapur Road,12,3,fog,47,0.5142
25,Agra Road,16,6,rain,12,0.1401
17,Dwarka-CBS Road,2,6,clear,6,0.1085
10,Nashik Phata Road,13,0,clear,46,0.3939
18,Ambad Link Road,18,4,clear,75,0.6583
27,Sharanpur Road,4,4,clear,12,0.177
23,Deolali Road,15,4,clear,12,0.1706
8,Indira Nagar Road,20,5,clear,53,0.4721
14,Satpur Road,8,1,clear,80,0.6362
11,Trimbak Road,4,3,rain,7,0.1571
29,Pathardi Road,18,4,clear,88,0.7192
16,Pathardi Road,21,0,clear,32,0.2487
4,Old Pune Road,17,0,rain,72,0.8826
18,Ambad Link Road,5,6,rain,5,0.0872
25,Agra Road,18,1,fog,89,0.8617
25,Agra Road,18,6,clear,51,0.4098
30,Agra Road,16,5,clear,11,0.119
20,Industrial Road,12,6,clear,40,0.325
15,Cidco Road,2,3,rain,10,0.1965
20,Industrial Road,23,6,rain,17,0.2161
21,Ambad-Phata Road,16,6,clear,4,0.1106
22,Nashik-Mumbai Road,18,3,clear,72,0.6512
20,Industrial Road,18,3,clear,88,0.7653
14,Satpur Road,16,0,clear,19,0.2028
24,Pathardi Road,23,6,rain,23,0.2674
22,Nashik-Mumbai Road,0,3,clear,22,0.1835
2,Sharanpur Road,1,5,clear,9,0.1014
10,Nashik Phata Road,22,4,clear,17,0.2157
27,Sharanpur Road,19,2,clear,74,0.6444
19,MIDC Road,10,2,rain,87,0.9263
15,Cidco Road,1,5,clear,8,0.0965
16,Pathardi Road,7,3,fog,52,0.4666
7,Gangapur Road,10,2,clear,74,0.6645
9,Commissioner Office Road,10,0,clear,85,0.6761
15,Cidco Road,17,2,rain,75,0.932
25,Agra Road,0,6,rain,14,0.1577
6,College Road,12,2,rain,51,0.6097
15,Cidco Road,12,1,clear,61,0.484
20,Industrial Road,21,0,rain,22,0.2492
23,Deolali Road,17,0,clear,74,0.6495
12,Mhasrul Road,11,2,clear,15,0.1204
9,Commissioner Office Road,9,4,clear,94,0.7794
19,MIDC Road,17,1,clear,74,0.6578
9,Commissioner Office Road,9,5,clear,57,0.4615
12,Mhasrul Road,7,0,clear,40,0.3443
11,Trimbak Road,5,5,clear,14,0.1306
20,Industrial Road,17,1,clear,66,0.6752
19,MIDC Road,3,0,rain,21,0.254
3,CBS-Canada Road,9,1,clear,85,0.7234
26,Mhasrul Link,8,0,rain,64,0.7441
25,Agra Road,15,0,rain,21,0.2596
28,Trimbak Road,13,3,fog,56,0.5553
3,CBS-Canada Road,6,2,fog,36,0.4276
1,MG Road,21,4,clear,31,0.2603
30,Agra Road,1,0,fog,24,0.2322
14,Satpur Road,7,6,clear,19,0.2019
1,MG Road,4,3,rain,18,0.1889
30,Agra Road,14,2,fog,63,0.5715
25,Agra Road,22,6,clear,14,0.1358
15,Cidco Road,18,5,clear,45,0.3958
25,Agra Road,5,0,fog,17,0.1629
15,Cidco Road,22,3,clear,22,0.2
1,MG Road,15,1,fog,12,0.1683
25,Agra Road,15,6,clear,3,0.0579
19,MIDC Road,1,0,clear,11,0.1053
26,Mhasrul Link,21,2,rain,30,0.3402
2,Sharanpur Road,20,6,clear,58,0.4392
22,Nashik-Mumbai Road,16,1,clear,20,0.1635
20,Industrial Road,3,2,clear,18,0.1494
27,Sharanpur Road,10,3,clear,83,0.6778
4,Old Pune Road,16,1,fog,21,0.1939
21,Ambad-Phata Road,3,5,clear,6,0.0837
25,Agra Road,5,5,clear,13,0.1027
5,Panchavati Road,10,4,rain,85,0.8778
11,Trimbak Road,12,2,fog,66,0.6042
26,Mhasrul Link,19,5,clear,54,0.4316
17,Dwarka-CBS Road,1,4,fog,17,0.1659
1,MG Road,8,2,rain,94,1.0
7,Gangapur Road,23,4,clear,27,0.2242
14,Satpur Road,5,1,clear,16,0.1656
11,Trimbak Road,13,3,clear,63,0.483
19,MIDC Road,17,2,clear,92,0.7807
2,Sharanpur Road,6,4,fog,31,0.3788
21,Ambad-Phata Road,7,0,clear,32,0.3227
6,College Road,12,5,clear,36,0.2759
20,Industrial Road,10,1,clear,62,0.5519
27,Sharanpur Road,6,6,fog,31,0.2549
14,Satpur Road,20,3,clear,81,0.7223
4,Old Pune Road,0,5,clear,3,0.0989
12,Mhasrul Road,21,3,clear,33,0.2373
24,Pathardi Road,5,5,clear,7,0.0812
3,CBS-Canada Road,19,5,clear,50,0.4247
19,MIDC Road,5,6,clear,5,0.0851
13,Nashik Phata Road,12,3,fog,68,0.5561
11,Trimbak Road,18,0,clear,66,0.6289
1,MG Road,17,5,rain,45,0.5631
7,Gangapur Road,21,4,clear,22,0.2037
20,Industrial Road,10,5,rain,43,0.5577
26,Mhasrul Link,9,2,clear,68,0.6709
19,MIDC Road,9,4,fog,70,0.7751
17,Dwarka-CBS Road,16,3,rain,8,0.1544
10,Nashik Phata Road,17,6,clear,44,0.4232
2,Sharanpur Road,12,6,clear,32,0.2809
22,Nashik-Mumbai Road,15,5,clear,8,0.0771
17,Dwarka-CBS Road,5,3,clear,19,0.1928
19,MIDC Road,22,1,clear,21,0.2483
9,Commissioner Office Road,12,1,rain,50,0.5284
16,Pathardi Road,19,4,rain,70,0.8553
28,Trimbak Road,12,1,rain,57,0.5798
24,Pathardi Road,21,4,clear,35,0.2532
30,Agra Road,18,6,clear,61,0.463
27,Sharanpur Road,18,5,clear,49,0.4156
22,Nashik-Mumbai Road,18,4,clear,95,0.7517
9,Commissioner Office Road,16,6,rain,9,0.1349
15,Cidco Road,9,2,clear,63,0.5858
10,Nashik Phata Road,21,4,clear,18,0.2034
30,Agra Road,0,4,clear,9,0.1358
1,MG Road,17,5,clear,59,0.4453
21,Ambad-Phata Road,8,2,clear,81,0.6541
29,Pathardi Road,6,2,rain,39,0.4515
3,CBS-Canada Road,15,5,rain,7,0.1126
7,Gangapur Road,0,1,clear,21,0.1643
23,Deolali Road,18,4,fog,88,0.8428
24,Pathardi Road,14,1,rain,41,0.5324
4,Old Pune Road,21,1,clear,18,0.2124
20,Industrial Road,22,3,clear,32,0.247
17,Dwarka-CBS Road,2,4,rain,18,0.2156
14,Satpur Road,13,4,rain,59,0.5907
24,Pathardi Road,22,1,clear,38,0.2997
5,Panchavati Road,6,1,clear,41,0.3388
4,Old Pune Road,2,3,clear,10,0.1146
4,Old Pune Road,13,6,rain,39,0.4042
7,Gangapur Road,17,3,clear,69,0.6312
7,Gangapur Road,14,2,clear,49,0.4558
8,Indira Nagar Road,14,1,clear,61,0.4314
8,Indira Nagar Road,16,2,rain,18,0.1981
25,Agra Road,1,4,clear,22,0.2044
9,Commissioner Office Road,12,6,clear,39,0.3181
19,MIDC Road,16,0,clear,19,0.1664
25,Agra Road,20,0,clear,87,0.7101
7,Gangapur Road,4,1,clear,19,0.1867
13,Nashik Phata Road,23,5,clear,23,0.162
8,Indira Nagar Road,18,5,clear,48,0.4275
16,Pathardi Road,12,4,fog,50,0.5248
22,Nashik-Mumbai Road,12,3,rain,50,0.5697
21,Ambad-Phata Road,15,6,rain,9,0.1129
3,CBS-Canada Road,11,6,fog,12,0.154
15,Cidco Road,1,0,clear,14,0.151
28,Trimbak Road,5,0,clear,17,0.1677
7,Gangapur Road,2,6,rain,7,0.1217
26,Mhasrul Link,1,2,rain,15,0.219
19,MIDC Road,22,4,fog,27,0.2985
21,Ambad-Phata Road,22,0,clear,25,0.2589
8,Indira Nagar Road,18,6,clear,64,0.5011
30,Agra Road,21,1,clear,35,0.268
3,CBS-Canada Road,9,4,fog,96,0.8689
24,Pathardi Road,17,1,clear,71,0.6966
2,Sharanpur Road,16,0,clear,14,0.1479
15,Cidco Road,8,1,rain,66,0.7551
12,Mhasrul Road,15,3,clear,13,0.1694
14,Satpur Road,11,3,fog,17,0.1694
1,MG Road,7,5,clear,27,0.2125
16,Pathardi Road,10,3,fog,75,0.743
6,College Road,10,3,clear,75,0.659
12,Mhasrul Road,4,0,clear,20,0.1807
23,Deolali Road,4,2,clear,18,0.1382
20,Industrial Road,12,2,clear,48,0.4122
25,Agra Road,0,5,rain,11,0.131
20,Industrial Road,4,3,clear,10,0.1097
24,Pathardi Road,2,5,clear,8,0.1167
12,Mhasrul Road,5,3,rain,7,0.1427
7,Gangapur Road,4,0,fog,24,0.2195
26,Mhasrul Link,16,1,clear,5,0.0971
24,Pathardi Road,22,4,clear,17,0.1684
22,Nashik-Mumbai Road,1,1,clear,15,0.1571
17,Dwarka-CBS Road,13,3,clear,67,0.4636
12,Mhasrul Road,10,2,clear,63,0.6023
6,College Road,7,2,clear,35,0.3428
21,Ambad-Phata Road,19,2,clear,68,0.6248
17,Dwarka-CBS Road,21,2,rain,28,0.3333
10,Nashik Phata Road,20,0,clear,79,0.6786
23,Deolali Road,22,1,rain,21,0.2922
3,CBS-Canada Road,17,0,clear,87,0.6738
5,Panchavati Road,17,6,fog,64,0.5832
20,Industrial Road,20,6,clear,45,0.4302
29,Pathardi Road,12,3,clear,64,0.4687
25,Agra Road,16,2,clear,17,0.1526
11,Trimbak Road,21,1,clear,20,0.2516
10,Nashik Phata Road,14,4,clear,45,0.4257
14,Satpur Road,11,6,rain,10,0.1446
16,Pathardi Road,17,5,clear,48,0.4317
18,Ambad Link Road,5,1,clear,13,0.17
1,MG Road,9,1,clear,62,0.5767
12,Mhasrul Road,3,2,fog,20,0.1907
21,Ambad-Phata Road,5,2,fog,6,0.1589
28,Trimbak Road,0,1,fog,6,0.1601
13,Nashik Phata Road,3,4,clear,19,0.195
12,Mhasrul Road,4,4,clear,6,0.1192
8,Indira Nagar Road,23,4,clear,37,0.2992
11,Trimbak Road,22,1,fog,19,0.2178
17,Dwarka-CBS Road,6,4,clear,38,0.3559
16,Pathardi Road,9,6,clear,60,0.4949
1,MG Road,16,0,clear,20,0.1673
2,Sharanpur Road,15,0,clear,22,0.1751
4,Old Pune Road,1,5,rain,3,0.0943
5,Panchavati Road,12,0,clear,69,0.5353
25,Agra Road,20,4,rain,92,1.0
27,Sharanpur Road,7,4,clear,36,0.3437
25,Agra Road,19,6,rain,49,0.5811
16,Pathardi Road,22,0,rain,27,0.3068
16,Pathardi Road,16,6,clear,5,0.0917
26,Mhasrul Link,17,6,clear,53,0.4669
28,Trimbak Road,13,1,clear,45,0.3868
21,Ambad-Phata Road,0,1,rain,7,0.1439
25,Agra Road,9,1,rain,89,0.9654
24,Pathardi Road,2,1,rain,7,0.169
7,Gangapur Road,16,2,fog,14,0.1945
26,Mhasrul Link,14,4,rain,68,0.6456
21,Ambad-Phata Road,7,1,clear,31,0.2891
3,CBS-Canada Road,11,5,clear,3,0.0807
1,MG Road,22,5,clear,18,0.1697
27,Sharanpur Road,22,3,clear,25,0.2307
2,Sharanpur Road,21,1,rain,36,0.3661
17,Dwarka-CBS Road,17,2,fog,89,0.909
14,Satpur Road,9,0,fog,63,0.699
24,Pathardi Road,4,1,clear,12,0.1796
13,Nashik Phata Road,13,6,clear,33,0.2894
18,Ambad Link Road,2,5,clear,11,0.1458
8,Indira Nagar Road,4,4,clear,17,0.1811
24,Pathardi Road,15,2,clear,19,0.1578
4,Old Pune Road,12,0,clear,67,0.5066
1,MG Road,14,6,clear,44,0.3113
12,Mhasrul Road,17,6,clear,45,0.4199
19,MIDC Road,23,3,rain,30,0.3489
19,MIDC Road,3,2,clear,17,0.1347
29,Pathardi Road,14,6,clear,30,0.2467
26,Mhasrul Link,8,3,fog,93,0.8704
4,Old Pune Road,23,1,fog,16,0.2519
25,Agra Road,12,0,rain,64,0.6754
29,Pathardi Road,11,0,clear,23,0.1849
24,Pathardi Road,20,0,clear,96,0.7543
6,College Road,10,3,fog,96,0.8536
24,Pathardi Road,23,2,clear,39,0.3041
9,Commissioner Office Road,21,2,rain,25,0.2652
7,Gangapur Road,23,6,fog,24,0.2404
4,Old Pune Road,12,3,clear,43,0.4252
2,Sharanpur Road,6,5,rain,29,0.3363
17,Dwarka-CBS Road,0,3,clear,16,0.1491
22,Nashik-Mumbai Road,8,0,fog,99,0.8881
22,Nashik-Mumbai Road,7,1,clear,30,0.2903
30,Agra Road,5,4,rain,23,0.2196
15,Cidco Road,8,2,fog,69,0.7524
20,Industrial Road,1,4,rain,16,0.2235
2,Sharanpur Road,22,3,clear,34,0.2758
9,Commissioner Office Road,16,0,clear,9,0.1168
22,Nashik-Mumbai Road,4,5,clear,8,0.115
23,Deolali Road,22,6,clear,13,0.1487
23,Deolali Road,19,3,clear,71,0.6316
24,Pathardi Road,15,4,clear,19,0.1732
5,Panchavati Road,11,3,clear,14,0.1904
23,Deolali Road,21,6,rain,13,0.1753
20,Industrial Road,14,4,rain,60,0.6141
1,MG Road,5,5,clear,9,0.1249
26,Mhasrul Link,4,1,clear,20,0.1948
19,MIDC Road,0,6,clear,11,0.1242
16,Pathardi Road,16,5,clear,11,0.108
28,Trimbak Road,16,0,clear,11,0.124
30,Agra Road,2,4,clear,13,0.1545
25,Agra Road,23,4,fog,38,0.334
4,Old Pune Road,22,3,clear,25,0.2718
14,Satpur Road,6,3,fog,48,0.4187
2,Sharanpur Road,22,5,clear,22,0.1982
21,Ambad-Phata Road,7,5,rain,27,0.3096
12,Mhasrul Road,3,0,clear,22,0.1669
5,Panchavati Road,11,4,clear,16,0.1746
23,Deolali Road,23,2,clear,24,0.2167
21,Ambad-Phata Road,16,3,clear,6,0.0788
2,Sharanpur Road,7,2,clear,33,0.2842
5,Panchavati Road,18,4,rain,77,0.8623
26,Mhasrul Link,22,6,clear,11,0.1119
2,Sharanpur Road,14,2,clear,68,0.5059
15,Cidco Road,7,4,rain,53,0.5243
29,Pathardi Road,19,3,clear,76,0.6444
10,Nashik Phata Road,18,1,fog,93,0.8778
29,Pathardi Road,2,6,rain,5,0.1112
28,Trimbak Road,6,3,fog,49,0.4353
13,Nashik Phata Road,10,5,clear,48,0.3838
10,Nashik Phata Road,14,2,fog,42,0.5012
14,Satpur Road,15,2,clear,7,0.1045
19,MIDC Road,23,3,clear,18,0.193
25,Agra Road,17,2,rain,76,0.8781
27,Sharanpur Road,12,0,rain,52,0.6067
8,Indira Nagar Road,6,6,fog,34,0.3028
28,Trimbak Road,1,4,rain,15,0.1814
2,Sharanpur Road,4,2,clear,13,0.1738
19,MIDC Road,17,3,fog,73,0.8351
16,Pathardi Road,13,2,clear,45,0.414
20,Industrial Road,8,2,rain,72,0.9075
24,Pathardi Road,10,2,rain,66,0.8082
3,CBS-Canada Road,11,4,clear,23,0.1886
12,Mhasrul Road,21,5,clear,22,0.2058
10,Nashik Phata Road,2,1,fog,16,0.1742
7,Gangapur Road,15,1,fog,7,0.1428
4,Old Pune Road,3,1,clear,10,0.1045
5,Panchavati Road,14,5,rain,33,0.3358
4,Old Pune Road,7,2,clear,50,0.4318
18,Ambad Link Road,12,4,clear,57,0.4208
5,Panchavati Road,4,6,rain,11,0.143
24,Pathardi Road,12,1,fog,68,0.6319
22,Nashik-Mumbai Road,19,3,fog,84,0.8255
11,Trimbak Road,23,6,rain,23,0.2191
14,Satpur Road,9,1,fog,72,0.7576
7,Gangapur Road,2,6,rain,11,0.1689
18,Ambad Link Road,21,1,clear,20,0.2326
3,CBS-Canada Road,10,4,clear,67,0.575
30,Agra Road,4,3,rain,10,0.165
13,Nashik Phata Road,4,5,clear,7,0.0959
25,Agra Road,7,4,rain,43,0.5091
13,Nashik Phata Road,22,3,rain,17,0.2847
29,Pathardi Road,18,3,clear,88,0.7264
11,Trimbak Road,11,3,rain,12,0.1825
26,Mhasrul Link,23,4,rain,26,0.3004
20,Industrial Road,18,6,rain,54,0.6306
30,Agra Road,12,4,clear,60,0.4714
19,MIDC Road,21,5,rain,24,0.2367
19,MIDC Road,22,5,clear,13,0.1632
20,Industrial Road,21,5,fog,14,0.1913
25,Agra Road,1,1,clear,14,0.1536
18,Ambad Link Road,19,4,rain,75,0.8973
7,Gangapur Road,1,6,clear,8,0.0937
23,Deolali Road,18,4,clear,99,0.7511
12,Mhasrul Road,3,3,fog,19,0.2119
3,CBS-Canada Road,17,3,clear,92,0.7766
19,MIDC Road,10,3,fog,78,0.7424
20,Industrial Road,8,3,fog,61,0.7449
19,MIDC Road,22,5,rain,25,0.2372
15,Cidco Road,12,5,rain,27,0.3564
4,Old Pune Road,15,2,clear,5,0.1073
28,Trimbak Road,4,3,clear,10,0.1292
29,Pathardi Road,22,5,rain,22,0.2411
12,Mhasrul Road,5,5,clear,13,0.1083
26,Mhasrul Link,6,6,rain,29,0.3489
29,Pathardi Road,5,1,fog,10,0.1858
15,Cidco Road,11,2,clear,19,0.1565
11,Trimbak Road,10,3,clear,89,0.755
11,Trimbak Road,18,5,clear,63,0.4922
7,Gangapur Road,7,5,clear,27,0.2364
23,Deolali Road,3,1,clear,24,0.206
9,Commissioner Office Road,16,4,rain,11,0.1965
9,Commissioner Office Road,0,1,clear,20,0.2158
1,MG Road,21,4,fog,38,0.3464
3,CBS-Canada Road,12,5,clear,35,0.3243
18,Ambad Link Road,2,4,clear,17,0.163
10,Nashik Phata Road,17,6,clear,47,0.3844
7,Gangapur Road,22,4,rain,29,0.3251
1,MG Road,5,6,rain,3,0.1114
4,Old Pune Road,20,5,clear,49,0.4676
16,Pathardi Road,20,3,clear,84,0.7388
2,Sharanpur Road,1,1,clear,5,0.0767
10,Nashik Phata Road,18,0,fog,95,0.9032
29,Pathardi Road,8,6,clear,48,0.4354
26,Mhasrul Link,13,3,clear,43,0.3602
2,Sharanpur Road,3,3,rain,19,0.215
2,Sharanpur Road,8,5,rain,41,0.4847
24,Pathardi Road,18,2,clear,82,0.6599
14,Satpur Road,14,2,fog,42,0.4278
3,CBS-Canada Road,5,5,clear,6,0.0839
24,Pathardi Road,13,2,clear,67,0.5095
11,Trimbak Road,3,0,clear,17,0.1847
8,Indira Nagar Road,11,2,clear,14,0.1497
24,Pathardi Road,16,3,clear,16,0.1681
22,Nashik-Mumbai Road,15,3,clear,15,0.1429
6,College Road,8,5,fog,40,0.454
4,Old Pune Road,8,6,clear,57,0.4802
1,MG Road,11,0,clear,11,0.1251
25,Agra Road,14,0,rain,44,0.4762
20,Industrial Road,9,6,clear,52,0.4498
29,Pathardi Road,0,5,rain,5,0.1073
4,Old Pune Road,4,2,rain,11,0.2115
21,Ambad-Phata Road,12,6,clear,31,0.2791
26,Mhasrul Link,10,3,clear,80,0.6562
14,Satpur Road,0,6,clear,14,0.1098
27,Sharanpur Road,22,3,clear,24,0.2339
4,Old Pune Road,19,1,clear,67,0.6692
30,Agra Road,17,3,rain,92,1.0
22,Nashik-Mumbai Road,2,1,clear,9,0.1608
13,Nashik Phata Road,10,2,clear,72,0.6096
5,Panchavati Road,6,3,clear,53,0.3826
16,Pathardi Road,1,3,clear,17,0.1769
25,Agra Road,18,4,rain,72,0.9099
15,Cidco Road,6,0,clear,47,0.3668
22,Nashik-Mumbai Road,6,4,rain,36,0.4344
3,CBS-Canada Road,20,5,rain,46,0.5581
26,Mhasrul Link,21,3,clear,29,0.2674
20,Industrial Road,10,5,fog,46,0.5223
26,Mhasrul Link,12,2,rain,65,0.6221
3,CBS-Canada Road,5,1,rain,21,0.2586
29,Pathardi Road,3,1,clear,17,0.1707
10,Nashik Phata Road,20,5,clear,46,0.4226
13,Nashik Phata Road,9,4,clear,62,0.6263
6,College Road,6,2,clear,33,0.3218
7,Gangapur Road,10,4,clear,98,0.7744
5,Panchavati Road,18,1,clear,69,0.6007
7,Gangapur Road,1,5,clear,5,0.0772
12,Mhasrul Road,3,6,rain,9,0.1414
3,CBS-Canada Road,18,2,clear,76,0.6848
13,Nashik Phata Road,20,1,rain,69,0.8808
13,Nashik Phata Road,13,3,rain,52,0.6099
17,Dwarka-CBS Road,6,5,fog,22,0.2151
21,Ambad-Phata Road,23,5,clear,11,0.1093
17,Dwarka-CBS Road,15,1,clear,17,0.1903
12,Mhasrul Road,19,2,clear,99,0.7903
14,Satpur Road,23,0,clear,35,0.2833
15,Cidco Road,11,0,clear,23,0.2201
2,Sharanpur Road,15,5,clear,7,0.0885
1,MG Road,0,1,clear,23,0.1911
8,Indira Nagar Road,19,6,clear,55,0.4689
29,Pathardi Road,1,0,clear,10,0.1397
16,Pathardi Road,22,6,clear,17,0.1935
1,MG Road,13,1,rain,69,0.7101
16,Pathardi Road,11,4,fog,24,0.2472
18,Ambad Link Road,3,3,rain,13,0.187
7,Gangapur Road,18,5,clear,44,0.4356
21,Ambad-Phata Road,13,6,fog,39,0.3311
2,Sharanpur Road,16,6,clear,11,0.0942
28,Trimbak Road,11,4,clear,20,0.1754
8,Indira Nagar Road,3,0,fog,23,0.2184
24,Pathardi Road,10,4,rain,70,0.8024
25,Agra Road,0,2,fog,22,0.2156
14,Satpur Road,7,6,fog,19,0.2304
4,Old Pune Road,22,2,clear,15,0.2066
11,Trimbak Road,18,4,fog,67,0.7541
25,Agra Road,18,6,clear,57,0.4932
23,Deolali Road,0,0,clear,6,0.1236
24,Pathardi Road,4,2,clear,22,0.2056
9,Commissioner Office Road,17,2,clear,99,0.7907
13,Nashik Phata Road,15,4,clear,16,0.1681
16,Pathardi Road,11,4,clear,10,0.1734
17,Dwarka-CBS Road,11,0,clear,12,0.1456
16,Pathardi Road,0,2,clear,14,0.1505
20,Industrial Road,19,0,fog,66,0.7683
7,Gangapur Road,10,1,clear,89,0.7299
21,Ambad-Phata Road,4,6,clear,3,0.0887
5,Panchavati Road,16,2,clear,10,0.1563
21,Ambad-Phata Road,23,5,clear,14,0.1339
17,Dwarka-CBS Road,4,1,rain,13,0.1816
27,Sharanpur Road,7,4,clear,41,0.3327
2,Sharanpur Road,14,6,clear,31,0.2827
8,Indira Nagar Road,12,4,clear,48,0.4108
12,Mhasrul Road,2,4,clear,21,0.1767
15,Cidco Road,23,0,rain,39,0.363
13,Nashik Phata Road,15,5,rain,14,0.1597
19,MIDC Road,5,1,clear,9,0.1056
10,Nashik Phata Road,11,4,rain,16,0.2058
19,MIDC Road,4,5,clear,7,0.1075
18,Ambad Link Road,10,1,clear,64,0.5987
1,MG Road,13,6,fog,43,0.3543
13,Nashik Phata Road,18,3,clear,75,0.6542
24,Pathardi Road,13,1,clear,56,0.451
12,Mhasrul Road,15,6,clear,7,0.106
19,MIDC Road,11,0,clear,9,0.0944
3,CBS-Canada Road,10,4,fog,92,0.8723
27,Sharanpur Road,3,0,rain,9,0.1485
21,Ambad-Phata Road,2,5,clear,13,0.1413
24,Pathardi Road,0,6,rain,14,0.1775
24,Pathardi Road,22,3,rain,37,0.3703
10,Nashik Phata Road,7,4,clear,47,0.3845
19,MIDC Road,21,0,clear,39,0.3162
4,Old Pune Road,20,3,clear,90,0.7957
4,Old Pune Road,14,3,clear,40,0.3651
19,MIDC Road,3,1,clear,15,0.1764
2,Sharanpur Road,22,2,clear,38,0.2811
13,Nashik Phata Road,13,4,clear,67,0.5068
26,Mhasrul Link,9,2,rain,99,1.0
27,Sharanpur Road,6,5,clear,33,0.2584
16,Pathardi Road,23,0,rain,35,0.3425
23,Deolali Road,9,1,clear,99,0.7633
18,Ambad Link Road,2,6,rain,9,0.159
19,MIDC Road,7,3,clear,33,0.3052
20,Industrial Road,21,6,clear,13,0.1336
6,College Road,14,6,clear,31,0.2506
25,Agra Road,21,5,rain,22,0.2082
24,Pathardi Road,21,6,rain,11,0.1537
28,Trimbak Road,0,1,clear,14,0.1516
30,Agra Road,22,3,clear,30,0.2941
22,Nashik-Mumbai Road,17,3,clear,74,0.699
26,Mhasrul Link,17,5,clear,47,0.4252
19,MIDC Road,4,5,rain,5,0.1079
24,Pathardi Road,7,0,clear,33,0.2881
7,Gangapur Road,4,6,clear,11,0.1409
10,Nashik Phata Road,9,1,clear,60,0.5755
26,Mhasrul Link,20,6,clear,43,0.3886
4,Old Pune Road,10,0,rain,67,0.8458
25,Agra Road,18,0,rain,79,0.9183
4,Old Pune Road,12,3,rain,62,0.6261
3,CBS-Canada Road,7,3,clear,34,0.3267
23,Deolali Road,9,0,clear,97,0.7544
3,CBS-Canada Road,6,3,clear,31,0.2768
8,Indira Nagar Road,12,2,clear,40,0.3836
7,Gangapur Road,8,1,fog,64,0.6757
1,MG Road,11,6,clear,11,0.1009
17,Dwarka-CBS Road,10,6,fog,52,0.4952
29,Pathardi Road,11,6,clear,8,0.1068
20,Industrial Road,22,3,clear,21,0.2224
3,CBS-Canada Road,23,3,rain,31,0.3457
14,Satpur Road,1,3,fog,14,0.1606
18,Ambad Link Road,16,5,clear,14,0.1482
7,Gangapur Road,21,0,clear,26,0.2728
16,Pathardi Road,22,2,clear,25,0.2433
30,Agra Road,12,4,clear,40,0.3811
17,Dwarka-CBS Road,22,5,clear,22,0.1805
22,Nashik-Mumbai Road,5,6,rain,14,0.1547
17,Dwarka-CBS Road,21,6,clear,23,0.1658
15,Cidco Road,20,6,clear,42,0.4241
9,Commissioner Office Road,22,3,clear,35,0.2838
25,Agra Road,11,6,clear,5,0.0688
6,College Road,13,6,fog,40,0.3762
22,Nashik-Mumbai Road,15,4,clear,9,0.1329
10,Nashik Phata Road,9,0,rain,81,0.8835
12,Mhasrul Road,16,3,rain,23,0.2437
4,Old Pune Road,2,6,rain,14,0.1401
29,Pathardi Road,17,1,clear,98,0.7535
1,MG Road,22,0,clear,37,0.2986
20,Industrial Road,15,4,rain,13,0.156
2,Sharanpur Road,12,5,rain,38,0.4035
26,Mhasrul Link,1,6,fog,7,0.1174
19,MIDC Road,4,4,fog,5,0.1309
25,Agra Road,21,2,clear,26,0.2394
3,CBS-Canada Road,6,5,fog,21,0.2423
22,Nashik-Mumbai Road,15,2,rain,20,0.2378
1,MG Road,1,3,clear,24,0.1854
12,Mhasrul Road,9,6,clear,45,0.3937
30,Agra Road,5,0,clear,14,0.1834
20,Industrial Road,8,2,clear,60,0.6168
5,Panchavati Road,11,5,clear,7,0.1018
10,Nashik Phata Road,0,0,clear,18,0.1538
23,Deolali Road,11,2,rain,24,0.2379
28,Trimbak Road,11,0,clear,7,0.126
18,Ambad Link Road,23,0,clear,30,0.288
20,Industrial Road,23,4,clear,31,0.256
18,Ambad Link Road,3,6,rain,5,0.1285
29,Pathardi Road,3,5,fog,13,0.158
27,Sharanpur Road,3,6,fog,9,0.1119
1,MG Road,8,5,clear,63,0.4872
12,Mhasrul Road,21,3,clear,30,0.2742
14,Satpur Road,1,1,fog,15,0.185
9,Commissioner Office Road,2,0,clear,15,0.1438
3,CBS-Canada Road,7,6,fog,23,0.2872
18,Ambad Link Road,18,1,clear,97,0.7794
7,Gangapur Road,23,0,clear,39,0.3174
17,Dwarka-CBS Road,17,5,fog,50,0.4946
20,Industrial Road,1,2,clear,18,0.1796
12,Mhasrul Road,14,4,clear,57,0.4506
24,Pathardi Road,4,2,clear,24,0.1928
2,Sharanpur Road,22,1,clear,25,0.2589
10,Nashik Phata Road,23,1,clear,20,0.2127
5,Panchavati Road,9,4,clear,97,0.7763
13,Nashik Phata Road,11,1,rain,9,0.1509
26,Mhasrul Link,12,0,clear,58,0.4634
23,Deolali Road,13,1,clear,62,0.5129
21,Ambad-Phata Road,19,5,clear,53,0.4439
16,Pathardi Road,13,1,clear,41,0.3892
23,Deolali Road,6,2,clear,39,0.346
4,Old Pune Road,5,6,rain,6,0.1174
2,Sharanpur Road,13,2,clear,41,0.4211
20,Industrial Road,19,0,rain,71,0.8673
24,Pathardi Road,2,5,clear,13,0.1124
9,Commissioner Office Road,21,3,fog,33,0.2994
23,Deolali Road,5,6,clear,12,0.1291
24,Pathardi Road,0,3,rain,14,0.2195
5,Panchavati Road,13,5,rain,37,0.3861
21,Ambad-Phata Road,14,0,clear,63,0.505
11,Trimbak Road,8,0,rain,74,0.8894
22,Nashik-Mumbai Road,22,2,clear,15,0.1885
21,Ambad-Phata Road,15,2,fog,15,0.1664
3,CBS-Canada Road,14,2,clear,54,0.4529
5,Panchavati Road,5,4,clear,8,0.1151
23,Deolali Road,13,5,clear,26,0.252
5,Panchavati Road,11,4,clear,15,0.1458
27,Sharanpur Road,10,3,rain,89,0.9763
7,Gangapur Road,13,0,clear,60,0.5036
20,Industrial Road,6,1,rain,43,0.5197
16,Pathardi Road,14,1,clear,64,0.4703
6,College Road,10,6,fog,63,0.58
14,Satpur Road,3,3,clear,20,0.1954
1,MG Road,8,5,clear,46,0.4286
26,Mhasrul Link,16,6,clear,8,0.1213
23,Deolali Road,7,2,clear,33,0.3255
16,Pathardi Road,22,6,fog,12,0.1504
14,Satpur Road,10,1,clear,72,0.6595
1,MG Road,20,2,clear,77,0.687
3,CBS-Canada Road,0,2,clear,12,0.1474
13,Nashik Phata Road,10,3,clear,87,0.7315
15,Cidco Road,22,3,clear,35,0.2919
7,Gangapur Road,15,5,fog,7,0.0918
7,Gangapur Road,5,4,clear,7,0.1023
27,Sharanpur Road,9,1,clear,79,0.6687
10,Nashik Phata Road,22,0,clear,18,0.2001
17,Dwarka-CBS Road,20,6,rain,43,0.5564
29,Pathardi Road,17,0,fog,67,0.7907
2,Sharanpur Road,4,0,clear,18,0.1758
14,Satpur Road,18,4,rain,91,1.0
17,Dwarka-CBS Road,21,3,rain,30,0.3303
7,Gangapur Road,4,3,fog,14,0.1642
27,Sharanpur Road,9,6,clear,42,0.4011
21,Ambad-Phata Road,5,3,clear,17,0.1856
7,Gangapur Road,9,4,rain,60,0.8176
8,Indira Nagar Road,12,3,clear,59,0.4362
18,Ambad Link Road,15,2,clear,13,0.1652
17,Dwarka-CBS Road,8,6,clear,56,0.462
2,Sharanpur Road,21,5,clear,20,0.166
22,Nashik-Mumbai Road,6,1,clear,47,0.3987
16,Pathardi Road,16,1,clear,22,0.1876
26,Mhasrul Link,22,6,clear,11,0.1182
22,Nashik-Mumbai Road,20,5,fog,52,0.5225
3,CBS-Canada Road,13,3,clear,51,0.4195
14,Satpur Road,3,6,clear,9,0.0948
9,Commissioner Office Road,22,1,clear,17,0.2156
20,Industrial Road,23,2,clear,17,0.207
14,Satpur Road,0,3,rain,8,0.1249
3,CBS-Canada Road,16,6,clear,13,0.1043
8,Indira Nagar Road,23,1,clear,21,0.2079
5,Panchavati Road,23,6,clear,23,0.2001
30,Agra Road,16,6,clear,7,0.0752
27,Sharanpur Road,13,3,clear,51,0.3989
2,Sharanpur Road,23,5,clear,20,0.1984
19,MIDC Road,21,0,rain,29,0.3452
20,Industrial Road,3,3,clear,6,0.1148
3,CBS-Canada Road,10,4,fog,74,0.7357
2,Sharanpur Road,22,1,clear,35,0.312
6,College Road,23,1,rain,35,0.388
9,Commissioner Office Road,14,2,clear,47,0.4611
18,Ambad Link Road,10,4,fog,96,0.9204
29,Pathardi Road,17,6,rain,47,0.6082
4,Old Pune Road,15,2,fog,6,0.1497
19,MIDC Road,7,6,fog,19,0.2114
9,Commissioner Office Road,22,2,clear,39,0.3271
9,Commissioner Office Road,11,5,clear,5,0.0763
18,Ambad Link Road,2,0,clear,9,0.1211
27,Sharanpur Road,2,5,clear,13,0.0926
27,Sharanpur Road,17,5,clear,44,0.3836
27,Sharanpur Road,21,5,fog,21,0.1931
7,Gangapur Road,17,3,fog,90,0.9014
10,Nashik Phata Road,17,0,clear,91,0.755
9,Commissioner Office Road,2,5,clear,9,0.1101
22,Nashik-Mumbai Road,9,3,clear,81,0.6534
25,Agra Road,12,0,clear,47,0.457
1,MG Road,7,4,clear,46,0.3881
26,Mhasrul Link,15,1,fog,7,0.1339
8,Indira Nagar Road,15,3,rain,6,0.1579
13,Nashik Phata Road,18,5,clear,47,0.4266
18,Ambad Link Road,5,2,clear,14,0.1642
3,CBS-Canada Road,1,1,clear,16,0.153
16,Pathardi Road,13,1,clear,60,0.4883
29,Pathardi Road,4,5,rain,7,0.1138
2,Sharanpur Road,8,3,clear,89,0.7003
27,Sharanpur Road,3,5,clear,4,0.0969
28,Trimbak Road,18,3,clear,84,0.7629
26,Mhasrul Link,4,1,clear,17,0.1805
22,Nashik-Mumbai Road,12,3,rain,67,0.6635
9,Commissioner Office Road,1,0,fog,10,0.1259
10,Nashik Phata Road,22,2,rain,37,0.3972
16,Pathardi Road,9,6,clear,41,0.3901
18,Ambad Link Road,21,1,clear,20,0.1872
6,College Road,21,6,fog,25,0.2529
26,Mhasrul Link,8,5,clear,48,0.3792
3,CBS-Canada Road,12,5,rain,33,0.3587
7,Gangapur Road,6,2,clear,32,0.345
20,Industrial Road,19,2,rain,77,0.9681
20,Industrial Road,5,2,clear,11,0.1601
25,Agra Road,23,2,clear,34,0.2788
14,Satpur Road,6,0,clear,51,0.3722
19,MIDC Road,9,0,clear,85,0.728
29,Pathardi Road,15,4,clear,22,0.1852
13,Nashik Phata Road,9,4,fog,65,0.7234
8,Indira Nagar Road,19,0,clear,67,0.6226
5,Panchavati Road,8,5,clear,56,0.4626
2,Sharanpur Road,8,6,clear,48,0.4092
2,Sharanpur Road,8,2,rain,60,0.8218
5,Panchavati Road,16,1,clear,16,0.1404
15,Cidco Road,0,0,rain,15,0.2418
6,College Road,17,6,clear,59,0.5166
14,Satpur Road,20,2,rain,96,1.0
20,Industrial Road,3,6,clear,14,0.111
25,Agra Road,8,2,clear,87,0.7254
16,Pathardi Road,5,2,clear,15,0.1907
24,Pathardi Road,17,4,clear,82,0.6975
14,Satpur Road,4,6,clear,13,0.1008
5,Panchavati Road,10,6,fog,61,0.5987
23,Deolali Road,22,3,clear,38,0.295
27,Sharanpur Road,17,5,clear,63,0.4686
10,Nashik Phata Road,0,1,rain,21,0.2404
4,Old Pune Road,12,2,rain,53,0.6074
3,CBS-Canada Road,10,0,rain,97,1.0
1,MG Road,21,4,clear,36,0.2863
15,Cidco Road,11,4,clear,17,0.1334
22,Nashik-Mumbai Road,12,4,fog,69,0.596
19,MIDC Road,2,5,clear,7,0.1088
29,Pathardi Road,14,4,rain,65,0.6323
17,Dwarka-CBS Road,15,5,rain,11,0.1692
4,Old Pune Road,23,0,clear,38,0.3062
18,Ambad Link Road,15,5,clear,9,0.1178
10,Nashik Phata Road,7,2,rain,35,0.3874
7,Gangapur Road,6,3,rain,53,0.5871
26,Mhasrul Link,18,1,clear,73,0.6602
11,Trimbak Road,23,0,clear,27,0.2379
2,Sharanpur Road,1,1,clear,10,0.1275
8,Indira Nagar Road,4,1,rain,12,0.1855
4,Old Pune Road,14,5,clear,40,0.3498
6,College Road,8,4,clear,73,0.6455
12,Mhasrul Road,13,2,rain,58,0.6334
4,Old Pune Road,19,1,rain,72,0.8967
27,Sharanpur Road,5,5,clear,8,0.1036
29,Pathardi Road,13,1,fog,56,0.4976
23,Deolali Road,20,0,clear,97,0.7711
